[24-Feb-2025 19:17:07 Europe/Moscow] Script loaded at: 2025-02-24 19:17:07
[24-Feb-2025 19:17:07 Europe/Moscow] Request Method: POST
[24-Feb-2025 19:17:07 Europe/Moscow] Request URI: /api/yggdrasil.php/validate
[24-Feb-2025 19:17:07 Europe/Moscow] Parsed URI: Array
(
    [0] => api
    [1] => yggdrasil.php
    [2] => validate
)

[24-Feb-2025 19:20:07 Europe/Moscow] Script loaded at: 2025-02-24 19:20:07
[24-Feb-2025 19:20:07 Europe/Moscow] Request Method: POST
[24-Feb-2025 19:20:07 Europe/Moscow] Request URI: /api/yggdrasil.php/validate
[24-Feb-2025 19:20:07 Europe/Moscow] Parsed URI: Array
(
    [0] => api
    [1] => yggdrasil.php
    [2] => validate
)

[24-Feb-2025 19:20:23 Europe/Moscow] Script loaded at: 2025-02-24 19:20:23
[24-Feb-2025 19:20:23 Europe/Moscow] Script loaded at: 2025-02-24 19:20:23
[24-Feb-2025 19:20:23 Europe/Moscow] Request Method: GET
[24-Feb-2025 19:20:23 Europe/Moscow] Request Method: GET
[24-Feb-2025 19:20:23 Europe/Moscow] Request URI: /api/yggdrasil.php/publickeys
[24-Feb-2025 19:20:23 Europe/Moscow] Request URI: /api/yggdrasil.php/session/minecraft/profile/473099f1140e4083aad34b55ba00edb0?unsigned=false
[24-Feb-2025 19:20:23 Europe/Moscow] Parsed URI: Array
(
    [0] => api
    [1] => yggdrasil.php
    [2] => publickeys
)

[24-Feb-2025 19:20:23 Europe/Moscow] Parsed URI: Array
(
    [0] => api
    [1] => yggdrasil.php
    [2] => session
    [3] => minecraft
    [4] => profile
    [5] => 473099f1140e4083aad34b55ba00edb0
)

[24-Feb-2025 19:20:23 Europe/Moscow] Handling /publickeys request
[24-Feb-2025 19:20:23 Europe/Moscow] Handling /session/minecraft/profile for uuid: 473099f1-140e-4083-aad3-4b55ba00edb0
[24-Feb-2025 19:20:23 Europe/Moscow] Public keys response prepared: {"profilePropertyKeys":[{"publicKey":"MIIBIjANBgkqhkiG9w0BAQEFAAOCAQ8AMIIBCgKCAQEAw5Fu8JeorNSVXs8a2RNPtWb8vtn65ay7CXgdQ6rA9PReJMYONc\/RCwe272LXlNbrR\/ns7dkKncPySpGXXmZjApLzZktaB3hWObZGAmTOFF4dCAWi9oyRrJ4LivLBd5EODY4LTyKrmUUqS28xUCGfgzh92AsXbxZimahwAscp089etqXCzBvCyNkQe9UfbnzZzTPSsOiBdYlOgLEGkscfXYYkIA\/KdFQsuPp3z4Vj3bwPoeBAVnpHqNiaSdPq840k4iUKEdMxJHMclt8CJXZbr7jqv4RfeoOT+ypkSNckIRkD2QmBf4pPSzI3Qhag2MpS\/FTCMuvCya9Tvp6ckOdEKwIDAQAB","signature":"QdaSf4nTy7JCtnfCFcFB7ISk\/OFEcRFDiKYeDrqviPRWQDiRBtAwXPxihB\/GY9CcwCrp7ppe7gXOc2iRXuwWQRr9E55JwgyG\/20IVXGB+gfooA03e69RHz914XURzulGcY4jWojckDbFAK1AjsmO7q4zyngXnPO6Rguzy2QuRrPFayO3ioN8CDwpV0XHO\/jC4T9H5DnbzuxlC2z2RoJAfRoi72lOcSzFAwrE+A1cBHzfP8sOf7IN9ZUJTvZj0F6XeksueMrl07HVGDBgql3WWF+\/PYWC1M\/67XpnB0DlBdY3KfaAB1pFDPqkp2XShT30+IJjk6A68TjvfsfIj7abaQ=="}]}
[24-Feb-2025 19:20:23 Europe/Moscow] Response prepared: {"id":"473099f1-140e-4083-aad3-4b55ba00edb0","name":"_CyberDemon_","properties":[{"name":"textures","value":"eyJ0aW1lc3RhbXAiOjE3NDA0MTQwMjMsInByb2ZpbGVJZCI6IjQ3MzA5OWYxLTE0MGUtNDA4My1hYWQzLTRiNTViYTAwZWRiMCIsInByb2ZpbGVOYW1lIjoiX0N5YmVyRGVtb25fIiwidGV4dHVyZXMiOnsiU0tJTiI6eyJ1cmwiOiJodHRwczpcL1wvcHJvamVjdC1lY2hvLnJ1XC9za2luc1wvZGVmYXVsdC5wbmcifX19","signature":"sjxI7QPoyBwoOzf6Zurb9wxXpPnEFTdQD1iPXkbYeM4ufY02\/jwxi5JGoKfmqz82OSlAWJ5tNL+\/vYU4llpg4yV+LO8\/F01kRpltdHWyFTZj2HEdzDGYYINgSA68kedr8dStAASVW6OuSTGK6hQB11fg3GshL26s+zrom5\/HyVGsOum7IoR4qERKTJYEKZg5JkQ0DY50NX\/CvO9UTefDsr9nR2FKGQYAqhlvcbiccK3gzCDMkqrhZTEPDD57tFx9wJaFP92ERtO4a\/I3mdqoz7+zRC66416\/Gg5eDcJTgXtEg2Pji0GkqGKUNa+G76i6NFWv7yeUxtbrFUqfY2bEnA=="}],"publicKey":{"key":"MIIBIjANBgkqhkiG9w0BAQEFAAOCAQ8AMIIBCgKCAQEAw5Fu8JeorNSVXs8a2RNPtWb8vtn65ay7CXgdQ6rA9PReJMYONc\/RCwe272LXlNbrR\/ns7dkKncPySpGXXmZjApLzZktaB3hWObZGAmTOFF4dCAWi9oyRrJ4LivLBd5EODY4LTyKrmUUqS28xUCGfgzh92AsXbxZimahwAscp089etqXCzBvCyNkQe9UfbnzZzTPSsOiBdYlOgLEGkscfXYYkIA\/KdFQsuPp3z4Vj3bwPoeBAVnpHqNiaSdPq840k4iUKEdMxJHMclt8CJXZbr7jqv4RfeoOT+ypkSNckIRkD2QmBf4pPSzI3Qhag2MpS\/FTCMuvCya9Tvp6ckOdEKwIDAQAB","signature":"QdaSf4nTy7JCtnfCFcFB7ISk\/OFEcRFDiKYeDrqviPRWQDiRBtAwXPxihB\/GY9CcwCrp7ppe7gXOc2iRXuwWQRr9E55JwgyG\/20IVXGB+gfooA03e69RHz914XURzulGcY4jWojckDbFAK1AjsmO7q4zyngXnPO6Rguzy2QuRrPFayO3ioN8CDwpV0XHO\/jC4T9H5DnbzuxlC2z2RoJAfRoi72lOcSzFAwrE+A1cBHzfP8sOf7IN9ZUJTvZj0F6XeksueMrl07HVGDBgql3WWF+\/PYWC1M\/67XpnB0DlBdY3KfaAB1pFDPqkp2XShT30+IJjk6A68TjvfsfIj7abaQ=="}}
[24-Feb-2025 19:20:51 Europe/Moscow] Script loaded at: 2025-02-24 19:20:51
[24-Feb-2025 19:20:51 Europe/Moscow] Request Method: POST
[24-Feb-2025 19:20:51 Europe/Moscow] Request URI: /api/yggdrasil.php/session/minecraft/join
[24-Feb-2025 19:20:51 Europe/Moscow] Parsed URI: Array
(
    [0] => api
    [1] => yggdrasil.php
    [2] => session
    [3] => minecraft
    [4] => join
)

[24-Feb-2025 19:20:51 Europe/Moscow] Session updated: accessToken=e3341606299ef0339e3fbecd05d5f432, uuid=473099f1-140e-4083-aad3-4b55ba00edb0, serverId=457a602acbc317944d2f88234fc36fe8bb56c6c8
[24-Feb-2025 19:20:51 Europe/Moscow] Script loaded at: 2025-02-24 19:20:51
[24-Feb-2025 19:20:51 Europe/Moscow] Request Method: GET
[24-Feb-2025 19:20:51 Europe/Moscow] Request URI: /api/yggdrasil.php/sessionserver/session/minecraft/hasJoined?serverId=457a602acbc317944d2f88234fc36fe8bb56c6c8&username=_CyberDemon_
[24-Feb-2025 19:20:51 Europe/Moscow] Parsed URI: Array
(
    [0] => api
    [1] => yggdrasil.php
    [2] => sessionserver
    [3] => session
    [4] => minecraft
    [5] => hasJoined
)

[24-Feb-2025 19:20:51 Europe/Moscow] Handling /hasJoined for username: _CyberDemon_, serverId: 457a602acbc317944d2f88234fc36fe8bb56c6c8
[24-Feb-2025 19:20:51 Europe/Moscow] Response prepared for /hasJoined: {"id":"473099f1-140e-4083-aad3-4b55ba00edb0","name":"_CyberDemon_","properties":[{"name":"textures","value":"eyJ0aW1lc3RhbXAiOjE3NDA0MTQwNTEsInByb2ZpbGVJZCI6IjQ3MzA5OWYxLTE0MGUtNDA4My1hYWQzLTRiNTViYTAwZWRiMCIsInByb2ZpbGVOYW1lIjoiX0N5YmVyRGVtb25fIiwidGV4dHVyZXMiOnsiU0tJTiI6eyJ1cmwiOiJodHRwczpcL1wvcHJvamVjdC1lY2hvLnJ1XC9za2luc1wvZGVmYXVsdC5wbmcifX19","signature":"Rv7f1+fLecJlhUHLIn4\/dKQ9dlc4l4vkAiBzYQUDTjhgcB0NJPNxWKyONAMIPuXGOAzJtRGv7NIz5NUHJHgMVXezlLLAndH+B16qCny8sX5fzpLPwFrIpITBwbnMzpDaW9xpWPnhh7v+FxiX3WGriYhleffnfuTlruzdIU0N2IodwISoklZ\/DDUkaNZNlCFoPH6WSEiq6gRU8MukB8qt8DeQOvp1JFopi4gpAiUgij3Dt8+3E+NyhXOZsAoQL+s+hpIQ45fyRWfpBfEs4PuzdUnNH\/rzUHyiFKxdDQiP+F27y6rHhuz4YUjeIseXBc02vutIGJ6onymbf9zO4cIjFA=="}],"publicKey":{"key":"MIIBIjANBgkqhkiG9w0BAQEFAAOCAQ8AMIIBCgKCAQEAw5Fu8JeorNSVXs8a2RNPtWb8vtn65ay7CXgdQ6rA9PReJMYONc\/RCwe272LXlNbrR\/ns7dkKncPySpGXXmZjApLzZktaB3hWObZGAmTOFF4dCAWi9oyRrJ4LivLBd5EODY4LTyKrmUUqS28xUCGfgzh92AsXbxZimahwAscp089etqXCzBvCyNkQe9UfbnzZzTPSsOiBdYlOgLEGkscfXYYkIA\/KdFQsuPp3z4Vj3bwPoeBAVnpHqNiaSdPq840k4iUKEdMxJHMclt8CJXZbr7jqv4RfeoOT+ypkSNckIRkD2QmBf4pPSzI3Qhag2MpS\/FTCMuvCya9Tvp6ckOdEKwIDAQAB","signature":"QdaSf4nTy7JCtnfCFcFB7ISk\/OFEcRFDiKYeDrqviPRWQDiRBtAwXPxihB\/GY9CcwCrp7ppe7gXOc2iRXuwWQRr9E55JwgyG\/20IVXGB+gfooA03e69RHz914XURzulGcY4jWojckDbFAK1AjsmO7q4zyngXnPO6Rguzy2QuRrPFayO3ioN8CDwpV0XHO\/jC4T9H5DnbzuxlC2z2RoJAfRoi72lOcSzFAwrE+A1cBHzfP8sOf7IN9ZUJTvZj0F6XeksueMrl07HVGDBgql3WWF+\/PYWC1M\/67XpnB0DlBdY3KfaAB1pFDPqkp2XShT30+IJjk6A68TjvfsfIj7abaQ=="}}
[24-Feb-2025 19:30:48 Europe/Moscow] Script loaded at: 2025-02-24 19:30:48
[24-Feb-2025 19:30:48 Europe/Moscow] Request Method: POST
[24-Feb-2025 19:30:48 Europe/Moscow] Request URI: /api/yggdrasil.php/authenticate
[24-Feb-2025 19:30:48 Europe/Moscow] Parsed URI: Array
(
    [0] => api
    [1] => yggdrasil.php
    [2] => authenticate
)

[24-Feb-2025 19:30:48 Europe/Moscow] AccessToken saved for authenticate: accessToken=d168494e7d90e6686f9458370473ed68, uuid=473099f1-140e-4083-aad3-4b55ba00edb0
[24-Feb-2025 19:30:48 Europe/Moscow] Script loaded at: 2025-02-24 19:30:48
[24-Feb-2025 19:30:48 Europe/Moscow] Request Method: GET
[24-Feb-2025 19:30:48 Europe/Moscow] Request URI: /api/yggdrasil.php/session/minecraft/profile/473099f1-140e-4083-aad3-4b55ba00edb0
[24-Feb-2025 19:30:48 Europe/Moscow] Parsed URI: Array
(
    [0] => api
    [1] => yggdrasil.php
    [2] => session
    [3] => minecraft
    [4] => profile
    [5] => 473099f1-140e-4083-aad3-4b55ba00edb0
)

[24-Feb-2025 19:30:48 Europe/Moscow] Handling /session/minecraft/profile for uuid: 473099f1-140e-4083-aad3-4b55ba00edb0
[24-Feb-2025 19:30:48 Europe/Moscow] Response prepared: {"id":"473099f1-140e-4083-aad3-4b55ba00edb0","name":"_CyberDemon_","properties":[{"name":"textures","value":"eyJ0aW1lc3RhbXAiOjE3NDA0MTQ2NDgsInByb2ZpbGVJZCI6IjQ3MzA5OWYxLTE0MGUtNDA4My1hYWQzLTRiNTViYTAwZWRiMCIsInByb2ZpbGVOYW1lIjoiX0N5YmVyRGVtb25fIiwidGV4dHVyZXMiOnsiU0tJTiI6eyJ1cmwiOiJodHRwczpcL1wvcHJvamVjdC1lY2hvLnJ1XC9za2luc1wvZGVmYXVsdC5wbmcifX19","signature":"HJYBNP+W2Q3jOwYYaCQjEFK2UnAgzGMVL78j0SgpQKf4dX8huEt+mPRRmDGMkxicK0xIKg4tiiKlEwS8jFBJK4Ra+xuA0HLCAe+EMD423bXoVmyyJA4de6dQWFbLXuQ7HLLXYoOubvDYwok2XIC6p7Wf\/aTKJrA3TDYbN+\/oAEUs2vJnDv\/a0fWAvNuZ\/zKNdNnMnYtuO++sw+kSMpv8KwhEMh2KcavhksYdOUBhSCsNR2tdK0pxTgFLqyOL4X\/tRNNSPOjLAFzLNqEaBuvF2sieZyqccCNx\/0ifZT5ByKRI6nrms\/+SKdYswyWX+QyAoopN59HOXYRS5WR0Htc7jQ=="}],"publicKey":{"key":"MIIBIjANBgkqhkiG9w0BAQEFAAOCAQ8AMIIBCgKCAQEAw5Fu8JeorNSVXs8a2RNPtWb8vtn65ay7CXgdQ6rA9PReJMYONc\/RCwe272LXlNbrR\/ns7dkKncPySpGXXmZjApLzZktaB3hWObZGAmTOFF4dCAWi9oyRrJ4LivLBd5EODY4LTyKrmUUqS28xUCGfgzh92AsXbxZimahwAscp089etqXCzBvCyNkQe9UfbnzZzTPSsOiBdYlOgLEGkscfXYYkIA\/KdFQsuPp3z4Vj3bwPoeBAVnpHqNiaSdPq840k4iUKEdMxJHMclt8CJXZbr7jqv4RfeoOT+ypkSNckIRkD2QmBf4pPSzI3Qhag2MpS\/FTCMuvCya9Tvp6ckOdEKwIDAQAB","signature":"QdaSf4nTy7JCtnfCFcFB7ISk\/OFEcRFDiKYeDrqviPRWQDiRBtAwXPxihB\/GY9CcwCrp7ppe7gXOc2iRXuwWQRr9E55JwgyG\/20IVXGB+gfooA03e69RHz914XURzulGcY4jWojckDbFAK1AjsmO7q4zyngXnPO6Rguzy2QuRrPFayO3ioN8CDwpV0XHO\/jC4T9H5DnbzuxlC2z2RoJAfRoi72lOcSzFAwrE+A1cBHzfP8sOf7IN9ZUJTvZj0F6XeksueMrl07HVGDBgql3WWF+\/PYWC1M\/67XpnB0DlBdY3KfaAB1pFDPqkp2XShT30+IJjk6A68TjvfsfIj7abaQ=="}}
[24-Feb-2025 19:30:56 Europe/Moscow] Script loaded at: 2025-02-24 19:30:56
[24-Feb-2025 19:30:56 Europe/Moscow] Request Method: POST
[24-Feb-2025 19:30:56 Europe/Moscow] Request URI: /api/yggdrasil.php/validate
[24-Feb-2025 19:30:56 Europe/Moscow] Parsed URI: Array
(
    [0] => api
    [1] => yggdrasil.php
    [2] => validate
)

[24-Feb-2025 19:31:11 Europe/Moscow] Script loaded at: 2025-02-24 19:31:11
[24-Feb-2025 19:31:11 Europe/Moscow] Request Method: GET
[24-Feb-2025 19:31:11 Europe/Moscow] Request URI: /api/yggdrasil.php/publickeys
[24-Feb-2025 19:31:11 Europe/Moscow] Parsed URI: Array
(
    [0] => api
    [1] => yggdrasil.php
    [2] => publickeys
)

[24-Feb-2025 19:31:11 Europe/Moscow] Handling /publickeys request
[24-Feb-2025 19:31:11 Europe/Moscow] Public keys response prepared: {"profilePropertyKeys":[{"publicKey":"MIIBIjANBgkqhkiG9w0BAQEFAAOCAQ8AMIIBCgKCAQEAw5Fu8JeorNSVXs8a2RNPtWb8vtn65ay7CXgdQ6rA9PReJMYONc\/RCwe272LXlNbrR\/ns7dkKncPySpGXXmZjApLzZktaB3hWObZGAmTOFF4dCAWi9oyRrJ4LivLBd5EODY4LTyKrmUUqS28xUCGfgzh92AsXbxZimahwAscp089etqXCzBvCyNkQe9UfbnzZzTPSsOiBdYlOgLEGkscfXYYkIA\/KdFQsuPp3z4Vj3bwPoeBAVnpHqNiaSdPq840k4iUKEdMxJHMclt8CJXZbr7jqv4RfeoOT+ypkSNckIRkD2QmBf4pPSzI3Qhag2MpS\/FTCMuvCya9Tvp6ckOdEKwIDAQAB","signature":"QdaSf4nTy7JCtnfCFcFB7ISk\/OFEcRFDiKYeDrqviPRWQDiRBtAwXPxihB\/GY9CcwCrp7ppe7gXOc2iRXuwWQRr9E55JwgyG\/20IVXGB+gfooA03e69RHz914XURzulGcY4jWojckDbFAK1AjsmO7q4zyngXnPO6Rguzy2QuRrPFayO3ioN8CDwpV0XHO\/jC4T9H5DnbzuxlC2z2RoJAfRoi72lOcSzFAwrE+A1cBHzfP8sOf7IN9ZUJTvZj0F6XeksueMrl07HVGDBgql3WWF+\/PYWC1M\/67XpnB0DlBdY3KfaAB1pFDPqkp2XShT30+IJjk6A68TjvfsfIj7abaQ=="}]}
[24-Feb-2025 19:31:11 Europe/Moscow] Script loaded at: 2025-02-24 19:31:11
[24-Feb-2025 19:31:11 Europe/Moscow] Request Method: GET
[24-Feb-2025 19:31:11 Europe/Moscow] Request URI: /api/yggdrasil.php/session/minecraft/profile/473099f1140e4083aad34b55ba00edb0?unsigned=false
[24-Feb-2025 19:31:11 Europe/Moscow] Parsed URI: Array
(
    [0] => api
    [1] => yggdrasil.php
    [2] => session
    [3] => minecraft
    [4] => profile
    [5] => 473099f1140e4083aad34b55ba00edb0
)

[24-Feb-2025 19:31:11 Europe/Moscow] Handling /session/minecraft/profile for uuid: 473099f1-140e-4083-aad3-4b55ba00edb0
[24-Feb-2025 19:31:11 Europe/Moscow] Response prepared: {"id":"473099f1-140e-4083-aad3-4b55ba00edb0","name":"_CyberDemon_","properties":[{"name":"textures","value":"eyJ0aW1lc3RhbXAiOjE3NDA0MTQ2NzEsInByb2ZpbGVJZCI6IjQ3MzA5OWYxLTE0MGUtNDA4My1hYWQzLTRiNTViYTAwZWRiMCIsInByb2ZpbGVOYW1lIjoiX0N5YmVyRGVtb25fIiwidGV4dHVyZXMiOnsiU0tJTiI6eyJ1cmwiOiJodHRwczpcL1wvcHJvamVjdC1lY2hvLnJ1XC9za2luc1wvZGVmYXVsdC5wbmcifX19","signature":"rhHw2C9u2jZYRAeSd7CsdoIxr9Uj880gMTGIWx86PffWx2k1WYfaRXTJXUEtCOne7V6a5Y6Sn\/Ta8C7e+3DwRz0F4gUd3aqJAMGL1G6dBMvpEVBFiFeHJh\/iY5RPGH87\/TmLuAI6d722WesNkOP4G6i+FEvpzQUecZcKS7aUB6lifI5QV5zc3EETSmztD461tNych0hnn9fN0eCpus6S820FA9cs3PVJ3qJotHn59A7wAcWSjW1UCqTaBwx+toHcxUlqW8TEclJfuTO5EfaJUuhhC9TwzI5xeL6iCcxmDFGaUkpZHm+dR3x\/RXQ5PkJADMNfSkjDCkQfwG+2OfpuSA=="}],"publicKey":{"key":"MIIBIjANBgkqhkiG9w0BAQEFAAOCAQ8AMIIBCgKCAQEAw5Fu8JeorNSVXs8a2RNPtWb8vtn65ay7CXgdQ6rA9PReJMYONc\/RCwe272LXlNbrR\/ns7dkKncPySpGXXmZjApLzZktaB3hWObZGAmTOFF4dCAWi9oyRrJ4LivLBd5EODY4LTyKrmUUqS28xUCGfgzh92AsXbxZimahwAscp089etqXCzBvCyNkQe9UfbnzZzTPSsOiBdYlOgLEGkscfXYYkIA\/KdFQsuPp3z4Vj3bwPoeBAVnpHqNiaSdPq840k4iUKEdMxJHMclt8CJXZbr7jqv4RfeoOT+ypkSNckIRkD2QmBf4pPSzI3Qhag2MpS\/FTCMuvCya9Tvp6ckOdEKwIDAQAB","signature":"QdaSf4nTy7JCtnfCFcFB7ISk\/OFEcRFDiKYeDrqviPRWQDiRBtAwXPxihB\/GY9CcwCrp7ppe7gXOc2iRXuwWQRr9E55JwgyG\/20IVXGB+gfooA03e69RHz914XURzulGcY4jWojckDbFAK1AjsmO7q4zyngXnPO6Rguzy2QuRrPFayO3ioN8CDwpV0XHO\/jC4T9H5DnbzuxlC2z2RoJAfRoi72lOcSzFAwrE+A1cBHzfP8sOf7IN9ZUJTvZj0F6XeksueMrl07HVGDBgql3WWF+\/PYWC1M\/67XpnB0DlBdY3KfaAB1pFDPqkp2XShT30+IJjk6A68TjvfsfIj7abaQ=="}}
[24-Feb-2025 19:31:44 Europe/Moscow] Script loaded at: 2025-02-24 19:31:44
[24-Feb-2025 19:31:44 Europe/Moscow] Request Method: POST
[24-Feb-2025 19:31:44 Europe/Moscow] Request URI: /api/yggdrasil.php/session/minecraft/join
[24-Feb-2025 19:31:44 Europe/Moscow] Parsed URI: Array
(
    [0] => api
    [1] => yggdrasil.php
    [2] => session
    [3] => minecraft
    [4] => join
)

[24-Feb-2025 19:31:44 Europe/Moscow] Session updated: accessToken=d168494e7d90e6686f9458370473ed68, uuid=473099f1-140e-4083-aad3-4b55ba00edb0, serverId=-2ca57c43a37b8d0343793103984f72c22c949520
[24-Feb-2025 19:31:44 Europe/Moscow] Script loaded at: 2025-02-24 19:31:44
[24-Feb-2025 19:31:44 Europe/Moscow] Request Method: GET
[24-Feb-2025 19:31:44 Europe/Moscow] Request URI: /api/yggdrasil.php/sessionserver/session/minecraft/hasJoined?serverId=-2ca57c43a37b8d0343793103984f72c22c949520&username=_CyberDemon_
[24-Feb-2025 19:31:44 Europe/Moscow] Parsed URI: Array
(
    [0] => api
    [1] => yggdrasil.php
    [2] => sessionserver
    [3] => session
    [4] => minecraft
    [5] => hasJoined
)

[24-Feb-2025 19:31:44 Europe/Moscow] Handling /hasJoined for username: _CyberDemon_, serverId: -2ca57c43a37b8d0343793103984f72c22c949520
[24-Feb-2025 19:31:44 Europe/Moscow] Response prepared for /hasJoined: {"id":"473099f1-140e-4083-aad3-4b55ba00edb0","name":"_CyberDemon_","properties":[{"name":"textures","value":"eyJ0aW1lc3RhbXAiOjE3NDA0MTQ3MDQsInByb2ZpbGVJZCI6IjQ3MzA5OWYxLTE0MGUtNDA4My1hYWQzLTRiNTViYTAwZWRiMCIsInByb2ZpbGVOYW1lIjoiX0N5YmVyRGVtb25fIiwidGV4dHVyZXMiOnsiU0tJTiI6eyJ1cmwiOiJodHRwczpcL1wvcHJvamVjdC1lY2hvLnJ1XC9za2luc1wvZGVmYXVsdC5wbmcifX19","signature":"c067IyQQLxGZQRuZ8M0zsJxRXKskInsZcyoR\/+k\/\/ziK6kZCHt3zaOnsTOkGGdEDf7geSNoQJmOYqrA+DojXZfrH95irOWit5Evn3hMvt9dnrzAWI3papbm7hAPRt9A5fjtK6ElaFpKsoJBx126dzIpLusrSfYTnNhHvcDjyR4D3zOXBuBHi32NBUaqWpREefcHmT4ToMPRLcg0arwLwEC7M\/AcFJ8gzTIAJu4SrXmueUP7UX8F7F3PrjQxmuqUDjy0xaccyH8Bt84Gec2rXfHXAisLoy84+gLgjZ1jUc7UAHYFQdOPmMwlVld+79rrENyrXh35KTtyNvz8tbS8Bsg=="}],"publicKey":{"key":"MIIBIjANBgkqhkiG9w0BAQEFAAOCAQ8AMIIBCgKCAQEAw5Fu8JeorNSVXs8a2RNPtWb8vtn65ay7CXgdQ6rA9PReJMYONc\/RCwe272LXlNbrR\/ns7dkKncPySpGXXmZjApLzZktaB3hWObZGAmTOFF4dCAWi9oyRrJ4LivLBd5EODY4LTyKrmUUqS28xUCGfgzh92AsXbxZimahwAscp089etqXCzBvCyNkQe9UfbnzZzTPSsOiBdYlOgLEGkscfXYYkIA\/KdFQsuPp3z4Vj3bwPoeBAVnpHqNiaSdPq840k4iUKEdMxJHMclt8CJXZbr7jqv4RfeoOT+ypkSNckIRkD2QmBf4pPSzI3Qhag2MpS\/FTCMuvCya9Tvp6ckOdEKwIDAQAB","signature":"QdaSf4nTy7JCtnfCFcFB7ISk\/OFEcRFDiKYeDrqviPRWQDiRBtAwXPxihB\/GY9CcwCrp7ppe7gXOc2iRXuwWQRr9E55JwgyG\/20IVXGB+gfooA03e69RHz914XURzulGcY4jWojckDbFAK1AjsmO7q4zyngXnPO6Rguzy2QuRrPFayO3ioN8CDwpV0XHO\/jC4T9H5DnbzuxlC2z2RoJAfRoi72lOcSzFAwrE+A1cBHzfP8sOf7IN9ZUJTvZj0F6XeksueMrl07HVGDBgql3WWF+\/PYWC1M\/67XpnB0DlBdY3KfaAB1pFDPqkp2XShT30+IJjk6A68TjvfsfIj7abaQ=="}}
[24-Feb-2025 19:32:15 Europe/Moscow] Script loaded at: 2025-02-24 19:32:15
[24-Feb-2025 19:32:15 Europe/Moscow] Request Method: POST
[24-Feb-2025 19:32:15 Europe/Moscow] Request URI: /api/yggdrasil.php/session/minecraft/join
[24-Feb-2025 19:32:15 Europe/Moscow] Parsed URI: Array
(
    [0] => api
    [1] => yggdrasil.php
    [2] => session
    [3] => minecraft
    [4] => join
)

[24-Feb-2025 19:32:15 Europe/Moscow] Session updated: accessToken=d168494e7d90e6686f9458370473ed68, uuid=473099f1-140e-4083-aad3-4b55ba00edb0, serverId=7e8227c1dc147381bbe525649fbc093289c9297
[24-Feb-2025 19:32:15 Europe/Moscow] Script loaded at: 2025-02-24 19:32:15
[24-Feb-2025 19:32:15 Europe/Moscow] Request Method: GET
[24-Feb-2025 19:32:15 Europe/Moscow] Request URI: /api/yggdrasil.php/sessionserver/session/minecraft/hasJoined?serverId=7e8227c1dc147381bbe525649fbc093289c9297&username=_CyberDemon_
[24-Feb-2025 19:32:15 Europe/Moscow] Parsed URI: Array
(
    [0] => api
    [1] => yggdrasil.php
    [2] => sessionserver
    [3] => session
    [4] => minecraft
    [5] => hasJoined
)

[24-Feb-2025 19:32:15 Europe/Moscow] Handling /hasJoined for username: _CyberDemon_, serverId: 7e8227c1dc147381bbe525649fbc093289c9297
[24-Feb-2025 19:32:15 Europe/Moscow] Response prepared for /hasJoined: {"id":"473099f1-140e-4083-aad3-4b55ba00edb0","name":"_CyberDemon_","properties":[{"name":"textures","value":"eyJ0aW1lc3RhbXAiOjE3NDA0MTQ3MzUsInByb2ZpbGVJZCI6IjQ3MzA5OWYxLTE0MGUtNDA4My1hYWQzLTRiNTViYTAwZWRiMCIsInByb2ZpbGVOYW1lIjoiX0N5YmVyRGVtb25fIiwidGV4dHVyZXMiOnsiU0tJTiI6eyJ1cmwiOiJodHRwczpcL1wvcHJvamVjdC1lY2hvLnJ1XC9za2luc1wvZGVmYXVsdC5wbmcifX19","signature":"owo82pXQ5l8+3rYPUyBhhmMlffJHnZuO9q+UlS4258Z5pCQ+33YEb6YPXJ70Xh7tc1UFGTYodJ\/k7GJ2YZ2Y6mpzt76eurJDy1niHiL6PY+wggNkv8fHNkZ5aEIS6qOP+98uuXLBbFNmUL6aHN\/0m2MRjCj2JMHIENpBaKHhVJWERygw0dvizDDP1IHwcjvRngTR4NxZKwPLU+\/bXpAW40K99nNTuL2llbQ4ODTU5aXIlwt7LUayr66HLBFy288Y8uRSUWx+JThjX2TIqTPZED5RF3wMYSpymrV3fBB+WIDjH3ZmiVyOjADXDf5m+2E2zKVGxcTkSiHQLLCJuv\/XIw=="}],"publicKey":{"key":"MIIBIjANBgkqhkiG9w0BAQEFAAOCAQ8AMIIBCgKCAQEAw5Fu8JeorNSVXs8a2RNPtWb8vtn65ay7CXgdQ6rA9PReJMYONc\/RCwe272LXlNbrR\/ns7dkKncPySpGXXmZjApLzZktaB3hWObZGAmTOFF4dCAWi9oyRrJ4LivLBd5EODY4LTyKrmUUqS28xUCGfgzh92AsXbxZimahwAscp089etqXCzBvCyNkQe9UfbnzZzTPSsOiBdYlOgLEGkscfXYYkIA\/KdFQsuPp3z4Vj3bwPoeBAVnpHqNiaSdPq840k4iUKEdMxJHMclt8CJXZbr7jqv4RfeoOT+ypkSNckIRkD2QmBf4pPSzI3Qhag2MpS\/FTCMuvCya9Tvp6ckOdEKwIDAQAB","signature":"QdaSf4nTy7JCtnfCFcFB7ISk\/OFEcRFDiKYeDrqviPRWQDiRBtAwXPxihB\/GY9CcwCrp7ppe7gXOc2iRXuwWQRr9E55JwgyG\/20IVXGB+gfooA03e69RHz914XURzulGcY4jWojckDbFAK1AjsmO7q4zyngXnPO6Rguzy2QuRrPFayO3ioN8CDwpV0XHO\/jC4T9H5DnbzuxlC2z2RoJAfRoi72lOcSzFAwrE+A1cBHzfP8sOf7IN9ZUJTvZj0F6XeksueMrl07HVGDBgql3WWF+\/PYWC1M\/67XpnB0DlBdY3KfaAB1pFDPqkp2XShT30+IJjk6A68TjvfsfIj7abaQ=="}}
[24-Feb-2025 19:50:20 Europe/Moscow] Script loaded at: 2025-02-24 19:50:20
[24-Feb-2025 19:50:20 Europe/Moscow] Request Method: POST
[24-Feb-2025 19:50:20 Europe/Moscow] Request URI: /api/yggdrasil.php/validate
[24-Feb-2025 19:50:20 Europe/Moscow] Parsed URI: Array
(
    [0] => api
    [1] => yggdrasil.php
    [2] => validate
)

[24-Feb-2025 19:50:32 Europe/Moscow] Script loaded at: 2025-02-24 19:50:32
[24-Feb-2025 19:50:32 Europe/Moscow] Request Method: GET
[24-Feb-2025 19:50:32 Europe/Moscow] Request URI: /api/yggdrasil.php/session/minecraft/profile/473099f1140e4083aad34b55ba00edb0?unsigned=false
[24-Feb-2025 19:50:32 Europe/Moscow] Parsed URI: Array
(
    [0] => api
    [1] => yggdrasil.php
    [2] => session
    [3] => minecraft
    [4] => profile
    [5] => 473099f1140e4083aad34b55ba00edb0
)

[24-Feb-2025 19:50:32 Europe/Moscow] Handling /session/minecraft/profile for uuid: 473099f1-140e-4083-aad3-4b55ba00edb0
[24-Feb-2025 19:50:32 Europe/Moscow] Response prepared: {"id":"473099f1-140e-4083-aad3-4b55ba00edb0","name":"_CyberDemon_","properties":[{"name":"textures","value":"eyJ0aW1lc3RhbXAiOjE3NDA0MTU4MzIsInByb2ZpbGVJZCI6IjQ3MzA5OWYxLTE0MGUtNDA4My1hYWQzLTRiNTViYTAwZWRiMCIsInByb2ZpbGVOYW1lIjoiX0N5YmVyRGVtb25fIiwidGV4dHVyZXMiOnsiU0tJTiI6eyJ1cmwiOiJodHRwczpcL1wvcHJvamVjdC1lY2hvLnJ1XC9za2luc1wvZGVmYXVsdC5wbmcifX19","signature":"YBF1s3JrUM2MQHWsvR\/aeROo2lI3pcEPqB5zcLJoDaC1cOjFASuHZsAchLdFMnTaU5iDonTMI3whlKp7jEMSjkEqua4HSIjEQnsM39YaaBP6WYx6oe3HX56xoA0itjnvFdA8fwDziZ3DWFM8llHZRMFQGF7q4OLo9khQ9rEa\/pPTAuKV9Eqbv7M\/\/la8KSVXEgW+A9ulRAO33KFkva+CHBmxjvRPLJtOPzjx7n\/bO0BWk17dbfXoo1sJqbGwmpFpO2b7OlMfG0oMkt5nZBIjjlIxHJ0ZPgmmRjwiGXwWEu2dzkCAK6txPdHQuDUMOuUcny1TeYc\/UihrpLNF2rRGdQ=="}],"publicKey":{"key":"MIIBIjANBgkqhkiG9w0BAQEFAAOCAQ8AMIIBCgKCAQEAw5Fu8JeorNSVXs8a2RNPtWb8vtn65ay7CXgdQ6rA9PReJMYONc\/RCwe272LXlNbrR\/ns7dkKncPySpGXXmZjApLzZktaB3hWObZGAmTOFF4dCAWi9oyRrJ4LivLBd5EODY4LTyKrmUUqS28xUCGfgzh92AsXbxZimahwAscp089etqXCzBvCyNkQe9UfbnzZzTPSsOiBdYlOgLEGkscfXYYkIA\/KdFQsuPp3z4Vj3bwPoeBAVnpHqNiaSdPq840k4iUKEdMxJHMclt8CJXZbr7jqv4RfeoOT+ypkSNckIRkD2QmBf4pPSzI3Qhag2MpS\/FTCMuvCya9Tvp6ckOdEKwIDAQAB","signature":"QdaSf4nTy7JCtnfCFcFB7ISk\/OFEcRFDiKYeDrqviPRWQDiRBtAwXPxihB\/GY9CcwCrp7ppe7gXOc2iRXuwWQRr9E55JwgyG\/20IVXGB+gfooA03e69RHz914XURzulGcY4jWojckDbFAK1AjsmO7q4zyngXnPO6Rguzy2QuRrPFayO3ioN8CDwpV0XHO\/jC4T9H5DnbzuxlC2z2RoJAfRoi72lOcSzFAwrE+A1cBHzfP8sOf7IN9ZUJTvZj0F6XeksueMrl07HVGDBgql3WWF+\/PYWC1M\/67XpnB0DlBdY3KfaAB1pFDPqkp2XShT30+IJjk6A68TjvfsfIj7abaQ=="}}
[24-Feb-2025 19:50:32 Europe/Moscow] Script loaded at: 2025-02-24 19:50:32
[24-Feb-2025 19:50:32 Europe/Moscow] Request Method: GET
[24-Feb-2025 19:50:32 Europe/Moscow] Request URI: /api/yggdrasil.php/publickeys
[24-Feb-2025 19:50:32 Europe/Moscow] Parsed URI: Array
(
    [0] => api
    [1] => yggdrasil.php
    [2] => publickeys
)

[24-Feb-2025 19:50:32 Europe/Moscow] Handling /publickeys request
[24-Feb-2025 19:50:32 Europe/Moscow] Public keys response prepared: {"profilePropertyKeys":[{"publicKey":"MIIBIjANBgkqhkiG9w0BAQEFAAOCAQ8AMIIBCgKCAQEAw5Fu8JeorNSVXs8a2RNPtWb8vtn65ay7CXgdQ6rA9PReJMYONc\/RCwe272LXlNbrR\/ns7dkKncPySpGXXmZjApLzZktaB3hWObZGAmTOFF4dCAWi9oyRrJ4LivLBd5EODY4LTyKrmUUqS28xUCGfgzh92AsXbxZimahwAscp089etqXCzBvCyNkQe9UfbnzZzTPSsOiBdYlOgLEGkscfXYYkIA\/KdFQsuPp3z4Vj3bwPoeBAVnpHqNiaSdPq840k4iUKEdMxJHMclt8CJXZbr7jqv4RfeoOT+ypkSNckIRkD2QmBf4pPSzI3Qhag2MpS\/FTCMuvCya9Tvp6ckOdEKwIDAQAB","signature":"QdaSf4nTy7JCtnfCFcFB7ISk\/OFEcRFDiKYeDrqviPRWQDiRBtAwXPxihB\/GY9CcwCrp7ppe7gXOc2iRXuwWQRr9E55JwgyG\/20IVXGB+gfooA03e69RHz914XURzulGcY4jWojckDbFAK1AjsmO7q4zyngXnPO6Rguzy2QuRrPFayO3ioN8CDwpV0XHO\/jC4T9H5DnbzuxlC2z2RoJAfRoi72lOcSzFAwrE+A1cBHzfP8sOf7IN9ZUJTvZj0F6XeksueMrl07HVGDBgql3WWF+\/PYWC1M\/67XpnB0DlBdY3KfaAB1pFDPqkp2XShT30+IJjk6A68TjvfsfIj7abaQ=="}]}
[24-Feb-2025 19:50:51 Europe/Moscow] Script loaded at: 2025-02-24 19:50:51
[24-Feb-2025 19:50:51 Europe/Moscow] Request Method: POST
[24-Feb-2025 19:50:51 Europe/Moscow] Request URI: /api/yggdrasil.php/session/minecraft/join
[24-Feb-2025 19:50:51 Europe/Moscow] Parsed URI: Array
(
    [0] => api
    [1] => yggdrasil.php
    [2] => session
    [3] => minecraft
    [4] => join
)

[24-Feb-2025 19:50:51 Europe/Moscow] Session updated: accessToken=d168494e7d90e6686f9458370473ed68, uuid=473099f1-140e-4083-aad3-4b55ba00edb0, serverId=758855f288503e673d38cfd4a5bfeba1ecaf7156
[24-Feb-2025 19:50:52 Europe/Moscow] Script loaded at: 2025-02-24 19:50:52
[24-Feb-2025 19:50:52 Europe/Moscow] Request Method: GET
[24-Feb-2025 19:50:52 Europe/Moscow] Request URI: /api/yggdrasil.php/sessionserver/session/minecraft/hasJoined?serverId=758855f288503e673d38cfd4a5bfeba1ecaf7156&username=_CyberDemon_
[24-Feb-2025 19:50:52 Europe/Moscow] Parsed URI: Array
(
    [0] => api
    [1] => yggdrasil.php
    [2] => sessionserver
    [3] => session
    [4] => minecraft
    [5] => hasJoined
)

[24-Feb-2025 19:50:52 Europe/Moscow] Handling /hasJoined for username: _CyberDemon_, serverId: 758855f288503e673d38cfd4a5bfeba1ecaf7156
[24-Feb-2025 19:50:52 Europe/Moscow] Response prepared for /hasJoined: {"id":"473099f1-140e-4083-aad3-4b55ba00edb0","name":"_CyberDemon_","properties":[{"name":"textures","value":"eyJ0aW1lc3RhbXAiOjE3NDA0MTU4NTIsInByb2ZpbGVJZCI6IjQ3MzA5OWYxLTE0MGUtNDA4My1hYWQzLTRiNTViYTAwZWRiMCIsInByb2ZpbGVOYW1lIjoiX0N5YmVyRGVtb25fIiwidGV4dHVyZXMiOnsiU0tJTiI6eyJ1cmwiOiJodHRwczpcL1wvcHJvamVjdC1lY2hvLnJ1XC9za2luc1wvZGVmYXVsdC5wbmcifX19","signature":"rEpT9nEpIcf0f5JUhvoAro57v9+qSVyMw4OP+PiEcDUyzlOaCfqdj5CVQAeIXug34P1GwGMsFKagH\/DZ0OWX0J4VMt2xPOV607mKOjsSLAbdFWvakkVlzBlb0JxDOBnDJcUaHCm\/O54aJItmomvDxltPSzJoBqidF71EPLAMMeN7fCxuLDnJ9n1aUAYUE09tpAha\/jYYqcJrQbOCdoU9XAlNidpGnHCwiekr5xCF7ZS22oBlhn4u8XfkFPRUFfbRMkGjLZ1D6H531NowmSAWk6FvDb477+oG1Jvyu9kA6RdQwAFSj+UDFGoc4QGhpwu1lZYTsMvNWIpOFWxGxgVIDQ=="}],"publicKey":{"key":"MIIBIjANBgkqhkiG9w0BAQEFAAOCAQ8AMIIBCgKCAQEAw5Fu8JeorNSVXs8a2RNPtWb8vtn65ay7CXgdQ6rA9PReJMYONc\/RCwe272LXlNbrR\/ns7dkKncPySpGXXmZjApLzZktaB3hWObZGAmTOFF4dCAWi9oyRrJ4LivLBd5EODY4LTyKrmUUqS28xUCGfgzh92AsXbxZimahwAscp089etqXCzBvCyNkQe9UfbnzZzTPSsOiBdYlOgLEGkscfXYYkIA\/KdFQsuPp3z4Vj3bwPoeBAVnpHqNiaSdPq840k4iUKEdMxJHMclt8CJXZbr7jqv4RfeoOT+ypkSNckIRkD2QmBf4pPSzI3Qhag2MpS\/FTCMuvCya9Tvp6ckOdEKwIDAQAB","signature":"QdaSf4nTy7JCtnfCFcFB7ISk\/OFEcRFDiKYeDrqviPRWQDiRBtAwXPxihB\/GY9CcwCrp7ppe7gXOc2iRXuwWQRr9E55JwgyG\/20IVXGB+gfooA03e69RHz914XURzulGcY4jWojckDbFAK1AjsmO7q4zyngXnPO6Rguzy2QuRrPFayO3ioN8CDwpV0XHO\/jC4T9H5DnbzuxlC2z2RoJAfRoi72lOcSzFAwrE+A1cBHzfP8sOf7IN9ZUJTvZj0F6XeksueMrl07HVGDBgql3WWF+\/PYWC1M\/67XpnB0DlBdY3KfaAB1pFDPqkp2XShT30+IJjk6A68TjvfsfIj7abaQ=="}}
[24-Feb-2025 20:15:27 Europe/Moscow] Script loaded at: 2025-02-24 20:15:27
[24-Feb-2025 20:15:27 Europe/Moscow] Request Method: GET
[24-Feb-2025 20:15:27 Europe/Moscow] Request URI: /api/yggdrasil.php/publickeys
[24-Feb-2025 20:15:27 Europe/Moscow] Parsed URI: Array
(
    [0] => api
    [1] => yggdrasil.php
    [2] => publickeys
)

[24-Feb-2025 20:15:27 Europe/Moscow] Handling /publickeys request
[24-Feb-2025 20:15:27 Europe/Moscow] Public keys response prepared: {"profilePropertyKeys":[{"publicKey":"MIIBIjANBgkqhkiG9w0BAQEFAAOCAQ8AMIIBCgKCAQEAw5Fu8JeorNSVXs8a2RNPtWb8vtn65ay7CXgdQ6rA9PReJMYONc\/RCwe272LXlNbrR\/ns7dkKncPySpGXXmZjApLzZktaB3hWObZGAmTOFF4dCAWi9oyRrJ4LivLBd5EODY4LTyKrmUUqS28xUCGfgzh92AsXbxZimahwAscp089etqXCzBvCyNkQe9UfbnzZzTPSsOiBdYlOgLEGkscfXYYkIA\/KdFQsuPp3z4Vj3bwPoeBAVnpHqNiaSdPq840k4iUKEdMxJHMclt8CJXZbr7jqv4RfeoOT+ypkSNckIRkD2QmBf4pPSzI3Qhag2MpS\/FTCMuvCya9Tvp6ckOdEKwIDAQAB","signature":"QdaSf4nTy7JCtnfCFcFB7ISk\/OFEcRFDiKYeDrqviPRWQDiRBtAwXPxihB\/GY9CcwCrp7ppe7gXOc2iRXuwWQRr9E55JwgyG\/20IVXGB+gfooA03e69RHz914XURzulGcY4jWojckDbFAK1AjsmO7q4zyngXnPO6Rguzy2QuRrPFayO3ioN8CDwpV0XHO\/jC4T9H5DnbzuxlC2z2RoJAfRoi72lOcSzFAwrE+A1cBHzfP8sOf7IN9ZUJTvZj0F6XeksueMrl07HVGDBgql3WWF+\/PYWC1M\/67XpnB0DlBdY3KfaAB1pFDPqkp2XShT30+IJjk6A68TjvfsfIj7abaQ=="}]}
[24-Feb-2025 20:16:19 Europe/Moscow] Script loaded at: 2025-02-24 20:16:19
[24-Feb-2025 20:16:19 Europe/Moscow] Request Method: GET
[24-Feb-2025 20:16:19 Europe/Moscow] Request URI: /api/yggdrasil.php
[24-Feb-2025 20:16:19 Europe/Moscow] Parsed URI: Array
(
    [0] => api
    [1] => yggdrasil.php
)

[24-Feb-2025 20:16:29 Europe/Moscow] Script loaded at: 2025-02-24 20:16:29
[24-Feb-2025 20:16:29 Europe/Moscow] Request Method: POST
[24-Feb-2025 20:16:29 Europe/Moscow] Request URI: /api/yggdrasil.php/validate
[24-Feb-2025 20:16:29 Europe/Moscow] Parsed URI: Array
(
    [0] => api
    [1] => yggdrasil.php
    [2] => validate
)

[24-Feb-2025 20:16:29 Europe/Moscow] Script loaded at: 2025-02-24 20:16:29
[24-Feb-2025 20:16:29 Europe/Moscow] Request Method: GET
[24-Feb-2025 20:16:29 Europe/Moscow] Request URI: /api/yggdrasil.php/publickeys
[24-Feb-2025 20:16:29 Europe/Moscow] Parsed URI: Array
(
    [0] => api
    [1] => yggdrasil.php
    [2] => publickeys
)

[24-Feb-2025 20:16:29 Europe/Moscow] Handling /publickeys request
[24-Feb-2025 20:16:29 Europe/Moscow] Public keys response prepared: {"profilePropertyKeys":[{"publicKey":"MIIBIjANBgkqhkiG9w0BAQEFAAOCAQ8AMIIBCgKCAQEAw5Fu8JeorNSVXs8a2RNPtWb8vtn65ay7CXgdQ6rA9PReJMYONc\/RCwe272LXlNbrR\/ns7dkKncPySpGXXmZjApLzZktaB3hWObZGAmTOFF4dCAWi9oyRrJ4LivLBd5EODY4LTyKrmUUqS28xUCGfgzh92AsXbxZimahwAscp089etqXCzBvCyNkQe9UfbnzZzTPSsOiBdYlOgLEGkscfXYYkIA\/KdFQsuPp3z4Vj3bwPoeBAVnpHqNiaSdPq840k4iUKEdMxJHMclt8CJXZbr7jqv4RfeoOT+ypkSNckIRkD2QmBf4pPSzI3Qhag2MpS\/FTCMuvCya9Tvp6ckOdEKwIDAQAB","signature":"QdaSf4nTy7JCtnfCFcFB7ISk\/OFEcRFDiKYeDrqviPRWQDiRBtAwXPxihB\/GY9CcwCrp7ppe7gXOc2iRXuwWQRr9E55JwgyG\/20IVXGB+gfooA03e69RHz914XURzulGcY4jWojckDbFAK1AjsmO7q4zyngXnPO6Rguzy2QuRrPFayO3ioN8CDwpV0XHO\/jC4T9H5DnbzuxlC2z2RoJAfRoi72lOcSzFAwrE+A1cBHzfP8sOf7IN9ZUJTvZj0F6XeksueMrl07HVGDBgql3WWF+\/PYWC1M\/67XpnB0DlBdY3KfaAB1pFDPqkp2XShT30+IJjk6A68TjvfsfIj7abaQ=="}]}
[24-Feb-2025 20:16:39 Europe/Moscow] Script loaded at: 2025-02-24 20:16:39
[24-Feb-2025 20:16:39 Europe/Moscow] Request Method: GET
[24-Feb-2025 20:16:39 Europe/Moscow] Request URI: /api/yggdrasil.php/publickeys
[24-Feb-2025 20:16:39 Europe/Moscow] Script loaded at: 2025-02-24 20:16:39
[24-Feb-2025 20:16:39 Europe/Moscow] Request Method: GET
[24-Feb-2025 20:16:39 Europe/Moscow] Parsed URI: Array
(
    [0] => api
    [1] => yggdrasil.php
    [2] => publickeys
)

[24-Feb-2025 20:16:39 Europe/Moscow] Request URI: /api/yggdrasil.php/session/minecraft/profile/473099f1140e4083aad34b55ba00edb0?unsigned=false
[24-Feb-2025 20:16:39 Europe/Moscow] Handling /publickeys request
[24-Feb-2025 20:16:39 Europe/Moscow] Parsed URI: Array
(
    [0] => api
    [1] => yggdrasil.php
    [2] => session
    [3] => minecraft
    [4] => profile
    [5] => 473099f1140e4083aad34b55ba00edb0
)

[24-Feb-2025 20:16:39 Europe/Moscow] Handling /session/minecraft/profile for uuid: 473099f1-140e-4083-aad3-4b55ba00edb0
[24-Feb-2025 20:16:39 Europe/Moscow] Public keys response prepared: {"profilePropertyKeys":[{"publicKey":"MIIBIjANBgkqhkiG9w0BAQEFAAOCAQ8AMIIBCgKCAQEAw5Fu8JeorNSVXs8a2RNPtWb8vtn65ay7CXgdQ6rA9PReJMYONc\/RCwe272LXlNbrR\/ns7dkKncPySpGXXmZjApLzZktaB3hWObZGAmTOFF4dCAWi9oyRrJ4LivLBd5EODY4LTyKrmUUqS28xUCGfgzh92AsXbxZimahwAscp089etqXCzBvCyNkQe9UfbnzZzTPSsOiBdYlOgLEGkscfXYYkIA\/KdFQsuPp3z4Vj3bwPoeBAVnpHqNiaSdPq840k4iUKEdMxJHMclt8CJXZbr7jqv4RfeoOT+ypkSNckIRkD2QmBf4pPSzI3Qhag2MpS\/FTCMuvCya9Tvp6ckOdEKwIDAQAB","signature":"QdaSf4nTy7JCtnfCFcFB7ISk\/OFEcRFDiKYeDrqviPRWQDiRBtAwXPxihB\/GY9CcwCrp7ppe7gXOc2iRXuwWQRr9E55JwgyG\/20IVXGB+gfooA03e69RHz914XURzulGcY4jWojckDbFAK1AjsmO7q4zyngXnPO6Rguzy2QuRrPFayO3ioN8CDwpV0XHO\/jC4T9H5DnbzuxlC2z2RoJAfRoi72lOcSzFAwrE+A1cBHzfP8sOf7IN9ZUJTvZj0F6XeksueMrl07HVGDBgql3WWF+\/PYWC1M\/67XpnB0DlBdY3KfaAB1pFDPqkp2XShT30+IJjk6A68TjvfsfIj7abaQ=="}]}
[24-Feb-2025 20:16:39 Europe/Moscow] Response prepared: {"id":"473099f1-140e-4083-aad3-4b55ba00edb0","name":"_CyberDemon_","properties":[{"name":"textures","value":"eyJ0aW1lc3RhbXAiOjE3NDA0MTczOTksInByb2ZpbGVJZCI6IjQ3MzA5OWYxLTE0MGUtNDA4My1hYWQzLTRiNTViYTAwZWRiMCIsInByb2ZpbGVOYW1lIjoiX0N5YmVyRGVtb25fIiwidGV4dHVyZXMiOnsiU0tJTiI6eyJ1cmwiOiJodHRwczpcL1wvcHJvamVjdC1lY2hvLnJ1XC9za2luc1wvZGVmYXVsdC5wbmcifX19","signature":"m+tWTkO36pjWgJgr2uK\/G8DrJ81jt9ujZ\/2AAXhtSCu+I6T9RK0PLw0kVpqtxLvijx7qrU+TuRVbWDhg\/rPYEduLxdT3KNIUPtp\/zIyC7WHDnn32kONtCbCWv6f57UWkxvPU4JNNIzekrtWmuDnzh56NAwalmavoxq5hfc9GqO4CXpIIhb1hx12eCXBftA8HJwMhx\/3oMLIVaw\/4tMoEpVYDlUpmXPct2vrWyvQjAsa8\/Sxv7WQZDuabkkS3zgmF9hitdgNjqbDyuxHqgeryOZJnTQLjZ6uY6LDDyZn1o1s7ggiuvUfK9dRYbi9Pp08eFXajLIS5nkoC3uE2EE9kFA=="}],"publicKey":{"key":"MIIBIjANBgkqhkiG9w0BAQEFAAOCAQ8AMIIBCgKCAQEAw5Fu8JeorNSVXs8a2RNPtWb8vtn65ay7CXgdQ6rA9PReJMYONc\/RCwe272LXlNbrR\/ns7dkKncPySpGXXmZjApLzZktaB3hWObZGAmTOFF4dCAWi9oyRrJ4LivLBd5EODY4LTyKrmUUqS28xUCGfgzh92AsXbxZimahwAscp089etqXCzBvCyNkQe9UfbnzZzTPSsOiBdYlOgLEGkscfXYYkIA\/KdFQsuPp3z4Vj3bwPoeBAVnpHqNiaSdPq840k4iUKEdMxJHMclt8CJXZbr7jqv4RfeoOT+ypkSNckIRkD2QmBf4pPSzI3Qhag2MpS\/FTCMuvCya9Tvp6ckOdEKwIDAQAB","signature":"QdaSf4nTy7JCtnfCFcFB7ISk\/OFEcRFDiKYeDrqviPRWQDiRBtAwXPxihB\/GY9CcwCrp7ppe7gXOc2iRXuwWQRr9E55JwgyG\/20IVXGB+gfooA03e69RHz914XURzulGcY4jWojckDbFAK1AjsmO7q4zyngXnPO6Rguzy2QuRrPFayO3ioN8CDwpV0XHO\/jC4T9H5DnbzuxlC2z2RoJAfRoi72lOcSzFAwrE+A1cBHzfP8sOf7IN9ZUJTvZj0F6XeksueMrl07HVGDBgql3WWF+\/PYWC1M\/67XpnB0DlBdY3KfaAB1pFDPqkp2XShT30+IJjk6A68TjvfsfIj7abaQ=="}}
[24-Feb-2025 20:16:59 Europe/Moscow] Script loaded at: 2025-02-24 20:16:59
[24-Feb-2025 20:16:59 Europe/Moscow] Request Method: POST
[24-Feb-2025 20:16:59 Europe/Moscow] Request URI: /api/yggdrasil.php/session/minecraft/join
[24-Feb-2025 20:16:59 Europe/Moscow] Parsed URI: Array
(
    [0] => api
    [1] => yggdrasil.php
    [2] => session
    [3] => minecraft
    [4] => join
)

[24-Feb-2025 20:16:59 Europe/Moscow] Session updated: accessToken=d168494e7d90e6686f9458370473ed68, uuid=473099f1-140e-4083-aad3-4b55ba00edb0, serverId=-7dfaac366c763b4849d4b065fbb7c05ca8e271ae
[24-Feb-2025 20:16:59 Europe/Moscow] Script loaded at: 2025-02-24 20:16:59
[24-Feb-2025 20:16:59 Europe/Moscow] Request Method: GET
[24-Feb-2025 20:16:59 Europe/Moscow] Request URI: /api/yggdrasil.php/sessionserver/session/minecraft/hasJoined?serverId=-7dfaac366c763b4849d4b065fbb7c05ca8e271ae&username=_CyberDemon_
[24-Feb-2025 20:16:59 Europe/Moscow] Parsed URI: Array
(
    [0] => api
    [1] => yggdrasil.php
    [2] => sessionserver
    [3] => session
    [4] => minecraft
    [5] => hasJoined
)

[24-Feb-2025 20:16:59 Europe/Moscow] Handling /hasJoined for username: _CyberDemon_, serverId: -7dfaac366c763b4849d4b065fbb7c05ca8e271ae
[24-Feb-2025 20:16:59 Europe/Moscow] Response prepared for /hasJoined: {"id":"473099f1-140e-4083-aad3-4b55ba00edb0","name":"_CyberDemon_","properties":[{"name":"textures","value":"eyJ0aW1lc3RhbXAiOjE3NDA0MTc0MTksInByb2ZpbGVJZCI6IjQ3MzA5OWYxLTE0MGUtNDA4My1hYWQzLTRiNTViYTAwZWRiMCIsInByb2ZpbGVOYW1lIjoiX0N5YmVyRGVtb25fIiwidGV4dHVyZXMiOnsiU0tJTiI6eyJ1cmwiOiJodHRwczpcL1wvcHJvamVjdC1lY2hvLnJ1XC9za2luc1wvZGVmYXVsdC5wbmcifX19","signature":"qMe8MYq9Oj85DTPxgAGFyuXkG3qiR3i2UtnETCbdRYLSqB8xAoKIcivn8HEQj19EFJqmK3rGT2X2mz9FBCeIq3FtAy9FeugWV9ahTN2aNc6lr8wnGnN1xmDLES3u2KmCEtSU04vyhLvQLk8+taP6fI+OoXz4IFcvYphAakibMQMQf48\/AzHFhLSDlXZa88m8Qq\/0GIe7B1Fmn6Cq0EaxID2DpvNemuV\/vozPN4p1MRErBLNouWTPUX+tnxzU4dpZQQrn3JV5K139iXTdILX1UsVCtjne0sgL2iXq1MxF2SWuRV3ueICZwahkR9O3\/ewGOGEpzZZ0ySo4vqCnwZcTAw=="}],"publicKey":{"key":"MIIBIjANBgkqhkiG9w0BAQEFAAOCAQ8AMIIBCgKCAQEAw5Fu8JeorNSVXs8a2RNPtWb8vtn65ay7CXgdQ6rA9PReJMYONc\/RCwe272LXlNbrR\/ns7dkKncPySpGXXmZjApLzZktaB3hWObZGAmTOFF4dCAWi9oyRrJ4LivLBd5EODY4LTyKrmUUqS28xUCGfgzh92AsXbxZimahwAscp089etqXCzBvCyNkQe9UfbnzZzTPSsOiBdYlOgLEGkscfXYYkIA\/KdFQsuPp3z4Vj3bwPoeBAVnpHqNiaSdPq840k4iUKEdMxJHMclt8CJXZbr7jqv4RfeoOT+ypkSNckIRkD2QmBf4pPSzI3Qhag2MpS\/FTCMuvCya9Tvp6ckOdEKwIDAQAB","signature":"QdaSf4nTy7JCtnfCFcFB7ISk\/OFEcRFDiKYeDrqviPRWQDiRBtAwXPxihB\/GY9CcwCrp7ppe7gXOc2iRXuwWQRr9E55JwgyG\/20IVXGB+gfooA03e69RHz914XURzulGcY4jWojckDbFAK1AjsmO7q4zyngXnPO6Rguzy2QuRrPFayO3ioN8CDwpV0XHO\/jC4T9H5DnbzuxlC2z2RoJAfRoi72lOcSzFAwrE+A1cBHzfP8sOf7IN9ZUJTvZj0F6XeksueMrl07HVGDBgql3WWF+\/PYWC1M\/67XpnB0DlBdY3KfaAB1pFDPqkp2XShT30+IJjk6A68TjvfsfIj7abaQ=="}}
[24-Feb-2025 20:17:33 Europe/Moscow] Script loaded at: 2025-02-24 20:17:33
[24-Feb-2025 20:17:33 Europe/Moscow] Request Method: POST
[24-Feb-2025 20:17:33 Europe/Moscow] Request URI: /api/yggdrasil.php/validate
[24-Feb-2025 20:17:33 Europe/Moscow] Parsed URI: Array
(
    [0] => api
    [1] => yggdrasil.php
    [2] => validate
)

[24-Feb-2025 20:17:33 Europe/Moscow] Script loaded at: 2025-02-24 20:17:33
[24-Feb-2025 20:17:33 Europe/Moscow] Request Method: GET
[24-Feb-2025 20:17:33 Europe/Moscow] Request URI: /api/yggdrasil.php/publickeys
[24-Feb-2025 20:17:33 Europe/Moscow] Parsed URI: Array
(
    [0] => api
    [1] => yggdrasil.php
    [2] => publickeys
)

[24-Feb-2025 20:17:33 Europe/Moscow] Handling /publickeys request
[24-Feb-2025 20:17:33 Europe/Moscow] Public keys response prepared: {"profilePropertyKeys":[{"publicKey":"MIIBIjANBgkqhkiG9w0BAQEFAAOCAQ8AMIIBCgKCAQEAw5Fu8JeorNSVXs8a2RNPtWb8vtn65ay7CXgdQ6rA9PReJMYONc\/RCwe272LXlNbrR\/ns7dkKncPySpGXXmZjApLzZktaB3hWObZGAmTOFF4dCAWi9oyRrJ4LivLBd5EODY4LTyKrmUUqS28xUCGfgzh92AsXbxZimahwAscp089etqXCzBvCyNkQe9UfbnzZzTPSsOiBdYlOgLEGkscfXYYkIA\/KdFQsuPp3z4Vj3bwPoeBAVnpHqNiaSdPq840k4iUKEdMxJHMclt8CJXZbr7jqv4RfeoOT+ypkSNckIRkD2QmBf4pPSzI3Qhag2MpS\/FTCMuvCya9Tvp6ckOdEKwIDAQAB","signature":"QdaSf4nTy7JCtnfCFcFB7ISk\/OFEcRFDiKYeDrqviPRWQDiRBtAwXPxihB\/GY9CcwCrp7ppe7gXOc2iRXuwWQRr9E55JwgyG\/20IVXGB+gfooA03e69RHz914XURzulGcY4jWojckDbFAK1AjsmO7q4zyngXnPO6Rguzy2QuRrPFayO3ioN8CDwpV0XHO\/jC4T9H5DnbzuxlC2z2RoJAfRoi72lOcSzFAwrE+A1cBHzfP8sOf7IN9ZUJTvZj0F6XeksueMrl07HVGDBgql3WWF+\/PYWC1M\/67XpnB0DlBdY3KfaAB1pFDPqkp2XShT30+IJjk6A68TjvfsfIj7abaQ=="}]}
[24-Feb-2025 20:17:44 Europe/Moscow] Script loaded at: 2025-02-24 20:17:44
[24-Feb-2025 20:17:44 Europe/Moscow] Script loaded at: 2025-02-24 20:17:44
[24-Feb-2025 20:17:44 Europe/Moscow] Request Method: GET
[24-Feb-2025 20:17:44 Europe/Moscow] Request Method: GET
[24-Feb-2025 20:17:44 Europe/Moscow] Request URI: /api/yggdrasil.php/session/minecraft/profile/473099f1140e4083aad34b55ba00edb0?unsigned=false
[24-Feb-2025 20:17:44 Europe/Moscow] Request URI: /api/yggdrasil.php/publickeys
[24-Feb-2025 20:17:44 Europe/Moscow] Parsed URI: Array
(
    [0] => api
    [1] => yggdrasil.php
    [2] => session
    [3] => minecraft
    [4] => profile
    [5] => 473099f1140e4083aad34b55ba00edb0
)

[24-Feb-2025 20:17:44 Europe/Moscow] Parsed URI: Array
(
    [0] => api
    [1] => yggdrasil.php
    [2] => publickeys
)

[24-Feb-2025 20:17:44 Europe/Moscow] Handling /session/minecraft/profile for uuid: 473099f1-140e-4083-aad3-4b55ba00edb0
[24-Feb-2025 20:17:44 Europe/Moscow] Handling /publickeys request
[24-Feb-2025 20:17:44 Europe/Moscow] Public keys response prepared: {"profilePropertyKeys":[{"publicKey":"MIIBIjANBgkqhkiG9w0BAQEFAAOCAQ8AMIIBCgKCAQEAw5Fu8JeorNSVXs8a2RNPtWb8vtn65ay7CXgdQ6rA9PReJMYONc\/RCwe272LXlNbrR\/ns7dkKncPySpGXXmZjApLzZktaB3hWObZGAmTOFF4dCAWi9oyRrJ4LivLBd5EODY4LTyKrmUUqS28xUCGfgzh92AsXbxZimahwAscp089etqXCzBvCyNkQe9UfbnzZzTPSsOiBdYlOgLEGkscfXYYkIA\/KdFQsuPp3z4Vj3bwPoeBAVnpHqNiaSdPq840k4iUKEdMxJHMclt8CJXZbr7jqv4RfeoOT+ypkSNckIRkD2QmBf4pPSzI3Qhag2MpS\/FTCMuvCya9Tvp6ckOdEKwIDAQAB","signature":"QdaSf4nTy7JCtnfCFcFB7ISk\/OFEcRFDiKYeDrqviPRWQDiRBtAwXPxihB\/GY9CcwCrp7ppe7gXOc2iRXuwWQRr9E55JwgyG\/20IVXGB+gfooA03e69RHz914XURzulGcY4jWojckDbFAK1AjsmO7q4zyngXnPO6Rguzy2QuRrPFayO3ioN8CDwpV0XHO\/jC4T9H5DnbzuxlC2z2RoJAfRoi72lOcSzFAwrE+A1cBHzfP8sOf7IN9ZUJTvZj0F6XeksueMrl07HVGDBgql3WWF+\/PYWC1M\/67XpnB0DlBdY3KfaAB1pFDPqkp2XShT30+IJjk6A68TjvfsfIj7abaQ=="}]}
[24-Feb-2025 20:17:44 Europe/Moscow] Response prepared: {"id":"473099f1-140e-4083-aad3-4b55ba00edb0","name":"_CyberDemon_","properties":[{"name":"textures","value":"eyJ0aW1lc3RhbXAiOjE3NDA0MTc0NjQsInByb2ZpbGVJZCI6IjQ3MzA5OWYxLTE0MGUtNDA4My1hYWQzLTRiNTViYTAwZWRiMCIsInByb2ZpbGVOYW1lIjoiX0N5YmVyRGVtb25fIiwidGV4dHVyZXMiOnsiU0tJTiI6eyJ1cmwiOiJodHRwczpcL1wvcHJvamVjdC1lY2hvLnJ1XC9za2luc1wvZGVmYXVsdC5wbmcifX19","signature":"U9VFKgOLeOK66E8efTdeRssWVYsgeAiYmfUKvnkhkFmKSlpfoYo3m4ZNsetey2lKf1F1aRBaecaKEKKG8EiJmMC4wdVmWv+uMcAntXIRywTi12Q31oIgZsMiLmG5blKOA5Oi6BR+OhrSLVc\/jv8LKZA9kUUGbduJXAsaux4MzYP5bilLbd8dts0ci3oQ7CYiaqBuMcHAvxUsiPO578letNCcYOxMucbBQz5TvmNJUU2Z\/x2dnIIfYTx00p3dw2YMndCPVvdGnbHAkRsoJCpJqK\/Nr\/N17KoODTaZa3kADNp9MKpqtyGKew0xPOIBE0tK7gRuGufhbcPUVcf4cNRpAw=="}],"publicKey":{"key":"MIIBIjANBgkqhkiG9w0BAQEFAAOCAQ8AMIIBCgKCAQEAw5Fu8JeorNSVXs8a2RNPtWb8vtn65ay7CXgdQ6rA9PReJMYONc\/RCwe272LXlNbrR\/ns7dkKncPySpGXXmZjApLzZktaB3hWObZGAmTOFF4dCAWi9oyRrJ4LivLBd5EODY4LTyKrmUUqS28xUCGfgzh92AsXbxZimahwAscp089etqXCzBvCyNkQe9UfbnzZzTPSsOiBdYlOgLEGkscfXYYkIA\/KdFQsuPp3z4Vj3bwPoeBAVnpHqNiaSdPq840k4iUKEdMxJHMclt8CJXZbr7jqv4RfeoOT+ypkSNckIRkD2QmBf4pPSzI3Qhag2MpS\/FTCMuvCya9Tvp6ckOdEKwIDAQAB","signature":"QdaSf4nTy7JCtnfCFcFB7ISk\/OFEcRFDiKYeDrqviPRWQDiRBtAwXPxihB\/GY9CcwCrp7ppe7gXOc2iRXuwWQRr9E55JwgyG\/20IVXGB+gfooA03e69RHz914XURzulGcY4jWojckDbFAK1AjsmO7q4zyngXnPO6Rguzy2QuRrPFayO3ioN8CDwpV0XHO\/jC4T9H5DnbzuxlC2z2RoJAfRoi72lOcSzFAwrE+A1cBHzfP8sOf7IN9ZUJTvZj0F6XeksueMrl07HVGDBgql3WWF+\/PYWC1M\/67XpnB0DlBdY3KfaAB1pFDPqkp2XShT30+IJjk6A68TjvfsfIj7abaQ=="}}
[24-Feb-2025 20:18:03 Europe/Moscow] Script loaded at: 2025-02-24 20:18:03
[24-Feb-2025 20:18:03 Europe/Moscow] Request Method: POST
[24-Feb-2025 20:18:03 Europe/Moscow] Request URI: /api/yggdrasil.php/session/minecraft/join
[24-Feb-2025 20:18:03 Europe/Moscow] Parsed URI: Array
(
    [0] => api
    [1] => yggdrasil.php
    [2] => session
    [3] => minecraft
    [4] => join
)

[24-Feb-2025 20:18:03 Europe/Moscow] Session updated: accessToken=d168494e7d90e6686f9458370473ed68, uuid=473099f1-140e-4083-aad3-4b55ba00edb0, serverId=-49e07e496280ee305a45831a292cfe6d124d7092
[24-Feb-2025 20:18:03 Europe/Moscow] Script loaded at: 2025-02-24 20:18:03
[24-Feb-2025 20:18:03 Europe/Moscow] Request Method: GET
[24-Feb-2025 20:18:03 Europe/Moscow] Request URI: /api/yggdrasil.php/sessionserver/session/minecraft/hasJoined?serverId=-49e07e496280ee305a45831a292cfe6d124d7092&username=_CyberDemon_
[24-Feb-2025 20:18:03 Europe/Moscow] Parsed URI: Array
(
    [0] => api
    [1] => yggdrasil.php
    [2] => sessionserver
    [3] => session
    [4] => minecraft
    [5] => hasJoined
)

[24-Feb-2025 20:18:03 Europe/Moscow] Handling /hasJoined for username: _CyberDemon_, serverId: -49e07e496280ee305a45831a292cfe6d124d7092
[24-Feb-2025 20:18:03 Europe/Moscow] Response prepared for /hasJoined: {"id":"473099f1-140e-4083-aad3-4b55ba00edb0","name":"_CyberDemon_","properties":[{"name":"textures","value":"eyJ0aW1lc3RhbXAiOjE3NDA0MTc0ODMsInByb2ZpbGVJZCI6IjQ3MzA5OWYxLTE0MGUtNDA4My1hYWQzLTRiNTViYTAwZWRiMCIsInByb2ZpbGVOYW1lIjoiX0N5YmVyRGVtb25fIiwidGV4dHVyZXMiOnsiU0tJTiI6eyJ1cmwiOiJodHRwczpcL1wvcHJvamVjdC1lY2hvLnJ1XC9za2luc1wvZGVmYXVsdC5wbmcifX19","signature":"DtYTvsqQWl9LyUblFlNgWKLlaUfDiQI8R6eO6gaS1VXXe+F2fMugUOir+7MS+W\/ZwPEgmipIAI2T4Ua5g5mkfdhn\/i0Y6ybADwmgGr9k\/vJhnoecXnTQp596NdoaDGsn5tDbIL+iLbYBLeIMnQ3dUXRMjcBmkGInYdIacg+WFcjK40jHByfgs3SiQFmhRa+aRRsVuR5hRLpJkIMlWz\/2lf3sZCxZqvqSOgH\/U60rMbSRGx6FTp6uWBrLew58tI9TayzlKDOmP5M0fzyGwdsPWbmoX7tm9B7WEHtwShFOkVc6qhWY1TQM5Qynq1mQ5mdrMxrwc\/4I5cPgNqF5I4ORcw=="}],"publicKey":{"key":"MIIBIjANBgkqhkiG9w0BAQEFAAOCAQ8AMIIBCgKCAQEAw5Fu8JeorNSVXs8a2RNPtWb8vtn65ay7CXgdQ6rA9PReJMYONc\/RCwe272LXlNbrR\/ns7dkKncPySpGXXmZjApLzZktaB3hWObZGAmTOFF4dCAWi9oyRrJ4LivLBd5EODY4LTyKrmUUqS28xUCGfgzh92AsXbxZimahwAscp089etqXCzBvCyNkQe9UfbnzZzTPSsOiBdYlOgLEGkscfXYYkIA\/KdFQsuPp3z4Vj3bwPoeBAVnpHqNiaSdPq840k4iUKEdMxJHMclt8CJXZbr7jqv4RfeoOT+ypkSNckIRkD2QmBf4pPSzI3Qhag2MpS\/FTCMuvCya9Tvp6ckOdEKwIDAQAB","signature":"QdaSf4nTy7JCtnfCFcFB7ISk\/OFEcRFDiKYeDrqviPRWQDiRBtAwXPxihB\/GY9CcwCrp7ppe7gXOc2iRXuwWQRr9E55JwgyG\/20IVXGB+gfooA03e69RHz914XURzulGcY4jWojckDbFAK1AjsmO7q4zyngXnPO6Rguzy2QuRrPFayO3ioN8CDwpV0XHO\/jC4T9H5DnbzuxlC2z2RoJAfRoi72lOcSzFAwrE+A1cBHzfP8sOf7IN9ZUJTvZj0F6XeksueMrl07HVGDBgql3WWF+\/PYWC1M\/67XpnB0DlBdY3KfaAB1pFDPqkp2XShT30+IJjk6A68TjvfsfIj7abaQ=="}}
[24-Feb-2025 20:32:06 Europe/Moscow] Script loaded at: 2025-02-24 20:32:06
[24-Feb-2025 20:32:06 Europe/Moscow] Request Method: POST
[24-Feb-2025 20:32:06 Europe/Moscow] Request URI: /api/yggdrasil.php/validate
[24-Feb-2025 20:32:06 Europe/Moscow] Parsed URI: Array
(
    [0] => api
    [1] => yggdrasil.php
    [2] => validate
)

[24-Feb-2025 20:32:07 Europe/Moscow] Script loaded at: 2025-02-24 20:32:07
[24-Feb-2025 20:32:07 Europe/Moscow] Request Method: GET
[24-Feb-2025 20:32:07 Europe/Moscow] Request URI: /api/yggdrasil.php/publickeys
[24-Feb-2025 20:32:07 Europe/Moscow] Parsed URI: Array
(
    [0] => api
    [1] => yggdrasil.php
    [2] => publickeys
)

[24-Feb-2025 20:32:07 Europe/Moscow] Handling /publickeys request
[24-Feb-2025 20:32:07 Europe/Moscow] Public keys response prepared: {"profilePropertyKeys":[{"publicKey":"MIIBIjANBgkqhkiG9w0BAQEFAAOCAQ8AMIIBCgKCAQEAw5Fu8JeorNSVXs8a2RNPtWb8vtn65ay7CXgdQ6rA9PReJMYONc\/RCwe272LXlNbrR\/ns7dkKncPySpGXXmZjApLzZktaB3hWObZGAmTOFF4dCAWi9oyRrJ4LivLBd5EODY4LTyKrmUUqS28xUCGfgzh92AsXbxZimahwAscp089etqXCzBvCyNkQe9UfbnzZzTPSsOiBdYlOgLEGkscfXYYkIA\/KdFQsuPp3z4Vj3bwPoeBAVnpHqNiaSdPq840k4iUKEdMxJHMclt8CJXZbr7jqv4RfeoOT+ypkSNckIRkD2QmBf4pPSzI3Qhag2MpS\/FTCMuvCya9Tvp6ckOdEKwIDAQAB","signature":"QdaSf4nTy7JCtnfCFcFB7ISk\/OFEcRFDiKYeDrqviPRWQDiRBtAwXPxihB\/GY9CcwCrp7ppe7gXOc2iRXuwWQRr9E55JwgyG\/20IVXGB+gfooA03e69RHz914XURzulGcY4jWojckDbFAK1AjsmO7q4zyngXnPO6Rguzy2QuRrPFayO3ioN8CDwpV0XHO\/jC4T9H5DnbzuxlC2z2RoJAfRoi72lOcSzFAwrE+A1cBHzfP8sOf7IN9ZUJTvZj0F6XeksueMrl07HVGDBgql3WWF+\/PYWC1M\/67XpnB0DlBdY3KfaAB1pFDPqkp2XShT30+IJjk6A68TjvfsfIj7abaQ=="}]}
[24-Feb-2025 20:32:26 Europe/Moscow] Script loaded at: 2025-02-24 20:32:26
[24-Feb-2025 20:32:26 Europe/Moscow] Request Method: GET
[24-Feb-2025 20:32:26 Europe/Moscow] Request URI: /api/yggdrasil.php/publickeys
[24-Feb-2025 20:32:26 Europe/Moscow] Parsed URI: Array
(
    [0] => api
    [1] => yggdrasil.php
    [2] => publickeys
)

[24-Feb-2025 20:32:26 Europe/Moscow] Handling /publickeys request
[24-Feb-2025 20:32:26 Europe/Moscow] Public keys response prepared: {"profilePropertyKeys":[{"publicKey":"MIIBIjANBgkqhkiG9w0BAQEFAAOCAQ8AMIIBCgKCAQEAw5Fu8JeorNSVXs8a2RNPtWb8vtn65ay7CXgdQ6rA9PReJMYONc\/RCwe272LXlNbrR\/ns7dkKncPySpGXXmZjApLzZktaB3hWObZGAmTOFF4dCAWi9oyRrJ4LivLBd5EODY4LTyKrmUUqS28xUCGfgzh92AsXbxZimahwAscp089etqXCzBvCyNkQe9UfbnzZzTPSsOiBdYlOgLEGkscfXYYkIA\/KdFQsuPp3z4Vj3bwPoeBAVnpHqNiaSdPq840k4iUKEdMxJHMclt8CJXZbr7jqv4RfeoOT+ypkSNckIRkD2QmBf4pPSzI3Qhag2MpS\/FTCMuvCya9Tvp6ckOdEKwIDAQAB","signature":"QdaSf4nTy7JCtnfCFcFB7ISk\/OFEcRFDiKYeDrqviPRWQDiRBtAwXPxihB\/GY9CcwCrp7ppe7gXOc2iRXuwWQRr9E55JwgyG\/20IVXGB+gfooA03e69RHz914XURzulGcY4jWojckDbFAK1AjsmO7q4zyngXnPO6Rguzy2QuRrPFayO3ioN8CDwpV0XHO\/jC4T9H5DnbzuxlC2z2RoJAfRoi72lOcSzFAwrE+A1cBHzfP8sOf7IN9ZUJTvZj0F6XeksueMrl07HVGDBgql3WWF+\/PYWC1M\/67XpnB0DlBdY3KfaAB1pFDPqkp2XShT30+IJjk6A68TjvfsfIj7abaQ=="}]}
[24-Feb-2025 20:32:26 Europe/Moscow] Script loaded at: 2025-02-24 20:32:26
[24-Feb-2025 20:32:26 Europe/Moscow] Request Method: GET
[24-Feb-2025 20:32:26 Europe/Moscow] Request URI: /api/yggdrasil.php/session/minecraft/profile/473099f1140e4083aad34b55ba00edb0?unsigned=false
[24-Feb-2025 20:32:26 Europe/Moscow] Parsed URI: Array
(
    [0] => api
    [1] => yggdrasil.php
    [2] => session
    [3] => minecraft
    [4] => profile
    [5] => 473099f1140e4083aad34b55ba00edb0
)

[24-Feb-2025 20:32:26 Europe/Moscow] Handling /session/minecraft/profile for uuid: 473099f1-140e-4083-aad3-4b55ba00edb0
[24-Feb-2025 20:32:26 Europe/Moscow] Response prepared: {"id":"473099f1-140e-4083-aad3-4b55ba00edb0","name":"_CyberDemon_","properties":[{"name":"textures","value":"eyJ0aW1lc3RhbXAiOjE3NDA0MTgzNDYsInByb2ZpbGVJZCI6IjQ3MzA5OWYxLTE0MGUtNDA4My1hYWQzLTRiNTViYTAwZWRiMCIsInByb2ZpbGVOYW1lIjoiX0N5YmVyRGVtb25fIiwidGV4dHVyZXMiOnsiU0tJTiI6eyJ1cmwiOiJodHRwczpcL1wvcHJvamVjdC1lY2hvLnJ1XC9za2luc1wvZGVmYXVsdC5wbmcifX19","signature":"OMxQqCdQF0aEboD4Xqd8lSngYTiwL9Fpj6qq5+6NgljVihue4MfBK88Om84aLzD8QWoBKfpBLuqTBgbEAHVf10s7anl\/uZ9\/q0GVBPEFhJn8snfp2vY4DIndSUq3MEvAKI7WTwnr0vvIWKGQv0SBW5hMy0tmJkkBfvJo0IPU0dewkJ0s8zDRzGWJSxd3DpvgAFZGXw+u1bIQKia1jwDkTDPY2khmyy+nGNyLHFXOZMpoF1qpIvSWuvS1OGW11HY\/mElxA9H8+X\/raCrp5NaL6NRoLouh++dYB4kEuo8wwaZghTqSjsMBK0bkO9HvDO5R2fLaDpqUDcbvRheFWOsf0Q=="}],"publicKey":{"key":"MIIBIjANBgkqhkiG9w0BAQEFAAOCAQ8AMIIBCgKCAQEAw5Fu8JeorNSVXs8a2RNPtWb8vtn65ay7CXgdQ6rA9PReJMYONc\/RCwe272LXlNbrR\/ns7dkKncPySpGXXmZjApLzZktaB3hWObZGAmTOFF4dCAWi9oyRrJ4LivLBd5EODY4LTyKrmUUqS28xUCGfgzh92AsXbxZimahwAscp089etqXCzBvCyNkQe9UfbnzZzTPSsOiBdYlOgLEGkscfXYYkIA\/KdFQsuPp3z4Vj3bwPoeBAVnpHqNiaSdPq840k4iUKEdMxJHMclt8CJXZbr7jqv4RfeoOT+ypkSNckIRkD2QmBf4pPSzI3Qhag2MpS\/FTCMuvCya9Tvp6ckOdEKwIDAQAB","signature":"QdaSf4nTy7JCtnfCFcFB7ISk\/OFEcRFDiKYeDrqviPRWQDiRBtAwXPxihB\/GY9CcwCrp7ppe7gXOc2iRXuwWQRr9E55JwgyG\/20IVXGB+gfooA03e69RHz914XURzulGcY4jWojckDbFAK1AjsmO7q4zyngXnPO6Rguzy2QuRrPFayO3ioN8CDwpV0XHO\/jC4T9H5DnbzuxlC2z2RoJAfRoi72lOcSzFAwrE+A1cBHzfP8sOf7IN9ZUJTvZj0F6XeksueMrl07HVGDBgql3WWF+\/PYWC1M\/67XpnB0DlBdY3KfaAB1pFDPqkp2XShT30+IJjk6A68TjvfsfIj7abaQ=="}}
[24-Feb-2025 20:32:54 Europe/Moscow] Script loaded at: 2025-02-24 20:32:54
[24-Feb-2025 20:32:54 Europe/Moscow] Request Method: POST
[24-Feb-2025 20:32:54 Europe/Moscow] Request URI: /api/yggdrasil.php/session/minecraft/join
[24-Feb-2025 20:32:54 Europe/Moscow] Parsed URI: Array
(
    [0] => api
    [1] => yggdrasil.php
    [2] => session
    [3] => minecraft
    [4] => join
)

[24-Feb-2025 20:32:54 Europe/Moscow] Session updated: accessToken=d168494e7d90e6686f9458370473ed68, uuid=473099f1-140e-4083-aad3-4b55ba00edb0, serverId=6db1d484d63cb58366f372404dbb9ee2a3a0b37a
[24-Feb-2025 20:32:54 Europe/Moscow] Script loaded at: 2025-02-24 20:32:54
[24-Feb-2025 20:32:54 Europe/Moscow] Request Method: GET
[24-Feb-2025 20:32:54 Europe/Moscow] Request URI: /api/yggdrasil.php/sessionserver/session/minecraft/hasJoined?serverId=6db1d484d63cb58366f372404dbb9ee2a3a0b37a&username=_CyberDemon_
[24-Feb-2025 20:32:54 Europe/Moscow] Parsed URI: Array
(
    [0] => api
    [1] => yggdrasil.php
    [2] => sessionserver
    [3] => session
    [4] => minecraft
    [5] => hasJoined
)

[24-Feb-2025 20:32:54 Europe/Moscow] Handling /hasJoined for username: _CyberDemon_, serverId: 6db1d484d63cb58366f372404dbb9ee2a3a0b37a
[24-Feb-2025 20:32:54 Europe/Moscow] Response prepared for /hasJoined: {"id":"473099f1-140e-4083-aad3-4b55ba00edb0","name":"_CyberDemon_","properties":[{"name":"textures","value":"eyJ0aW1lc3RhbXAiOjE3NDA0MTgzNzQsInByb2ZpbGVJZCI6IjQ3MzA5OWYxLTE0MGUtNDA4My1hYWQzLTRiNTViYTAwZWRiMCIsInByb2ZpbGVOYW1lIjoiX0N5YmVyRGVtb25fIiwidGV4dHVyZXMiOnsiU0tJTiI6eyJ1cmwiOiJodHRwczpcL1wvcHJvamVjdC1lY2hvLnJ1XC9za2luc1wvZGVmYXVsdC5wbmcifX19","signature":"gTp4Nn3miRcnoWw2Tsbhh1ubri6+V4lTDtMqWAUCqxwjbW6vqecWWor7+LCi29lDLuqT1jycOE5CgveOo5y8l7DeOYsme6mVJ45fmEe\/C3eiOW2jjRcxjLfFPpehYnsuUf6QU+tY6rA5GcKOZijObzqocZdm2OdJ28CbbEnLoJP93FK9XLdbbmFlPUNj7pCTBStSLryMbQJID4dq4ZJPwyfmdnXSwm1Hpe6asT94EklD9tNaC93YKo2YUGkK6SyGptt7DUe1IXe7veANt+2c8c2SpNuzTr7t+M18\/stybGn5N4B2B\/IhmARX+2terSM\/3ulOnQrMWS+rVeGbVU8yRw=="}],"publicKey":{"key":"MIIBIjANBgkqhkiG9w0BAQEFAAOCAQ8AMIIBCgKCAQEAw5Fu8JeorNSVXs8a2RNPtWb8vtn65ay7CXgdQ6rA9PReJMYONc\/RCwe272LXlNbrR\/ns7dkKncPySpGXXmZjApLzZktaB3hWObZGAmTOFF4dCAWi9oyRrJ4LivLBd5EODY4LTyKrmUUqS28xUCGfgzh92AsXbxZimahwAscp089etqXCzBvCyNkQe9UfbnzZzTPSsOiBdYlOgLEGkscfXYYkIA\/KdFQsuPp3z4Vj3bwPoeBAVnpHqNiaSdPq840k4iUKEdMxJHMclt8CJXZbr7jqv4RfeoOT+ypkSNckIRkD2QmBf4pPSzI3Qhag2MpS\/FTCMuvCya9Tvp6ckOdEKwIDAQAB","signature":"QdaSf4nTy7JCtnfCFcFB7ISk\/OFEcRFDiKYeDrqviPRWQDiRBtAwXPxihB\/GY9CcwCrp7ppe7gXOc2iRXuwWQRr9E55JwgyG\/20IVXGB+gfooA03e69RHz914XURzulGcY4jWojckDbFAK1AjsmO7q4zyngXnPO6Rguzy2QuRrPFayO3ioN8CDwpV0XHO\/jC4T9H5DnbzuxlC2z2RoJAfRoi72lOcSzFAwrE+A1cBHzfP8sOf7IN9ZUJTvZj0F6XeksueMrl07HVGDBgql3WWF+\/PYWC1M\/67XpnB0DlBdY3KfaAB1pFDPqkp2XShT30+IJjk6A68TjvfsfIj7abaQ=="}}
[24-Feb-2025 20:36:49 Europe/Moscow] Script loaded at: 2025-02-24 20:36:49
[24-Feb-2025 20:36:49 Europe/Moscow] Request Method: POST
[24-Feb-2025 20:36:49 Europe/Moscow] Request URI: /api/yggdrasil.php/session/minecraft/join
[24-Feb-2025 20:36:49 Europe/Moscow] Parsed URI: Array
(
    [0] => api
    [1] => yggdrasil.php
    [2] => session
    [3] => minecraft
    [4] => join
)

[24-Feb-2025 20:36:49 Europe/Moscow] Session updated: accessToken=d168494e7d90e6686f9458370473ed68, uuid=473099f1-140e-4083-aad3-4b55ba00edb0, serverId=-74d935fc7b65adca8d282a08a33086468bca4733
[24-Feb-2025 20:36:49 Europe/Moscow] Script loaded at: 2025-02-24 20:36:49
[24-Feb-2025 20:36:49 Europe/Moscow] Request Method: GET
[24-Feb-2025 20:36:49 Europe/Moscow] Request URI: /api/yggdrasil.php/sessionserver/session/minecraft/hasJoined?serverId=-74d935fc7b65adca8d282a08a33086468bca4733&username=_CyberDemon_
[24-Feb-2025 20:36:49 Europe/Moscow] Parsed URI: Array
(
    [0] => api
    [1] => yggdrasil.php
    [2] => sessionserver
    [3] => session
    [4] => minecraft
    [5] => hasJoined
)

[24-Feb-2025 20:36:49 Europe/Moscow] Handling /hasJoined for username: _CyberDemon_, serverId: -74d935fc7b65adca8d282a08a33086468bca4733
[24-Feb-2025 20:36:49 Europe/Moscow] Response prepared for /hasJoined: {"id":"473099f1-140e-4083-aad3-4b55ba00edb0","name":"_CyberDemon_","properties":[{"name":"textures","value":"eyJ0aW1lc3RhbXAiOjE3NDA0MTg2MDksInByb2ZpbGVJZCI6IjQ3MzA5OWYxLTE0MGUtNDA4My1hYWQzLTRiNTViYTAwZWRiMCIsInByb2ZpbGVOYW1lIjoiX0N5YmVyRGVtb25fIiwidGV4dHVyZXMiOnsiU0tJTiI6eyJ1cmwiOiJodHRwczpcL1wvcHJvamVjdC1lY2hvLnJ1XC9za2luc1wvZGVmYXVsdC5wbmcifX19","signature":"bwCj2Bf2ebRbTIw8Qm3spoJVC4fUiomD9ZO9GyjSzP0Tqu9HcMwZZlOUgbLJO4wKdEJeodEVuIMsmhqeKsv\/pxDSeRj8EmRmdg7+sc3Jk0P2BOzVxkd2HCUTsqR\/72vBsng5foL0XlYMSanK88AtlOP4YG+3d6xujL1UgcbEaK9FoGER\/1PZzqnoAU4bZMtNjvJfB3Yc+t2WGu3Vd54T4MkWLLfTESA3i8ug0id8QqmqV7YfDOJF3Z0V2UPmFwp8MWLKE+IxzuO3UL6goP0JqQvVzEzSWhLkds\/8iEvfag6SAT+JWHafobCtuiIl4fh08wPo\/elGyW2JjKHYBqAjLQ=="}],"publicKey":{"key":"MIIBIjANBgkqhkiG9w0BAQEFAAOCAQ8AMIIBCgKCAQEAw5Fu8JeorNSVXs8a2RNPtWb8vtn65ay7CXgdQ6rA9PReJMYONc\/RCwe272LXlNbrR\/ns7dkKncPySpGXXmZjApLzZktaB3hWObZGAmTOFF4dCAWi9oyRrJ4LivLBd5EODY4LTyKrmUUqS28xUCGfgzh92AsXbxZimahwAscp089etqXCzBvCyNkQe9UfbnzZzTPSsOiBdYlOgLEGkscfXYYkIA\/KdFQsuPp3z4Vj3bwPoeBAVnpHqNiaSdPq840k4iUKEdMxJHMclt8CJXZbr7jqv4RfeoOT+ypkSNckIRkD2QmBf4pPSzI3Qhag2MpS\/FTCMuvCya9Tvp6ckOdEKwIDAQAB","signature":"QdaSf4nTy7JCtnfCFcFB7ISk\/OFEcRFDiKYeDrqviPRWQDiRBtAwXPxihB\/GY9CcwCrp7ppe7gXOc2iRXuwWQRr9E55JwgyG\/20IVXGB+gfooA03e69RHz914XURzulGcY4jWojckDbFAK1AjsmO7q4zyngXnPO6Rguzy2QuRrPFayO3ioN8CDwpV0XHO\/jC4T9H5DnbzuxlC2z2RoJAfRoi72lOcSzFAwrE+A1cBHzfP8sOf7IN9ZUJTvZj0F6XeksueMrl07HVGDBgql3WWF+\/PYWC1M\/67XpnB0DlBdY3KfaAB1pFDPqkp2XShT30+IJjk6A68TjvfsfIj7abaQ=="}}
[24-Feb-2025 20:47:46 Europe/Moscow] Script loaded at: 2025-02-24 20:47:46
[24-Feb-2025 20:47:46 Europe/Moscow] Request Method: POST
[24-Feb-2025 20:47:46 Europe/Moscow] Request URI: /api/yggdrasil.php/validate
[24-Feb-2025 20:47:46 Europe/Moscow] Parsed URI: Array
(
    [0] => api
    [1] => yggdrasil.php
    [2] => validate
)

[24-Feb-2025 20:48:04 Europe/Moscow] Script loaded at: 2025-02-24 20:48:04
[24-Feb-2025 20:48:04 Europe/Moscow] Request Method: GET
[24-Feb-2025 20:48:04 Europe/Moscow] Request URI: /api/yggdrasil.php/publickeys
[24-Feb-2025 20:48:04 Europe/Moscow] Parsed URI: Array
(
    [0] => api
    [1] => yggdrasil.php
    [2] => publickeys
)

[24-Feb-2025 20:48:04 Europe/Moscow] Handling /publickeys request
[24-Feb-2025 20:48:04 Europe/Moscow] Script loaded at: 2025-02-24 20:48:04
[24-Feb-2025 20:48:04 Europe/Moscow] Request Method: GET
[24-Feb-2025 20:48:04 Europe/Moscow] Request URI: /api/yggdrasil.php/session/minecraft/profile/473099f1140e4083aad34b55ba00edb0?unsigned=false
[24-Feb-2025 20:48:04 Europe/Moscow] Parsed URI: Array
(
    [0] => api
    [1] => yggdrasil.php
    [2] => session
    [3] => minecraft
    [4] => profile
    [5] => 473099f1140e4083aad34b55ba00edb0
)

[24-Feb-2025 20:48:04 Europe/Moscow] Handling /session/minecraft/profile for uuid: 473099f1-140e-4083-aad3-4b55ba00edb0
[24-Feb-2025 20:48:04 Europe/Moscow] Public keys response prepared: {"profilePropertyKeys":[{"publicKey":"MIIBIjANBgkqhkiG9w0BAQEFAAOCAQ8AMIIBCgKCAQEAw5Fu8JeorNSVXs8a2RNPtWb8vtn65ay7CXgdQ6rA9PReJMYONc\/RCwe272LXlNbrR\/ns7dkKncPySpGXXmZjApLzZktaB3hWObZGAmTOFF4dCAWi9oyRrJ4LivLBd5EODY4LTyKrmUUqS28xUCGfgzh92AsXbxZimahwAscp089etqXCzBvCyNkQe9UfbnzZzTPSsOiBdYlOgLEGkscfXYYkIA\/KdFQsuPp3z4Vj3bwPoeBAVnpHqNiaSdPq840k4iUKEdMxJHMclt8CJXZbr7jqv4RfeoOT+ypkSNckIRkD2QmBf4pPSzI3Qhag2MpS\/FTCMuvCya9Tvp6ckOdEKwIDAQAB","signature":"QdaSf4nTy7JCtnfCFcFB7ISk\/OFEcRFDiKYeDrqviPRWQDiRBtAwXPxihB\/GY9CcwCrp7ppe7gXOc2iRXuwWQRr9E55JwgyG\/20IVXGB+gfooA03e69RHz914XURzulGcY4jWojckDbFAK1AjsmO7q4zyngXnPO6Rguzy2QuRrPFayO3ioN8CDwpV0XHO\/jC4T9H5DnbzuxlC2z2RoJAfRoi72lOcSzFAwrE+A1cBHzfP8sOf7IN9ZUJTvZj0F6XeksueMrl07HVGDBgql3WWF+\/PYWC1M\/67XpnB0DlBdY3KfaAB1pFDPqkp2XShT30+IJjk6A68TjvfsfIj7abaQ=="}]}
[24-Feb-2025 20:48:04 Europe/Moscow] Response prepared: {"id":"473099f1-140e-4083-aad3-4b55ba00edb0","name":"_CyberDemon_","properties":[{"name":"textures","value":"eyJ0aW1lc3RhbXAiOjE3NDA0MTkyODQsInByb2ZpbGVJZCI6IjQ3MzA5OWYxLTE0MGUtNDA4My1hYWQzLTRiNTViYTAwZWRiMCIsInByb2ZpbGVOYW1lIjoiX0N5YmVyRGVtb25fIiwidGV4dHVyZXMiOnsiU0tJTiI6eyJ1cmwiOiJodHRwczpcL1wvcHJvamVjdC1lY2hvLnJ1XC9za2luc1wvZGVmYXVsdC5wbmcifX19","signature":"OcOHsgxCcZY+0nOykDEAwqMYFZZrTIC+XusJ4tHQH\/\/rRGm8XSIG8qGwF91EQ2F1jkyROfTbDmzQ0s\/SKlHIQQd8DA6V\/Xto\/F1mik5t7EPpqJ37fS+yxuGUFhIIpAxKTOE1Ojzyt\/JH\/zq01dfJOHxWXms6IYHomHkO9P3vfhibRPVMwb\/BChXOnwWA8tPUCYw7aGMecA7gcJCZG3aX6fDGXV4yzLpJ9o7voiuZ2GLkgP5q9Io2e+z2eaw\/g0a1qvlJp9KqZ2MxJE6f9xaUoqvlLezv\/a\/Wyl+zjNIGJF8wnj\/qR2XqE1CfDJYlPaImUpOf\/9C34s6fi1iTp5YziA=="}],"publicKey":{"key":"MIIBIjANBgkqhkiG9w0BAQEFAAOCAQ8AMIIBCgKCAQEAw5Fu8JeorNSVXs8a2RNPtWb8vtn65ay7CXgdQ6rA9PReJMYONc\/RCwe272LXlNbrR\/ns7dkKncPySpGXXmZjApLzZktaB3hWObZGAmTOFF4dCAWi9oyRrJ4LivLBd5EODY4LTyKrmUUqS28xUCGfgzh92AsXbxZimahwAscp089etqXCzBvCyNkQe9UfbnzZzTPSsOiBdYlOgLEGkscfXYYkIA\/KdFQsuPp3z4Vj3bwPoeBAVnpHqNiaSdPq840k4iUKEdMxJHMclt8CJXZbr7jqv4RfeoOT+ypkSNckIRkD2QmBf4pPSzI3Qhag2MpS\/FTCMuvCya9Tvp6ckOdEKwIDAQAB","signature":"QdaSf4nTy7JCtnfCFcFB7ISk\/OFEcRFDiKYeDrqviPRWQDiRBtAwXPxihB\/GY9CcwCrp7ppe7gXOc2iRXuwWQRr9E55JwgyG\/20IVXGB+gfooA03e69RHz914XURzulGcY4jWojckDbFAK1AjsmO7q4zyngXnPO6Rguzy2QuRrPFayO3ioN8CDwpV0XHO\/jC4T9H5DnbzuxlC2z2RoJAfRoi72lOcSzFAwrE+A1cBHzfP8sOf7IN9ZUJTvZj0F6XeksueMrl07HVGDBgql3WWF+\/PYWC1M\/67XpnB0DlBdY3KfaAB1pFDPqkp2XShT30+IJjk6A68TjvfsfIj7abaQ=="}}
[24-Feb-2025 20:48:55 Europe/Moscow] Script loaded at: 2025-02-24 20:48:55
[24-Feb-2025 20:48:55 Europe/Moscow] Request Method: GET
[24-Feb-2025 20:48:55 Europe/Moscow] Request URI: /api/yggdrasil.php
[24-Feb-2025 20:48:55 Europe/Moscow] Parsed URI: Array
(
    [0] => api
    [1] => yggdrasil.php
)

[24-Feb-2025 20:49:23 Europe/Moscow] Script loaded at: 2025-02-24 20:49:23
[24-Feb-2025 20:49:23 Europe/Moscow] Request Method: POST
[24-Feb-2025 20:49:23 Europe/Moscow] Request URI: /api/yggdrasil.php/session/minecraft/join
[24-Feb-2025 20:49:23 Europe/Moscow] Parsed URI: Array
(
    [0] => api
    [1] => yggdrasil.php
    [2] => session
    [3] => minecraft
    [4] => join
)

[24-Feb-2025 20:49:23 Europe/Moscow] Session updated: accessToken=d168494e7d90e6686f9458370473ed68, uuid=473099f1-140e-4083-aad3-4b55ba00edb0, serverId=-56bd3765facd280efc0d0e6c32fab16d04891734
[24-Feb-2025 20:49:23 Europe/Moscow] Script loaded at: 2025-02-24 20:49:23
[24-Feb-2025 20:49:23 Europe/Moscow] Request Method: GET
[24-Feb-2025 20:49:23 Europe/Moscow] Request URI: /api/yggdrasil.php/sessionserver/session/minecraft/hasJoined?serverId=-56bd3765facd280efc0d0e6c32fab16d04891734&username=_CyberDemon_
[24-Feb-2025 20:49:23 Europe/Moscow] Parsed URI: Array
(
    [0] => api
    [1] => yggdrasil.php
    [2] => sessionserver
    [3] => session
    [4] => minecraft
    [5] => hasJoined
)

[24-Feb-2025 20:49:23 Europe/Moscow] Handling /hasJoined for username: _CyberDemon_, serverId: -56bd3765facd280efc0d0e6c32fab16d04891734
[24-Feb-2025 20:49:23 Europe/Moscow] Response prepared for /hasJoined: {"id":"473099f1-140e-4083-aad3-4b55ba00edb0","name":"_CyberDemon_","properties":[{"name":"textures","value":"eyJ0aW1lc3RhbXAiOjE3NDA0MTkzNjMsInByb2ZpbGVJZCI6IjQ3MzA5OWYxLTE0MGUtNDA4My1hYWQzLTRiNTViYTAwZWRiMCIsInByb2ZpbGVOYW1lIjoiX0N5YmVyRGVtb25fIiwidGV4dHVyZXMiOnsiU0tJTiI6eyJ1cmwiOiJodHRwczpcL1wvcHJvamVjdC1lY2hvLnJ1XC9za2luc1wvZGVmYXVsdC5wbmcifX19","signature":"lMJhTKzrI1GZP66NEh5VUv7+LhEUPVEWwwlIN7OC5njhNoUu2M0UE5n5Ffs3oj7rI1XutsTB5WzXGFsLPIEGKJGWBmlNLjyYwphBLxQq6swtzQNAzMgHA4m1pwatQygoAkJWEySc+KfpxyJ4PzBdGFAkwVGJR0bnXCg9UVjpCvLvyQobIRcMpVtmla\/Ta89YQ841JJC7\/inhI53C564FlpFEBy7A8i0P6IAWwfkh1hKJHDnc\/Al3zjtd9n44n70gvYvCvOmgd4CBV6fLH85K+Lqw5rJ9Le3Q3rxoMhuA1TpLdP+5AXd5qc1xkD\/gJIRDWZ74nfm6bcCrwEJ9nfxYOw=="}],"publicKey":{"key":"MIIBIjANBgkqhkiG9w0BAQEFAAOCAQ8AMIIBCgKCAQEAw5Fu8JeorNSVXs8a2RNPtWb8vtn65ay7CXgdQ6rA9PReJMYONc\/RCwe272LXlNbrR\/ns7dkKncPySpGXXmZjApLzZktaB3hWObZGAmTOFF4dCAWi9oyRrJ4LivLBd5EODY4LTyKrmUUqS28xUCGfgzh92AsXbxZimahwAscp089etqXCzBvCyNkQe9UfbnzZzTPSsOiBdYlOgLEGkscfXYYkIA\/KdFQsuPp3z4Vj3bwPoeBAVnpHqNiaSdPq840k4iUKEdMxJHMclt8CJXZbr7jqv4RfeoOT+ypkSNckIRkD2QmBf4pPSzI3Qhag2MpS\/FTCMuvCya9Tvp6ckOdEKwIDAQAB","signature":"QdaSf4nTy7JCtnfCFcFB7ISk\/OFEcRFDiKYeDrqviPRWQDiRBtAwXPxihB\/GY9CcwCrp7ppe7gXOc2iRXuwWQRr9E55JwgyG\/20IVXGB+gfooA03e69RHz914XURzulGcY4jWojckDbFAK1AjsmO7q4zyngXnPO6Rguzy2QuRrPFayO3ioN8CDwpV0XHO\/jC4T9H5DnbzuxlC2z2RoJAfRoi72lOcSzFAwrE+A1cBHzfP8sOf7IN9ZUJTvZj0F6XeksueMrl07HVGDBgql3WWF+\/PYWC1M\/67XpnB0DlBdY3KfaAB1pFDPqkp2XShT30+IJjk6A68TjvfsfIj7abaQ=="}}
[16-Mar-2025 17:14:15 Europe/Moscow] Script loaded at: 2025-03-16 17:14:15
[16-Mar-2025 17:14:15 Europe/Moscow] Request Method: GET
[16-Mar-2025 17:14:15 Europe/Moscow] Request URI: /api/yggdrasil.php
[16-Mar-2025 17:14:15 Europe/Moscow] Parsed URI: Array
(
    [0] => api
    [1] => yggdrasil.php
)

[16-Mar-2025 17:16:17 Europe/Moscow] Script loaded at: 2025-03-16 17:16:17
[16-Mar-2025 17:16:17 Europe/Moscow] Request Method: POST
[16-Mar-2025 17:16:17 Europe/Moscow] Request URI: /api/yggdrasil.php/authenticate
[16-Mar-2025 17:16:17 Europe/Moscow] Parsed URI: Array
(
    [0] => api
    [1] => yggdrasil.php
    [2] => authenticate
)

[16-Mar-2025 17:16:17 Europe/Moscow] AccessToken saved for authenticate: accessToken=fbffe24a06152ed418c136079ea6f277, uuid=473099f1-140e-4083-aad3-4b55ba00edb0
[16-Mar-2025 17:16:17 Europe/Moscow] Script loaded at: 2025-03-16 17:16:17
[16-Mar-2025 17:16:17 Europe/Moscow] Request Method: GET
[16-Mar-2025 17:16:17 Europe/Moscow] Request URI: /api/yggdrasil.php/session/minecraft/profile/473099f1-140e-4083-aad3-4b55ba00edb0
[16-Mar-2025 17:16:17 Europe/Moscow] Parsed URI: Array
(
    [0] => api
    [1] => yggdrasil.php
    [2] => session
    [3] => minecraft
    [4] => profile
    [5] => 473099f1-140e-4083-aad3-4b55ba00edb0
)

[16-Mar-2025 17:16:17 Europe/Moscow] Handling /session/minecraft/profile for uuid: 473099f1-140e-4083-aad3-4b55ba00edb0
[16-Mar-2025 17:16:17 Europe/Moscow] Response prepared: {"id":"473099f1-140e-4083-aad3-4b55ba00edb0","name":"_CyberDemon_","properties":[{"name":"textures","value":"eyJ0aW1lc3RhbXAiOjE3NDIxMzQ1NzcsInByb2ZpbGVJZCI6IjQ3MzA5OWYxLTE0MGUtNDA4My1hYWQzLTRiNTViYTAwZWRiMCIsInByb2ZpbGVOYW1lIjoiX0N5YmVyRGVtb25fIiwidGV4dHVyZXMiOnsiU0tJTiI6eyJ1cmwiOiJodHRwczpcL1wvcHJvamVjdC1lY2hvLnJ1XC9za2luc1wvZGVmYXVsdC5wbmcifX19","signature":"QPykWN65a\/5UOlPZVagGVOfD6+s6rW0qWm8M497sJXmSdK7996HgHlAaSWvr8AmLCY3Y5oWbTjGX7u8VAfaJhKZMzMXRRU91w86GYthaRzac97u1HkungCWlUxXLerLkDeqbjNjo8oCIifQhlyZx8bHJekRx65q9R26z745fW7K+fd86YMn+TSeTLTkO9NV1meoT9J1XaW+LsME+3WxleCwMtwV7uhrPfcjD4j1u\/LF7yTkZ\/n6KJhL1Oor38OgUTa3FsEyQfjR9HI\/if9xtXIWUHwHvVkUfRPz9JL5jRTgJEddwgmRmbyiIfJkf1kj1LmvappkxJq3drnffFDKWHA=="}],"publicKey":{"key":"MIIBIjANBgkqhkiG9w0BAQEFAAOCAQ8AMIIBCgKCAQEAw5Fu8JeorNSVXs8a2RNPtWb8vtn65ay7CXgdQ6rA9PReJMYONc\/RCwe272LXlNbrR\/ns7dkKncPySpGXXmZjApLzZktaB3hWObZGAmTOFF4dCAWi9oyRrJ4LivLBd5EODY4LTyKrmUUqS28xUCGfgzh92AsXbxZimahwAscp089etqXCzBvCyNkQe9UfbnzZzTPSsOiBdYlOgLEGkscfXYYkIA\/KdFQsuPp3z4Vj3bwPoeBAVnpHqNiaSdPq840k4iUKEdMxJHMclt8CJXZbr7jqv4RfeoOT+ypkSNckIRkD2QmBf4pPSzI3Qhag2MpS\/FTCMuvCya9Tvp6ckOdEKwIDAQAB","signature":"QdaSf4nTy7JCtnfCFcFB7ISk\/OFEcRFDiKYeDrqviPRWQDiRBtAwXPxihB\/GY9CcwCrp7ppe7gXOc2iRXuwWQRr9E55JwgyG\/20IVXGB+gfooA03e69RHz914XURzulGcY4jWojckDbFAK1AjsmO7q4zyngXnPO6Rguzy2QuRrPFayO3ioN8CDwpV0XHO\/jC4T9H5DnbzuxlC2z2RoJAfRoi72lOcSzFAwrE+A1cBHzfP8sOf7IN9ZUJTvZj0F6XeksueMrl07HVGDBgql3WWF+\/PYWC1M\/67XpnB0DlBdY3KfaAB1pFDPqkp2XShT30+IJjk6A68TjvfsfIj7abaQ=="}}
[16-Mar-2025 17:16:23 Europe/Moscow] Script loaded at: 2025-03-16 17:16:23
[16-Mar-2025 17:16:23 Europe/Moscow] Request Method: POST
[16-Mar-2025 17:16:23 Europe/Moscow] Request URI: /api/yggdrasil.php/validate
[16-Mar-2025 17:16:23 Europe/Moscow] Parsed URI: Array
(
    [0] => api
    [1] => yggdrasil.php
    [2] => validate
)

[16-Mar-2025 17:16:54 Europe/Moscow] Script loaded at: 2025-03-16 17:16:54
[16-Mar-2025 17:16:54 Europe/Moscow] Script loaded at: 2025-03-16 17:16:54
[16-Mar-2025 17:16:54 Europe/Moscow] Request Method: GET
[16-Mar-2025 17:16:54 Europe/Moscow] Request Method: GET
[16-Mar-2025 17:16:54 Europe/Moscow] Request URI: /api/yggdrasil.php/publickeys
[16-Mar-2025 17:16:54 Europe/Moscow] Request URI: /api/yggdrasil.php/session/minecraft/profile/473099f1140e4083aad34b55ba00edb0?unsigned=false
[16-Mar-2025 17:16:54 Europe/Moscow] Parsed URI: Array
(
    [0] => api
    [1] => yggdrasil.php
    [2] => publickeys
)

[16-Mar-2025 17:16:54 Europe/Moscow] Parsed URI: Array
(
    [0] => api
    [1] => yggdrasil.php
    [2] => session
    [3] => minecraft
    [4] => profile
    [5] => 473099f1140e4083aad34b55ba00edb0
)

[16-Mar-2025 17:16:54 Europe/Moscow] Handling /publickeys request
[16-Mar-2025 17:16:54 Europe/Moscow] Handling /session/minecraft/profile for uuid: 473099f1-140e-4083-aad3-4b55ba00edb0
[16-Mar-2025 17:16:54 Europe/Moscow] Public keys response prepared: {"profilePropertyKeys":[{"publicKey":"MIIBIjANBgkqhkiG9w0BAQEFAAOCAQ8AMIIBCgKCAQEAw5Fu8JeorNSVXs8a2RNPtWb8vtn65ay7CXgdQ6rA9PReJMYONc\/RCwe272LXlNbrR\/ns7dkKncPySpGXXmZjApLzZktaB3hWObZGAmTOFF4dCAWi9oyRrJ4LivLBd5EODY4LTyKrmUUqS28xUCGfgzh92AsXbxZimahwAscp089etqXCzBvCyNkQe9UfbnzZzTPSsOiBdYlOgLEGkscfXYYkIA\/KdFQsuPp3z4Vj3bwPoeBAVnpHqNiaSdPq840k4iUKEdMxJHMclt8CJXZbr7jqv4RfeoOT+ypkSNckIRkD2QmBf4pPSzI3Qhag2MpS\/FTCMuvCya9Tvp6ckOdEKwIDAQAB","signature":"QdaSf4nTy7JCtnfCFcFB7ISk\/OFEcRFDiKYeDrqviPRWQDiRBtAwXPxihB\/GY9CcwCrp7ppe7gXOc2iRXuwWQRr9E55JwgyG\/20IVXGB+gfooA03e69RHz914XURzulGcY4jWojckDbFAK1AjsmO7q4zyngXnPO6Rguzy2QuRrPFayO3ioN8CDwpV0XHO\/jC4T9H5DnbzuxlC2z2RoJAfRoi72lOcSzFAwrE+A1cBHzfP8sOf7IN9ZUJTvZj0F6XeksueMrl07HVGDBgql3WWF+\/PYWC1M\/67XpnB0DlBdY3KfaAB1pFDPqkp2XShT30+IJjk6A68TjvfsfIj7abaQ=="}]}
[16-Mar-2025 17:16:54 Europe/Moscow] Response prepared: {"id":"473099f1-140e-4083-aad3-4b55ba00edb0","name":"_CyberDemon_","properties":[{"name":"textures","value":"eyJ0aW1lc3RhbXAiOjE3NDIxMzQ2MTQsInByb2ZpbGVJZCI6IjQ3MzA5OWYxLTE0MGUtNDA4My1hYWQzLTRiNTViYTAwZWRiMCIsInByb2ZpbGVOYW1lIjoiX0N5YmVyRGVtb25fIiwidGV4dHVyZXMiOnsiU0tJTiI6eyJ1cmwiOiJodHRwczpcL1wvcHJvamVjdC1lY2hvLnJ1XC9za2luc1wvZGVmYXVsdC5wbmcifX19","signature":"rRr9wjlJ49eIiwwdzknHxAyABKSHkF8G1AuKvQsbAeiHVsEPLxYyi0WI0u\/HZMqt7bn4XoeiJnHttNljHpF9iulplt1F9WIOCAj0VzcHxr0pTpta\/3zw6MY6a6aeBuA3PqRRm\/lEyfmx53owQ8mHAl7JZAcOB9Lt6f5TUMVLVRMxCm5vemV4X+kLQT1fXkF7sd3vEHXshW2OEXX7C6ZHbWCDk3OW\/SFW9La7ZRBAmO\/TdgnaaiJQdNIsxevdiPOJ47aWRfAaoC3ilIK\/+e8NRR0jM2nv4k5i+HWVIc9RGXHNaqQw3sdMWUydm2ujgW0e9NbcgiQdAE\/\/7NSU81b\/ww=="}],"publicKey":{"key":"MIIBIjANBgkqhkiG9w0BAQEFAAOCAQ8AMIIBCgKCAQEAw5Fu8JeorNSVXs8a2RNPtWb8vtn65ay7CXgdQ6rA9PReJMYONc\/RCwe272LXlNbrR\/ns7dkKncPySpGXXmZjApLzZktaB3hWObZGAmTOFF4dCAWi9oyRrJ4LivLBd5EODY4LTyKrmUUqS28xUCGfgzh92AsXbxZimahwAscp089etqXCzBvCyNkQe9UfbnzZzTPSsOiBdYlOgLEGkscfXYYkIA\/KdFQsuPp3z4Vj3bwPoeBAVnpHqNiaSdPq840k4iUKEdMxJHMclt8CJXZbr7jqv4RfeoOT+ypkSNckIRkD2QmBf4pPSzI3Qhag2MpS\/FTCMuvCya9Tvp6ckOdEKwIDAQAB","signature":"QdaSf4nTy7JCtnfCFcFB7ISk\/OFEcRFDiKYeDrqviPRWQDiRBtAwXPxihB\/GY9CcwCrp7ppe7gXOc2iRXuwWQRr9E55JwgyG\/20IVXGB+gfooA03e69RHz914XURzulGcY4jWojckDbFAK1AjsmO7q4zyngXnPO6Rguzy2QuRrPFayO3ioN8CDwpV0XHO\/jC4T9H5DnbzuxlC2z2RoJAfRoi72lOcSzFAwrE+A1cBHzfP8sOf7IN9ZUJTvZj0F6XeksueMrl07HVGDBgql3WWF+\/PYWC1M\/67XpnB0DlBdY3KfaAB1pFDPqkp2XShT30+IJjk6A68TjvfsfIj7abaQ=="}}
[16-Mar-2025 17:17:27 Europe/Moscow] Script loaded at: 2025-03-16 17:17:27
[16-Mar-2025 17:17:27 Europe/Moscow] Request Method: POST
[16-Mar-2025 17:17:27 Europe/Moscow] Request URI: /api/yggdrasil.php/session/minecraft/join
[16-Mar-2025 17:17:27 Europe/Moscow] Parsed URI: Array
(
    [0] => api
    [1] => yggdrasil.php
    [2] => session
    [3] => minecraft
    [4] => join
)

[16-Mar-2025 17:17:27 Europe/Moscow] Session updated: accessToken=fbffe24a06152ed418c136079ea6f277, uuid=473099f1-140e-4083-aad3-4b55ba00edb0, serverId=-2690d38aa0ff6dca6cb8032a9c0563e50eeb2d94
[16-Mar-2025 17:17:27 Europe/Moscow] Script loaded at: 2025-03-16 17:17:27
[16-Mar-2025 17:17:27 Europe/Moscow] Request Method: GET
[16-Mar-2025 17:17:27 Europe/Moscow] Request URI: /api/yggdrasil.php/sessionserver/session/minecraft/hasJoined?serverId=-2690d38aa0ff6dca6cb8032a9c0563e50eeb2d94&username=_CyberDemon_
[16-Mar-2025 17:17:27 Europe/Moscow] Parsed URI: Array
(
    [0] => api
    [1] => yggdrasil.php
    [2] => sessionserver
    [3] => session
    [4] => minecraft
    [5] => hasJoined
)

[16-Mar-2025 17:17:27 Europe/Moscow] Handling /hasJoined for username: _CyberDemon_, serverId: -2690d38aa0ff6dca6cb8032a9c0563e50eeb2d94
[16-Mar-2025 17:17:27 Europe/Moscow] Response prepared for /hasJoined: {"id":"473099f1-140e-4083-aad3-4b55ba00edb0","name":"_CyberDemon_","properties":[{"name":"textures","value":"eyJ0aW1lc3RhbXAiOjE3NDIxMzQ2NDcsInByb2ZpbGVJZCI6IjQ3MzA5OWYxLTE0MGUtNDA4My1hYWQzLTRiNTViYTAwZWRiMCIsInByb2ZpbGVOYW1lIjoiX0N5YmVyRGVtb25fIiwidGV4dHVyZXMiOnsiU0tJTiI6eyJ1cmwiOiJodHRwczpcL1wvcHJvamVjdC1lY2hvLnJ1XC9za2luc1wvZGVmYXVsdC5wbmcifX19","signature":"FlZm002yl27giKFv5y9Li8StSvOfdpm4wuGZCpNE3ii9gFFAmU52GgtaizFL7E2SEqai14qBIY2ri4Prj2A1LBBqE8\/W1q5+IctbzZXHSfJoYmDRKxM02dYAX6wsLFsd3lVhoAPvQDhT+UHhOxUVdMjKzJ3E+i2E+2qLSwwceF4oHmv4T3CR8daR8pQfapm8RJri2Za9ghH\/BOltEuOgG0aoToP1xZ5k+nndfd36sH+lwOy4rlRv4TjjYfsHkc9R9ffyIOk\/E3Rlpn+JjE9WMuwRgUw8dBDMMZYA+cccAEdSbY\/E197IGmnnLMMcqtezIuIb9PIwH8GhaQX3mkmmAQ=="}],"publicKey":{"key":"MIIBIjANBgkqhkiG9w0BAQEFAAOCAQ8AMIIBCgKCAQEAw5Fu8JeorNSVXs8a2RNPtWb8vtn65ay7CXgdQ6rA9PReJMYONc\/RCwe272LXlNbrR\/ns7dkKncPySpGXXmZjApLzZktaB3hWObZGAmTOFF4dCAWi9oyRrJ4LivLBd5EODY4LTyKrmUUqS28xUCGfgzh92AsXbxZimahwAscp089etqXCzBvCyNkQe9UfbnzZzTPSsOiBdYlOgLEGkscfXYYkIA\/KdFQsuPp3z4Vj3bwPoeBAVnpHqNiaSdPq840k4iUKEdMxJHMclt8CJXZbr7jqv4RfeoOT+ypkSNckIRkD2QmBf4pPSzI3Qhag2MpS\/FTCMuvCya9Tvp6ckOdEKwIDAQAB","signature":"QdaSf4nTy7JCtnfCFcFB7ISk\/OFEcRFDiKYeDrqviPRWQDiRBtAwXPxihB\/GY9CcwCrp7ppe7gXOc2iRXuwWQRr9E55JwgyG\/20IVXGB+gfooA03e69RHz914XURzulGcY4jWojckDbFAK1AjsmO7q4zyngXnPO6Rguzy2QuRrPFayO3ioN8CDwpV0XHO\/jC4T9H5DnbzuxlC2z2RoJAfRoi72lOcSzFAwrE+A1cBHzfP8sOf7IN9ZUJTvZj0F6XeksueMrl07HVGDBgql3WWF+\/PYWC1M\/67XpnB0DlBdY3KfaAB1pFDPqkp2XShT30+IJjk6A68TjvfsfIj7abaQ=="}}
[16-Mar-2025 17:24:43 Europe/Moscow] Script loaded at: 2025-03-16 17:24:43
[16-Mar-2025 17:24:43 Europe/Moscow] Request Method: POST
[16-Mar-2025 17:24:43 Europe/Moscow] Request URI: /api/yggdrasil.php/validate
[16-Mar-2025 17:24:43 Europe/Moscow] Parsed URI: Array
(
    [0] => api
    [1] => yggdrasil.php
    [2] => validate
)

[16-Mar-2025 17:27:19 Europe/Moscow] Script loaded at: 2025-03-16 17:27:19
[16-Mar-2025 17:27:19 Europe/Moscow] Request Method: POST
[16-Mar-2025 17:27:19 Europe/Moscow] Request URI: /api/yggdrasil.php/validate
[16-Mar-2025 17:27:19 Europe/Moscow] Parsed URI: Array
(
    [0] => api
    [1] => yggdrasil.php
    [2] => validate
)

[16-Mar-2025 17:29:58 Europe/Moscow] Script loaded at: 2025-03-16 17:29:58
[16-Mar-2025 17:29:58 Europe/Moscow] Request Method: POST
[16-Mar-2025 17:29:58 Europe/Moscow] Request URI: /api/yggdrasil.php/authenticate
[16-Mar-2025 17:29:58 Europe/Moscow] Parsed URI: Array
(
    [0] => api
    [1] => yggdrasil.php
    [2] => authenticate
)

[16-Mar-2025 17:29:58 Europe/Moscow] AccessToken saved for authenticate: accessToken=66271e41b1950605597c337a6e10854c, uuid=473099f1-140e-4083-aad3-4b55ba00edb0
[16-Mar-2025 17:29:58 Europe/Moscow] Script loaded at: 2025-03-16 17:29:58
[16-Mar-2025 17:29:58 Europe/Moscow] Request Method: GET
[16-Mar-2025 17:29:58 Europe/Moscow] Request URI: /api/yggdrasil.php/session/minecraft/profile/473099f1-140e-4083-aad3-4b55ba00edb0
[16-Mar-2025 17:29:58 Europe/Moscow] Parsed URI: Array
(
    [0] => api
    [1] => yggdrasil.php
    [2] => session
    [3] => minecraft
    [4] => profile
    [5] => 473099f1-140e-4083-aad3-4b55ba00edb0
)

[16-Mar-2025 17:29:58 Europe/Moscow] Handling /session/minecraft/profile for uuid: 473099f1-140e-4083-aad3-4b55ba00edb0
[16-Mar-2025 17:29:58 Europe/Moscow] Response prepared: {"id":"473099f1-140e-4083-aad3-4b55ba00edb0","name":"_CyberDemon_","properties":[{"name":"textures","value":"eyJ0aW1lc3RhbXAiOjE3NDIxMzUzOTgsInByb2ZpbGVJZCI6IjQ3MzA5OWYxLTE0MGUtNDA4My1hYWQzLTRiNTViYTAwZWRiMCIsInByb2ZpbGVOYW1lIjoiX0N5YmVyRGVtb25fIiwidGV4dHVyZXMiOnsiU0tJTiI6eyJ1cmwiOiJodHRwczpcL1wvcHJvamVjdC1lY2hvLnJ1XC9za2luc1wvZGVmYXVsdC5wbmcifX19","signature":"mS8HYoZHu\/IT2Hh14doPSoy61dMb85mKP4vnnQEcGMhCyGMb2Z8H+qbgEnmq7mscRB4c\/IE88GfEjHUOy8q5JEGXO9xOJ3WiuMQgDYNR96PNmYex\/iOXEDbP\/5N+hEUqSp\/GyaE3IbN2\/DdQkEtzpH909XS3oTqsfSknWoBok6M2LLnC6i9XGy2c8HmpGlQpB3czn+hwKbmw0VdhdtL5LI78tYeBY9Ql3O+yWUfRChPrFtlgQg7+yNfpjHFYT0dsT7mvBTX\/NAkRfacgLFPmhjQSW+fkM\/BDQjflrPwKmIHjsgmHKw7YpOSXKXjEeftplCCn9FDctwrKuQLa3GTM5g=="}],"publicKey":{"key":"MIIBIjANBgkqhkiG9w0BAQEFAAOCAQ8AMIIBCgKCAQEAw5Fu8JeorNSVXs8a2RNPtWb8vtn65ay7CXgdQ6rA9PReJMYONc\/RCwe272LXlNbrR\/ns7dkKncPySpGXXmZjApLzZktaB3hWObZGAmTOFF4dCAWi9oyRrJ4LivLBd5EODY4LTyKrmUUqS28xUCGfgzh92AsXbxZimahwAscp089etqXCzBvCyNkQe9UfbnzZzTPSsOiBdYlOgLEGkscfXYYkIA\/KdFQsuPp3z4Vj3bwPoeBAVnpHqNiaSdPq840k4iUKEdMxJHMclt8CJXZbr7jqv4RfeoOT+ypkSNckIRkD2QmBf4pPSzI3Qhag2MpS\/FTCMuvCya9Tvp6ckOdEKwIDAQAB","signature":"QdaSf4nTy7JCtnfCFcFB7ISk\/OFEcRFDiKYeDrqviPRWQDiRBtAwXPxihB\/GY9CcwCrp7ppe7gXOc2iRXuwWQRr9E55JwgyG\/20IVXGB+gfooA03e69RHz914XURzulGcY4jWojckDbFAK1AjsmO7q4zyngXnPO6Rguzy2QuRrPFayO3ioN8CDwpV0XHO\/jC4T9H5DnbzuxlC2z2RoJAfRoi72lOcSzFAwrE+A1cBHzfP8sOf7IN9ZUJTvZj0F6XeksueMrl07HVGDBgql3WWF+\/PYWC1M\/67XpnB0DlBdY3KfaAB1pFDPqkp2XShT30+IJjk6A68TjvfsfIj7abaQ=="}}
[16-Mar-2025 17:30:00 Europe/Moscow] Script loaded at: 2025-03-16 17:30:00
[16-Mar-2025 17:30:00 Europe/Moscow] Request Method: POST
[16-Mar-2025 17:30:00 Europe/Moscow] Request URI: /api/yggdrasil.php/validate
[16-Mar-2025 17:30:00 Europe/Moscow] Parsed URI: Array
(
    [0] => api
    [1] => yggdrasil.php
    [2] => validate
)

[16-Mar-2025 17:30:18 Europe/Moscow] Script loaded at: 2025-03-16 17:30:18
[16-Mar-2025 17:30:18 Europe/Moscow] Request Method: GET
[16-Mar-2025 17:30:18 Europe/Moscow] Request URI: /api/yggdrasil.php/publickeys
[16-Mar-2025 17:30:18 Europe/Moscow] Parsed URI: Array
(
    [0] => api
    [1] => yggdrasil.php
    [2] => publickeys
)

[16-Mar-2025 17:30:18 Europe/Moscow] Handling /publickeys request
[16-Mar-2025 17:30:18 Europe/Moscow] Public keys response prepared: {"profilePropertyKeys":[{"publicKey":"MIIBIjANBgkqhkiG9w0BAQEFAAOCAQ8AMIIBCgKCAQEAw5Fu8JeorNSVXs8a2RNPtWb8vtn65ay7CXgdQ6rA9PReJMYONc\/RCwe272LXlNbrR\/ns7dkKncPySpGXXmZjApLzZktaB3hWObZGAmTOFF4dCAWi9oyRrJ4LivLBd5EODY4LTyKrmUUqS28xUCGfgzh92AsXbxZimahwAscp089etqXCzBvCyNkQe9UfbnzZzTPSsOiBdYlOgLEGkscfXYYkIA\/KdFQsuPp3z4Vj3bwPoeBAVnpHqNiaSdPq840k4iUKEdMxJHMclt8CJXZbr7jqv4RfeoOT+ypkSNckIRkD2QmBf4pPSzI3Qhag2MpS\/FTCMuvCya9Tvp6ckOdEKwIDAQAB","signature":"QdaSf4nTy7JCtnfCFcFB7ISk\/OFEcRFDiKYeDrqviPRWQDiRBtAwXPxihB\/GY9CcwCrp7ppe7gXOc2iRXuwWQRr9E55JwgyG\/20IVXGB+gfooA03e69RHz914XURzulGcY4jWojckDbFAK1AjsmO7q4zyngXnPO6Rguzy2QuRrPFayO3ioN8CDwpV0XHO\/jC4T9H5DnbzuxlC2z2RoJAfRoi72lOcSzFAwrE+A1cBHzfP8sOf7IN9ZUJTvZj0F6XeksueMrl07HVGDBgql3WWF+\/PYWC1M\/67XpnB0DlBdY3KfaAB1pFDPqkp2XShT30+IJjk6A68TjvfsfIj7abaQ=="}]}
[16-Mar-2025 17:30:18 Europe/Moscow] Script loaded at: 2025-03-16 17:30:18
[16-Mar-2025 17:30:18 Europe/Moscow] Request Method: GET
[16-Mar-2025 17:30:18 Europe/Moscow] Request URI: /api/yggdrasil.php/session/minecraft/profile/473099f1140e4083aad34b55ba00edb0?unsigned=false
[16-Mar-2025 17:30:18 Europe/Moscow] Parsed URI: Array
(
    [0] => api
    [1] => yggdrasil.php
    [2] => session
    [3] => minecraft
    [4] => profile
    [5] => 473099f1140e4083aad34b55ba00edb0
)

[16-Mar-2025 17:30:18 Europe/Moscow] Handling /session/minecraft/profile for uuid: 473099f1-140e-4083-aad3-4b55ba00edb0
[16-Mar-2025 17:30:18 Europe/Moscow] Response prepared: {"id":"473099f1-140e-4083-aad3-4b55ba00edb0","name":"_CyberDemon_","properties":[{"name":"textures","value":"eyJ0aW1lc3RhbXAiOjE3NDIxMzU0MTgsInByb2ZpbGVJZCI6IjQ3MzA5OWYxLTE0MGUtNDA4My1hYWQzLTRiNTViYTAwZWRiMCIsInByb2ZpbGVOYW1lIjoiX0N5YmVyRGVtb25fIiwidGV4dHVyZXMiOnsiU0tJTiI6eyJ1cmwiOiJodHRwczpcL1wvcHJvamVjdC1lY2hvLnJ1XC9za2luc1wvZGVmYXVsdC5wbmcifX19","signature":"Pa48OHZojJQ3HzgriLK3VvNQOpP186bg+w398tn06UZ4CCzCMTBM3kF+KeUXIIWmj5a90mzkfPiFyR7yDeJAyhgkrGAxQAtsmCs0o9WwWFrHTjbjywHXHmHcjy7cXjk2YOrMlgceVoNjieOukvmJGqnZJog8b\/AwNYfdRmjjFaS9fwl0myIpWn4tJ\/d66atzPVX8+HLlt7lcGlYqjEuaBfgqXmOqIu3Owmxd5290CNg1m1GzJ413gG7gV1vyMpIghtMYsh2\/wmJxF99XOwjoFKTm28BPT6jb9fQArWxg3KkU5RowKMxfjbBJatAeGBuY0YAw8hRKiEpM6EoaTppBXw=="}],"publicKey":{"key":"MIIBIjANBgkqhkiG9w0BAQEFAAOCAQ8AMIIBCgKCAQEAw5Fu8JeorNSVXs8a2RNPtWb8vtn65ay7CXgdQ6rA9PReJMYONc\/RCwe272LXlNbrR\/ns7dkKncPySpGXXmZjApLzZktaB3hWObZGAmTOFF4dCAWi9oyRrJ4LivLBd5EODY4LTyKrmUUqS28xUCGfgzh92AsXbxZimahwAscp089etqXCzBvCyNkQe9UfbnzZzTPSsOiBdYlOgLEGkscfXYYkIA\/KdFQsuPp3z4Vj3bwPoeBAVnpHqNiaSdPq840k4iUKEdMxJHMclt8CJXZbr7jqv4RfeoOT+ypkSNckIRkD2QmBf4pPSzI3Qhag2MpS\/FTCMuvCya9Tvp6ckOdEKwIDAQAB","signature":"QdaSf4nTy7JCtnfCFcFB7ISk\/OFEcRFDiKYeDrqviPRWQDiRBtAwXPxihB\/GY9CcwCrp7ppe7gXOc2iRXuwWQRr9E55JwgyG\/20IVXGB+gfooA03e69RHz914XURzulGcY4jWojckDbFAK1AjsmO7q4zyngXnPO6Rguzy2QuRrPFayO3ioN8CDwpV0XHO\/jC4T9H5DnbzuxlC2z2RoJAfRoi72lOcSzFAwrE+A1cBHzfP8sOf7IN9ZUJTvZj0F6XeksueMrl07HVGDBgql3WWF+\/PYWC1M\/67XpnB0DlBdY3KfaAB1pFDPqkp2XShT30+IJjk6A68TjvfsfIj7abaQ=="}}
[16-Mar-2025 17:30:50 Europe/Moscow] Script loaded at: 2025-03-16 17:30:50
[16-Mar-2025 17:30:50 Europe/Moscow] Request Method: POST
[16-Mar-2025 17:30:50 Europe/Moscow] Request URI: /api/yggdrasil.php/session/minecraft/join
[16-Mar-2025 17:30:50 Europe/Moscow] Parsed URI: Array
(
    [0] => api
    [1] => yggdrasil.php
    [2] => session
    [3] => minecraft
    [4] => join
)

[16-Mar-2025 17:30:50 Europe/Moscow] Session updated: accessToken=66271e41b1950605597c337a6e10854c, uuid=473099f1-140e-4083-aad3-4b55ba00edb0, serverId=-2f256223cef8c0e557c96e14866ebe8f90a34bc1
[16-Mar-2025 17:30:50 Europe/Moscow] Script loaded at: 2025-03-16 17:30:50
[16-Mar-2025 17:30:50 Europe/Moscow] Request Method: GET
[16-Mar-2025 17:30:50 Europe/Moscow] Request URI: /api/yggdrasil.php/sessionserver/session/minecraft/hasJoined?serverId=-2f256223cef8c0e557c96e14866ebe8f90a34bc1&username=_CyberDemon_
[16-Mar-2025 17:30:50 Europe/Moscow] Parsed URI: Array
(
    [0] => api
    [1] => yggdrasil.php
    [2] => sessionserver
    [3] => session
    [4] => minecraft
    [5] => hasJoined
)

[16-Mar-2025 17:30:50 Europe/Moscow] Handling /hasJoined for username: _CyberDemon_, serverId: -2f256223cef8c0e557c96e14866ebe8f90a34bc1
[16-Mar-2025 17:30:50 Europe/Moscow] Response prepared for /hasJoined: {"id":"473099f1-140e-4083-aad3-4b55ba00edb0","name":"_CyberDemon_","properties":[{"name":"textures","value":"eyJ0aW1lc3RhbXAiOjE3NDIxMzU0NTAsInByb2ZpbGVJZCI6IjQ3MzA5OWYxLTE0MGUtNDA4My1hYWQzLTRiNTViYTAwZWRiMCIsInByb2ZpbGVOYW1lIjoiX0N5YmVyRGVtb25fIiwidGV4dHVyZXMiOnsiU0tJTiI6eyJ1cmwiOiJodHRwczpcL1wvcHJvamVjdC1lY2hvLnJ1XC9za2luc1wvZGVmYXVsdC5wbmcifX19","signature":"DIDLR72Vnr6FOsx0DKojxFF8wpxYM8gT3Ob78flI4ad2CdQXRq5O03Myn9Zme6czbbPuQ+ga9mG1LnISDNxWxZd98ZSpP01g11vDx0GEO2wA2rb7SqPSadivr0UZ1A80sx6\/XfbmqQ7HAYpPOkvOefUPTSE8pcpYNE57Z91E83aYE1lKxZccwXPuFYn3VcHfqV3FbbE0BCJNoOtJdmCa1PXQedUPQnG7lWGwfP\/xdO8ZdtTFZ67DoMb\/tVIbFu3h4BMwZjRgpRBuS7UqrbQJj3U3Yu82r5es2r2BWOto52NZgJV4L+sqa8MKEbk8eyO2fNHPQamI7HGO1DEsmQUR1Q=="}],"publicKey":{"key":"MIIBIjANBgkqhkiG9w0BAQEFAAOCAQ8AMIIBCgKCAQEAw5Fu8JeorNSVXs8a2RNPtWb8vtn65ay7CXgdQ6rA9PReJMYONc\/RCwe272LXlNbrR\/ns7dkKncPySpGXXmZjApLzZktaB3hWObZGAmTOFF4dCAWi9oyRrJ4LivLBd5EODY4LTyKrmUUqS28xUCGfgzh92AsXbxZimahwAscp089etqXCzBvCyNkQe9UfbnzZzTPSsOiBdYlOgLEGkscfXYYkIA\/KdFQsuPp3z4Vj3bwPoeBAVnpHqNiaSdPq840k4iUKEdMxJHMclt8CJXZbr7jqv4RfeoOT+ypkSNckIRkD2QmBf4pPSzI3Qhag2MpS\/FTCMuvCya9Tvp6ckOdEKwIDAQAB","signature":"QdaSf4nTy7JCtnfCFcFB7ISk\/OFEcRFDiKYeDrqviPRWQDiRBtAwXPxihB\/GY9CcwCrp7ppe7gXOc2iRXuwWQRr9E55JwgyG\/20IVXGB+gfooA03e69RHz914XURzulGcY4jWojckDbFAK1AjsmO7q4zyngXnPO6Rguzy2QuRrPFayO3ioN8CDwpV0XHO\/jC4T9H5DnbzuxlC2z2RoJAfRoi72lOcSzFAwrE+A1cBHzfP8sOf7IN9ZUJTvZj0F6XeksueMrl07HVGDBgql3WWF+\/PYWC1M\/67XpnB0DlBdY3KfaAB1pFDPqkp2XShT30+IJjk6A68TjvfsfIj7abaQ=="}}
[16-Mar-2025 21:11:54 Europe/Moscow] Script loaded at: 2025-03-16 21:11:54
[16-Mar-2025 21:11:54 Europe/Moscow] Request Method: POST
[16-Mar-2025 21:11:54 Europe/Moscow] Request URI: /api/yggdrasil.php/authenticate
[16-Mar-2025 21:11:54 Europe/Moscow] Parsed URI: Array
(
    [0] => api
    [1] => yggdrasil.php
    [2] => authenticate
)

[16-Mar-2025 21:11:54 Europe/Moscow] AccessToken saved for authenticate: accessToken=cc66c2c7f22aa07e97d2b1346eabb657, uuid=b900a15a-d79d-b8c8-9af5-e0a73d6e5c79
[16-Mar-2025 21:11:54 Europe/Moscow] Script loaded at: 2025-03-16 21:11:54
[16-Mar-2025 21:11:54 Europe/Moscow] Request Method: GET
[16-Mar-2025 21:11:54 Europe/Moscow] Request URI: /api/yggdrasil.php/session/minecraft/profile/b900a15a-d79d-b8c8-9af5-e0a73d6e5c79
[16-Mar-2025 21:11:54 Europe/Moscow] Parsed URI: Array
(
    [0] => api
    [1] => yggdrasil.php
    [2] => session
    [3] => minecraft
    [4] => profile
    [5] => b900a15a-d79d-b8c8-9af5-e0a73d6e5c79
)

[16-Mar-2025 21:11:54 Europe/Moscow] Handling /session/minecraft/profile for uuid: b900a15a-d79d-b8c8-9af5-e0a73d6e5c79
[16-Mar-2025 21:11:54 Europe/Moscow] Response prepared: {"id":"b900a15a-d79d-b8c8-9af5-e0a73d6e5c79","name":"StarDeus","properties":[{"name":"textures","value":"eyJ0aW1lc3RhbXAiOjE3NDIxNDg3MTQsInByb2ZpbGVJZCI6ImI5MDBhMTVhLWQ3OWQtYjhjOC05YWY1LWUwYTczZDZlNWM3OSIsInByb2ZpbGVOYW1lIjoiU3RhckRldXMiLCJ0ZXh0dXJlcyI6eyJTS0lOIjp7InVybCI6Imh0dHBzOlwvXC9wcm9qZWN0LWVjaG8ucnVcL3NraW5zXC9kZWZhdWx0LnBuZyJ9fX0=","signature":"RCw5FnTeQEOrAenq+zDzjkRUr19ScCl3EMSmuE7mwoi\/JyLLE1Bw0\/sS85cDR881QvsqhmbP7Fai+0G6zms+P2bihN\/eZJ2rX1WooZ7qorJQOnSf2D0HvFDFJWe4kUrmBEYtLHLL8lgpO8M7UehMy2jtNJsK48iVC2DAnxkQkoMTj20n3o+Mt5V7cNO\/im8Hpdma5ZyaN1IXN9Sygu1dtvOQC2V1iXb92U+pFAfqZf4THWR8JNlLL\/N8h3BeSzctjK7AlyjcZ4T0boNvtLyMwRpR5APmCbg7rIKb\/F0om4cPL2ErkqAk3qEw\/VTmh938zxLB2nX33g5Au7OhTQ0G0w=="}],"publicKey":{"key":"MIIBIjANBgkqhkiG9w0BAQEFAAOCAQ8AMIIBCgKCAQEAw5Fu8JeorNSVXs8a2RNPtWb8vtn65ay7CXgdQ6rA9PReJMYONc\/RCwe272LXlNbrR\/ns7dkKncPySpGXXmZjApLzZktaB3hWObZGAmTOFF4dCAWi9oyRrJ4LivLBd5EODY4LTyKrmUUqS28xUCGfgzh92AsXbxZimahwAscp089etqXCzBvCyNkQe9UfbnzZzTPSsOiBdYlOgLEGkscfXYYkIA\/KdFQsuPp3z4Vj3bwPoeBAVnpHqNiaSdPq840k4iUKEdMxJHMclt8CJXZbr7jqv4RfeoOT+ypkSNckIRkD2QmBf4pPSzI3Qhag2MpS\/FTCMuvCya9Tvp6ckOdEKwIDAQAB","signature":"QdaSf4nTy7JCtnfCFcFB7ISk\/OFEcRFDiKYeDrqviPRWQDiRBtAwXPxihB\/GY9CcwCrp7ppe7gXOc2iRXuwWQRr9E55JwgyG\/20IVXGB+gfooA03e69RHz914XURzulGcY4jWojckDbFAK1AjsmO7q4zyngXnPO6Rguzy2QuRrPFayO3ioN8CDwpV0XHO\/jC4T9H5DnbzuxlC2z2RoJAfRoi72lOcSzFAwrE+A1cBHzfP8sOf7IN9ZUJTvZj0F6XeksueMrl07HVGDBgql3WWF+\/PYWC1M\/67XpnB0DlBdY3KfaAB1pFDPqkp2XShT30+IJjk6A68TjvfsfIj7abaQ=="}}
[16-Mar-2025 21:12:04 Europe/Moscow] Script loaded at: 2025-03-16 21:12:04
[16-Mar-2025 21:12:04 Europe/Moscow] Request Method: POST
[16-Mar-2025 21:12:04 Europe/Moscow] Request URI: /api/yggdrasil.php/validate
[16-Mar-2025 21:12:04 Europe/Moscow] Parsed URI: Array
(
    [0] => api
    [1] => yggdrasil.php
    [2] => validate
)

[16-Mar-2025 21:18:36 Europe/Moscow] Script loaded at: 2025-03-16 21:18:36
[16-Mar-2025 21:18:36 Europe/Moscow] Request Method: POST
[16-Mar-2025 21:18:36 Europe/Moscow] Request URI: /api/yggdrasil.php/validate
[16-Mar-2025 21:18:36 Europe/Moscow] Parsed URI: Array
(
    [0] => api
    [1] => yggdrasil.php
    [2] => validate
)

[16-Mar-2025 21:22:04 Europe/Moscow] Script loaded at: 2025-03-16 21:22:04
[16-Mar-2025 21:22:04 Europe/Moscow] Request Method: POST
[16-Mar-2025 21:22:04 Europe/Moscow] Request URI: /api/yggdrasil.php/validate
[16-Mar-2025 21:22:04 Europe/Moscow] Parsed URI: Array
(
    [0] => api
    [1] => yggdrasil.php
    [2] => validate
)

[16-Mar-2025 21:23:28 Europe/Moscow] Script loaded at: 2025-03-16 21:23:28
[16-Mar-2025 21:23:28 Europe/Moscow] Request Method: POST
[16-Mar-2025 21:23:28 Europe/Moscow] Request URI: /api/yggdrasil.php/validate
[16-Mar-2025 21:23:28 Europe/Moscow] Parsed URI: Array
(
    [0] => api
    [1] => yggdrasil.php
    [2] => validate
)

[16-Mar-2025 21:25:33 Europe/Moscow] Script loaded at: 2025-03-16 21:25:33
[16-Mar-2025 21:25:33 Europe/Moscow] Request Method: POST
[16-Mar-2025 21:25:33 Europe/Moscow] Request URI: /api/yggdrasil.php/validate
[16-Mar-2025 21:25:33 Europe/Moscow] Parsed URI: Array
(
    [0] => api
    [1] => yggdrasil.php
    [2] => validate
)

[16-Mar-2025 21:36:26 Europe/Moscow] Script loaded at: 2025-03-16 21:36:26
[16-Mar-2025 21:36:26 Europe/Moscow] Request Method: POST
[16-Mar-2025 21:36:26 Europe/Moscow] Request URI: /api/yggdrasil.php/validate
[16-Mar-2025 21:36:26 Europe/Moscow] Parsed URI: Array
(
    [0] => api
    [1] => yggdrasil.php
    [2] => validate
)

[16-Mar-2025 21:48:52 Europe/Moscow] Script loaded at: 2025-03-16 21:48:52
[16-Mar-2025 21:48:52 Europe/Moscow] Request Method: POST
[16-Mar-2025 21:48:52 Europe/Moscow] Request URI: /api/yggdrasil.php/authenticate
[16-Mar-2025 21:48:52 Europe/Moscow] Parsed URI: Array
(
    [0] => api
    [1] => yggdrasil.php
    [2] => authenticate
)

[16-Mar-2025 21:48:52 Europe/Moscow] AccessToken saved for authenticate: accessToken=1903ed3f73ad530efd07f8f833e486dc, uuid=473099f1-140e-4083-aad3-4b55ba00edb0
[16-Mar-2025 21:48:52 Europe/Moscow] Script loaded at: 2025-03-16 21:48:52
[16-Mar-2025 21:48:52 Europe/Moscow] Request Method: GET
[16-Mar-2025 21:48:52 Europe/Moscow] Request URI: /api/yggdrasil.php/session/minecraft/profile/473099f1-140e-4083-aad3-4b55ba00edb0
[16-Mar-2025 21:48:52 Europe/Moscow] Parsed URI: Array
(
    [0] => api
    [1] => yggdrasil.php
    [2] => session
    [3] => minecraft
    [4] => profile
    [5] => 473099f1-140e-4083-aad3-4b55ba00edb0
)

[16-Mar-2025 21:48:52 Europe/Moscow] Handling /session/minecraft/profile for uuid: 473099f1-140e-4083-aad3-4b55ba00edb0
[16-Mar-2025 21:48:52 Europe/Moscow] Response prepared: {"id":"473099f1-140e-4083-aad3-4b55ba00edb0","name":"_CyberDemon_","properties":[{"name":"textures","value":"eyJ0aW1lc3RhbXAiOjE3NDIxNTA5MzIsInByb2ZpbGVJZCI6IjQ3MzA5OWYxLTE0MGUtNDA4My1hYWQzLTRiNTViYTAwZWRiMCIsInByb2ZpbGVOYW1lIjoiX0N5YmVyRGVtb25fIiwidGV4dHVyZXMiOnsiU0tJTiI6eyJ1cmwiOiJodHRwczpcL1wvcHJvamVjdC1lY2hvLnJ1XC9za2luc1wvZGVmYXVsdC5wbmcifX19","signature":"qYoddtep1JwKC3HMVDMwS++HhyfXYjQ4lkFx09NM7M4S0Jfog6jHPsQhbpDRTXN0jyIwzSqscDmd+KYNveVkFWv3IOFXRx2X9Mim4sP2TkAaQN8z\/AyKS4LosSMUBKJghPQ6J1n2rZuUoxUoeq\/l0iUYoDOBsnhBBYL2qzSVu1ir1a9z5W2kyjr8jOWemP\/JXd5XpRowhP6j\/sqWhs2Wz3Pax3JsowXxQ\/k0ql0uF8HTcj43Yb+o7mYuedkqTO2bBf9Pox39Sg93d+zlv4z6kzWynOzBbQbo\/JUwS+jLOEOTBtghVjzRkjSHEp13PA7mCVJe8dqON2AkF1xZf5yrZw=="}],"publicKey":{"key":"MIIBIjANBgkqhkiG9w0BAQEFAAOCAQ8AMIIBCgKCAQEAw5Fu8JeorNSVXs8a2RNPtWb8vtn65ay7CXgdQ6rA9PReJMYONc\/RCwe272LXlNbrR\/ns7dkKncPySpGXXmZjApLzZktaB3hWObZGAmTOFF4dCAWi9oyRrJ4LivLBd5EODY4LTyKrmUUqS28xUCGfgzh92AsXbxZimahwAscp089etqXCzBvCyNkQe9UfbnzZzTPSsOiBdYlOgLEGkscfXYYkIA\/KdFQsuPp3z4Vj3bwPoeBAVnpHqNiaSdPq840k4iUKEdMxJHMclt8CJXZbr7jqv4RfeoOT+ypkSNckIRkD2QmBf4pPSzI3Qhag2MpS\/FTCMuvCya9Tvp6ckOdEKwIDAQAB","signature":"QdaSf4nTy7JCtnfCFcFB7ISk\/OFEcRFDiKYeDrqviPRWQDiRBtAwXPxihB\/GY9CcwCrp7ppe7gXOc2iRXuwWQRr9E55JwgyG\/20IVXGB+gfooA03e69RHz914XURzulGcY4jWojckDbFAK1AjsmO7q4zyngXnPO6Rguzy2QuRrPFayO3ioN8CDwpV0XHO\/jC4T9H5DnbzuxlC2z2RoJAfRoi72lOcSzFAwrE+A1cBHzfP8sOf7IN9ZUJTvZj0F6XeksueMrl07HVGDBgql3WWF+\/PYWC1M\/67XpnB0DlBdY3KfaAB1pFDPqkp2XShT30+IJjk6A68TjvfsfIj7abaQ=="}}
[16-Mar-2025 21:49:01 Europe/Moscow] Script loaded at: 2025-03-16 21:49:01
[16-Mar-2025 21:49:01 Europe/Moscow] Request Method: POST
[16-Mar-2025 21:49:01 Europe/Moscow] Request URI: /api/yggdrasil.php/validate
[16-Mar-2025 21:49:01 Europe/Moscow] Parsed URI: Array
(
    [0] => api
    [1] => yggdrasil.php
    [2] => validate
)

[16-Mar-2025 22:03:31 Europe/Moscow] Script loaded at: 2025-03-16 22:03:31
[16-Mar-2025 22:03:31 Europe/Moscow] Request Method: POST
[16-Mar-2025 22:03:31 Europe/Moscow] Request URI: /api/yggdrasil.php/authenticate
[16-Mar-2025 22:03:31 Europe/Moscow] Parsed URI: Array
(
    [0] => api
    [1] => yggdrasil.php
    [2] => authenticate
)

[16-Mar-2025 22:03:31 Europe/Moscow] AccessToken saved for authenticate: accessToken=673ab3f3871b4d81f3267fcf7d289c06, uuid=473099f1-140e-4083-aad3-4b55ba00edb0
[16-Mar-2025 22:03:31 Europe/Moscow] Script loaded at: 2025-03-16 22:03:31
[16-Mar-2025 22:03:31 Europe/Moscow] Request Method: GET
[16-Mar-2025 22:03:31 Europe/Moscow] Request URI: /api/yggdrasil.php/session/minecraft/profile/473099f1-140e-4083-aad3-4b55ba00edb0
[16-Mar-2025 22:03:31 Europe/Moscow] Parsed URI: Array
(
    [0] => api
    [1] => yggdrasil.php
    [2] => session
    [3] => minecraft
    [4] => profile
    [5] => 473099f1-140e-4083-aad3-4b55ba00edb0
)

[16-Mar-2025 22:03:31 Europe/Moscow] Handling /session/minecraft/profile for uuid: 473099f1-140e-4083-aad3-4b55ba00edb0
[16-Mar-2025 22:03:31 Europe/Moscow] Response prepared: {"id":"473099f1-140e-4083-aad3-4b55ba00edb0","name":"_CyberDemon_","properties":[{"name":"textures","value":"eyJ0aW1lc3RhbXAiOjE3NDIxNTE4MTEsInByb2ZpbGVJZCI6IjQ3MzA5OWYxLTE0MGUtNDA4My1hYWQzLTRiNTViYTAwZWRiMCIsInByb2ZpbGVOYW1lIjoiX0N5YmVyRGVtb25fIiwidGV4dHVyZXMiOnsiU0tJTiI6eyJ1cmwiOiJodHRwczpcL1wvcHJvamVjdC1lY2hvLnJ1XC9za2luc1wvZGVmYXVsdC5wbmcifX19","signature":"F\/WObP4rNnALgqav3avmG\/9IoeTCmnCLXA9IagDOBzPkHyXSkjH1o2Gricmfm1mU71Tdhe92SKaHSiMG4vp2WhCabTcdURoKVkkxwjBrTsmJO3KaiokTWrys6aBMJGciFO2xIavugs2zg53QAWX8XiPGO5t0kU4\/qTeCntbrcYwvPslWsH6Vzb0MpztUuUK\/zqLfk7d6V2GMWlKBOy0up731Avpk8XSQ0QY37lf3MxBUrh8vIxKn8Jfb18YBM6BxFoDWrwgOiHMLLXp280mW+b\/brg0tGqjLwZLmfgVrO4MEXVczWjMUTJPQyPkZXMxenQP8bY9WKPwDXnf6K0hTRA=="}],"publicKey":{"key":"MIIBIjANBgkqhkiG9w0BAQEFAAOCAQ8AMIIBCgKCAQEAw5Fu8JeorNSVXs8a2RNPtWb8vtn65ay7CXgdQ6rA9PReJMYONc\/RCwe272LXlNbrR\/ns7dkKncPySpGXXmZjApLzZktaB3hWObZGAmTOFF4dCAWi9oyRrJ4LivLBd5EODY4LTyKrmUUqS28xUCGfgzh92AsXbxZimahwAscp089etqXCzBvCyNkQe9UfbnzZzTPSsOiBdYlOgLEGkscfXYYkIA\/KdFQsuPp3z4Vj3bwPoeBAVnpHqNiaSdPq840k4iUKEdMxJHMclt8CJXZbr7jqv4RfeoOT+ypkSNckIRkD2QmBf4pPSzI3Qhag2MpS\/FTCMuvCya9Tvp6ckOdEKwIDAQAB","signature":"QdaSf4nTy7JCtnfCFcFB7ISk\/OFEcRFDiKYeDrqviPRWQDiRBtAwXPxihB\/GY9CcwCrp7ppe7gXOc2iRXuwWQRr9E55JwgyG\/20IVXGB+gfooA03e69RHz914XURzulGcY4jWojckDbFAK1AjsmO7q4zyngXnPO6Rguzy2QuRrPFayO3ioN8CDwpV0XHO\/jC4T9H5DnbzuxlC2z2RoJAfRoi72lOcSzFAwrE+A1cBHzfP8sOf7IN9ZUJTvZj0F6XeksueMrl07HVGDBgql3WWF+\/PYWC1M\/67XpnB0DlBdY3KfaAB1pFDPqkp2XShT30+IJjk6A68TjvfsfIj7abaQ=="}}
[16-Mar-2025 22:03:35 Europe/Moscow] Script loaded at: 2025-03-16 22:03:35
[16-Mar-2025 22:03:35 Europe/Moscow] Request Method: POST
[16-Mar-2025 22:03:35 Europe/Moscow] Request URI: /api/yggdrasil.php/validate
[16-Mar-2025 22:03:35 Europe/Moscow] Parsed URI: Array
(
    [0] => api
    [1] => yggdrasil.php
    [2] => validate
)

[16-Mar-2025 22:03:55 Europe/Moscow] Script loaded at: 2025-03-16 22:03:55
[16-Mar-2025 22:03:55 Europe/Moscow] Request Method: GET
[16-Mar-2025 22:03:55 Europe/Moscow] Request URI: /api/yggdrasil.php/publickeys
[16-Mar-2025 22:03:55 Europe/Moscow] Parsed URI: Array
(
    [0] => api
    [1] => yggdrasil.php
    [2] => publickeys
)

[16-Mar-2025 22:03:55 Europe/Moscow] Handling /publickeys request
[16-Mar-2025 22:03:55 Europe/Moscow] Public keys response prepared: {"profilePropertyKeys":[{"publicKey":"MIIBIjANBgkqhkiG9w0BAQEFAAOCAQ8AMIIBCgKCAQEAw5Fu8JeorNSVXs8a2RNPtWb8vtn65ay7CXgdQ6rA9PReJMYONc\/RCwe272LXlNbrR\/ns7dkKncPySpGXXmZjApLzZktaB3hWObZGAmTOFF4dCAWi9oyRrJ4LivLBd5EODY4LTyKrmUUqS28xUCGfgzh92AsXbxZimahwAscp089etqXCzBvCyNkQe9UfbnzZzTPSsOiBdYlOgLEGkscfXYYkIA\/KdFQsuPp3z4Vj3bwPoeBAVnpHqNiaSdPq840k4iUKEdMxJHMclt8CJXZbr7jqv4RfeoOT+ypkSNckIRkD2QmBf4pPSzI3Qhag2MpS\/FTCMuvCya9Tvp6ckOdEKwIDAQAB","signature":"QdaSf4nTy7JCtnfCFcFB7ISk\/OFEcRFDiKYeDrqviPRWQDiRBtAwXPxihB\/GY9CcwCrp7ppe7gXOc2iRXuwWQRr9E55JwgyG\/20IVXGB+gfooA03e69RHz914XURzulGcY4jWojckDbFAK1AjsmO7q4zyngXnPO6Rguzy2QuRrPFayO3ioN8CDwpV0XHO\/jC4T9H5DnbzuxlC2z2RoJAfRoi72lOcSzFAwrE+A1cBHzfP8sOf7IN9ZUJTvZj0F6XeksueMrl07HVGDBgql3WWF+\/PYWC1M\/67XpnB0DlBdY3KfaAB1pFDPqkp2XShT30+IJjk6A68TjvfsfIj7abaQ=="}]}
[16-Mar-2025 22:03:56 Europe/Moscow] Script loaded at: 2025-03-16 22:03:56
[16-Mar-2025 22:03:56 Europe/Moscow] Request Method: GET
[16-Mar-2025 22:03:56 Europe/Moscow] Request URI: /api/yggdrasil.php/session/minecraft/profile/473099f1140e4083aad34b55ba00edb0?unsigned=false
[16-Mar-2025 22:03:56 Europe/Moscow] Parsed URI: Array
(
    [0] => api
    [1] => yggdrasil.php
    [2] => session
    [3] => minecraft
    [4] => profile
    [5] => 473099f1140e4083aad34b55ba00edb0
)

[16-Mar-2025 22:03:56 Europe/Moscow] Handling /session/minecraft/profile for uuid: 473099f1-140e-4083-aad3-4b55ba00edb0
[16-Mar-2025 22:03:56 Europe/Moscow] Response prepared: {"id":"473099f1-140e-4083-aad3-4b55ba00edb0","name":"_CyberDemon_","properties":[{"name":"textures","value":"eyJ0aW1lc3RhbXAiOjE3NDIxNTE4MzYsInByb2ZpbGVJZCI6IjQ3MzA5OWYxLTE0MGUtNDA4My1hYWQzLTRiNTViYTAwZWRiMCIsInByb2ZpbGVOYW1lIjoiX0N5YmVyRGVtb25fIiwidGV4dHVyZXMiOnsiU0tJTiI6eyJ1cmwiOiJodHRwczpcL1wvcHJvamVjdC1lY2hvLnJ1XC9za2luc1wvZGVmYXVsdC5wbmcifX19","signature":"UWIUzT5kJ0bLT4cI4NX9tF6wS4HWsP1faJ11zRfjVCq5oKEmYJAO6QCLw+\/zVkeMiXcoHyd0AFCsdt4jHK8XBiFWTVqQnJRkcftgw7pRekY+17JYKald+5UIu\/I4QT91w+PvgwWGn8nmFzgTNY3gL1jl7I1YU5uOd\/sjKZeURb+Wdl9m0j3Avi+mUIxri9MTtizXdG9gkP6nyXOZ87qUXLisVi3AHt05JNlKO9wJTFcsOvsKFgG1wkWIbbr8f+wrpEtJa8oi8CfpHX1JO3vGJPociZHKMRvSSmIICqthfpFfoEbp6kzQQCjRMeKJ9F0rtV7j\/+ludSUbRGoYTgI2yw=="}],"publicKey":{"key":"MIIBIjANBgkqhkiG9w0BAQEFAAOCAQ8AMIIBCgKCAQEAw5Fu8JeorNSVXs8a2RNPtWb8vtn65ay7CXgdQ6rA9PReJMYONc\/RCwe272LXlNbrR\/ns7dkKncPySpGXXmZjApLzZktaB3hWObZGAmTOFF4dCAWi9oyRrJ4LivLBd5EODY4LTyKrmUUqS28xUCGfgzh92AsXbxZimahwAscp089etqXCzBvCyNkQe9UfbnzZzTPSsOiBdYlOgLEGkscfXYYkIA\/KdFQsuPp3z4Vj3bwPoeBAVnpHqNiaSdPq840k4iUKEdMxJHMclt8CJXZbr7jqv4RfeoOT+ypkSNckIRkD2QmBf4pPSzI3Qhag2MpS\/FTCMuvCya9Tvp6ckOdEKwIDAQAB","signature":"QdaSf4nTy7JCtnfCFcFB7ISk\/OFEcRFDiKYeDrqviPRWQDiRBtAwXPxihB\/GY9CcwCrp7ppe7gXOc2iRXuwWQRr9E55JwgyG\/20IVXGB+gfooA03e69RHz914XURzulGcY4jWojckDbFAK1AjsmO7q4zyngXnPO6Rguzy2QuRrPFayO3ioN8CDwpV0XHO\/jC4T9H5DnbzuxlC2z2RoJAfRoi72lOcSzFAwrE+A1cBHzfP8sOf7IN9ZUJTvZj0F6XeksueMrl07HVGDBgql3WWF+\/PYWC1M\/67XpnB0DlBdY3KfaAB1pFDPqkp2XShT30+IJjk6A68TjvfsfIj7abaQ=="}}
[16-Mar-2025 22:05:32 Europe/Moscow] Script loaded at: 2025-03-16 22:05:32
[16-Mar-2025 22:05:32 Europe/Moscow] Request Method: POST
[16-Mar-2025 22:05:32 Europe/Moscow] Request URI: /api/yggdrasil.php/session/minecraft/join
[16-Mar-2025 22:05:32 Europe/Moscow] Parsed URI: Array
(
    [0] => api
    [1] => yggdrasil.php
    [2] => session
    [3] => minecraft
    [4] => join
)

[16-Mar-2025 22:05:32 Europe/Moscow] Session updated: accessToken=673ab3f3871b4d81f3267fcf7d289c06, uuid=473099f1-140e-4083-aad3-4b55ba00edb0, serverId=315ec3adeffc6069569801ee23e2991fe4096afb
[16-Mar-2025 22:05:32 Europe/Moscow] Script loaded at: 2025-03-16 22:05:32
[16-Mar-2025 22:05:32 Europe/Moscow] Request Method: GET
[16-Mar-2025 22:05:32 Europe/Moscow] Request URI: /api/yggdrasil.php/sessionserver/session/minecraft/hasJoined?serverId=315ec3adeffc6069569801ee23e2991fe4096afb&username=_CyberDemon_
[16-Mar-2025 22:05:32 Europe/Moscow] Parsed URI: Array
(
    [0] => api
    [1] => yggdrasil.php
    [2] => sessionserver
    [3] => session
    [4] => minecraft
    [5] => hasJoined
)

[16-Mar-2025 22:05:32 Europe/Moscow] Handling /hasJoined for username: _CyberDemon_, serverId: 315ec3adeffc6069569801ee23e2991fe4096afb
[16-Mar-2025 22:05:32 Europe/Moscow] Response prepared for /hasJoined: {"id":"473099f1-140e-4083-aad3-4b55ba00edb0","name":"_CyberDemon_","properties":[{"name":"textures","value":"eyJ0aW1lc3RhbXAiOjE3NDIxNTE5MzIsInByb2ZpbGVJZCI6IjQ3MzA5OWYxLTE0MGUtNDA4My1hYWQzLTRiNTViYTAwZWRiMCIsInByb2ZpbGVOYW1lIjoiX0N5YmVyRGVtb25fIiwidGV4dHVyZXMiOnsiU0tJTiI6eyJ1cmwiOiJodHRwczpcL1wvcHJvamVjdC1lY2hvLnJ1XC9za2luc1wvZGVmYXVsdC5wbmcifX19","signature":"Ot8r7gFvI\/KFEiyYYGQqeY+rL0JtWJFIwMsiQ3xUm1\/qi+F3JpgaVAwvLae1A8Td+kReSr01AeKBd1sAnnoThpJS9LFqt1QiaUmjHg43mCElLMZCaQJbK+OKu4Y8azqksNaiJo8VxV\/t6g4gsLxQONHAQzS3QbQJpvr6NY2xiXySHtREAnI2umOcAyzBq52PzP\/cii19bMcCpDHSdWdIsfSJBaaMqSt4STlrUenX9ad+yDwqupqh0CWNaTc90lyPYRqbYgjdINUInLv7JvKFIx5JU6x065eZBMafBCHyxCqcFpZwP5qi1OXa+s4\/kLAZZI23EpAUQXDHNkSb8HGYhA=="}],"publicKey":{"key":"MIIBIjANBgkqhkiG9w0BAQEFAAOCAQ8AMIIBCgKCAQEAw5Fu8JeorNSVXs8a2RNPtWb8vtn65ay7CXgdQ6rA9PReJMYONc\/RCwe272LXlNbrR\/ns7dkKncPySpGXXmZjApLzZktaB3hWObZGAmTOFF4dCAWi9oyRrJ4LivLBd5EODY4LTyKrmUUqS28xUCGfgzh92AsXbxZimahwAscp089etqXCzBvCyNkQe9UfbnzZzTPSsOiBdYlOgLEGkscfXYYkIA\/KdFQsuPp3z4Vj3bwPoeBAVnpHqNiaSdPq840k4iUKEdMxJHMclt8CJXZbr7jqv4RfeoOT+ypkSNckIRkD2QmBf4pPSzI3Qhag2MpS\/FTCMuvCya9Tvp6ckOdEKwIDAQAB","signature":"QdaSf4nTy7JCtnfCFcFB7ISk\/OFEcRFDiKYeDrqviPRWQDiRBtAwXPxihB\/GY9CcwCrp7ppe7gXOc2iRXuwWQRr9E55JwgyG\/20IVXGB+gfooA03e69RHz914XURzulGcY4jWojckDbFAK1AjsmO7q4zyngXnPO6Rguzy2QuRrPFayO3ioN8CDwpV0XHO\/jC4T9H5DnbzuxlC2z2RoJAfRoi72lOcSzFAwrE+A1cBHzfP8sOf7IN9ZUJTvZj0F6XeksueMrl07HVGDBgql3WWF+\/PYWC1M\/67XpnB0DlBdY3KfaAB1pFDPqkp2XShT30+IJjk6A68TjvfsfIj7abaQ=="}}
[16-Mar-2025 22:20:30 Europe/Moscow] Script loaded at: 2025-03-16 22:20:30
[16-Mar-2025 22:20:30 Europe/Moscow] Request Method: POST
[16-Mar-2025 22:20:30 Europe/Moscow] Request URI: /api/yggdrasil.php/validate
[16-Mar-2025 22:20:30 Europe/Moscow] Parsed URI: Array
(
    [0] => api
    [1] => yggdrasil.php
    [2] => validate
)

[16-Mar-2025 22:20:48 Europe/Moscow] Script loaded at: 2025-03-16 22:20:48
[16-Mar-2025 22:20:48 Europe/Moscow] Script loaded at: 2025-03-16 22:20:48
[16-Mar-2025 22:20:48 Europe/Moscow] Request Method: GET
[16-Mar-2025 22:20:48 Europe/Moscow] Request Method: GET
[16-Mar-2025 22:20:48 Europe/Moscow] Request URI: /api/yggdrasil.php/publickeys
[16-Mar-2025 22:20:48 Europe/Moscow] Request URI: /api/yggdrasil.php/session/minecraft/profile/473099f1140e4083aad34b55ba00edb0?unsigned=false
[16-Mar-2025 22:20:48 Europe/Moscow] Parsed URI: Array
(
    [0] => api
    [1] => yggdrasil.php
    [2] => publickeys
)

[16-Mar-2025 22:20:48 Europe/Moscow] Parsed URI: Array
(
    [0] => api
    [1] => yggdrasil.php
    [2] => session
    [3] => minecraft
    [4] => profile
    [5] => 473099f1140e4083aad34b55ba00edb0
)

[16-Mar-2025 22:20:48 Europe/Moscow] Handling /publickeys request
[16-Mar-2025 22:20:48 Europe/Moscow] Handling /session/minecraft/profile for uuid: 473099f1-140e-4083-aad3-4b55ba00edb0
[16-Mar-2025 22:20:48 Europe/Moscow] Public keys response prepared: {"profilePropertyKeys":[{"publicKey":"MIIBIjANBgkqhkiG9w0BAQEFAAOCAQ8AMIIBCgKCAQEAw5Fu8JeorNSVXs8a2RNPtWb8vtn65ay7CXgdQ6rA9PReJMYONc\/RCwe272LXlNbrR\/ns7dkKncPySpGXXmZjApLzZktaB3hWObZGAmTOFF4dCAWi9oyRrJ4LivLBd5EODY4LTyKrmUUqS28xUCGfgzh92AsXbxZimahwAscp089etqXCzBvCyNkQe9UfbnzZzTPSsOiBdYlOgLEGkscfXYYkIA\/KdFQsuPp3z4Vj3bwPoeBAVnpHqNiaSdPq840k4iUKEdMxJHMclt8CJXZbr7jqv4RfeoOT+ypkSNckIRkD2QmBf4pPSzI3Qhag2MpS\/FTCMuvCya9Tvp6ckOdEKwIDAQAB","signature":"QdaSf4nTy7JCtnfCFcFB7ISk\/OFEcRFDiKYeDrqviPRWQDiRBtAwXPxihB\/GY9CcwCrp7ppe7gXOc2iRXuwWQRr9E55JwgyG\/20IVXGB+gfooA03e69RHz914XURzulGcY4jWojckDbFAK1AjsmO7q4zyngXnPO6Rguzy2QuRrPFayO3ioN8CDwpV0XHO\/jC4T9H5DnbzuxlC2z2RoJAfRoi72lOcSzFAwrE+A1cBHzfP8sOf7IN9ZUJTvZj0F6XeksueMrl07HVGDBgql3WWF+\/PYWC1M\/67XpnB0DlBdY3KfaAB1pFDPqkp2XShT30+IJjk6A68TjvfsfIj7abaQ=="}]}
[16-Mar-2025 22:20:48 Europe/Moscow] Response prepared: {"id":"473099f1-140e-4083-aad3-4b55ba00edb0","name":"_CyberDemon_","properties":[{"name":"textures","value":"eyJ0aW1lc3RhbXAiOjE3NDIxNTI4NDgsInByb2ZpbGVJZCI6IjQ3MzA5OWYxLTE0MGUtNDA4My1hYWQzLTRiNTViYTAwZWRiMCIsInByb2ZpbGVOYW1lIjoiX0N5YmVyRGVtb25fIiwidGV4dHVyZXMiOnsiU0tJTiI6eyJ1cmwiOiJodHRwczpcL1wvcHJvamVjdC1lY2hvLnJ1XC9za2luc1wvZGVmYXVsdC5wbmcifX19","signature":"RTawBCR2BlJ5Kne2\/Q5dG0z0ZTBgTQQuamuJd6milS1emaVCYxLg0bE2ZdUmfWe4YK3mRIUvXZJDog4\/1Vn3YxJK0u2ZHiqGSkcKk3bkVtkbDeFNhxRcfudsRw4RcUSg8vDv+hmvlylYvKfRvzT4FD7DPPZSZddYW4HDPo\/rzI6mRXfymHBuO7FygaFt0A+Ldxb9QjGaCD5KlGaVN+2SHT0kL904GxRu70mVUQF\/WXsSAokKlMHJQL7lKpKK5n5EBigY9u4+Sy4BmunXl0A4+KRo4S3kmPvyLIunOt+VCH1H2HVHbTU4PRbZYheSxufM92H\/A+sUHRg2efNksVUAGw=="}],"publicKey":{"key":"MIIBIjANBgkqhkiG9w0BAQEFAAOCAQ8AMIIBCgKCAQEAw5Fu8JeorNSVXs8a2RNPtWb8vtn65ay7CXgdQ6rA9PReJMYONc\/RCwe272LXlNbrR\/ns7dkKncPySpGXXmZjApLzZktaB3hWObZGAmTOFF4dCAWi9oyRrJ4LivLBd5EODY4LTyKrmUUqS28xUCGfgzh92AsXbxZimahwAscp089etqXCzBvCyNkQe9UfbnzZzTPSsOiBdYlOgLEGkscfXYYkIA\/KdFQsuPp3z4Vj3bwPoeBAVnpHqNiaSdPq840k4iUKEdMxJHMclt8CJXZbr7jqv4RfeoOT+ypkSNckIRkD2QmBf4pPSzI3Qhag2MpS\/FTCMuvCya9Tvp6ckOdEKwIDAQAB","signature":"QdaSf4nTy7JCtnfCFcFB7ISk\/OFEcRFDiKYeDrqviPRWQDiRBtAwXPxihB\/GY9CcwCrp7ppe7gXOc2iRXuwWQRr9E55JwgyG\/20IVXGB+gfooA03e69RHz914XURzulGcY4jWojckDbFAK1AjsmO7q4zyngXnPO6Rguzy2QuRrPFayO3ioN8CDwpV0XHO\/jC4T9H5DnbzuxlC2z2RoJAfRoi72lOcSzFAwrE+A1cBHzfP8sOf7IN9ZUJTvZj0F6XeksueMrl07HVGDBgql3WWF+\/PYWC1M\/67XpnB0DlBdY3KfaAB1pFDPqkp2XShT30+IJjk6A68TjvfsfIj7abaQ=="}}
[16-Mar-2025 22:21:53 Europe/Moscow] Script loaded at: 2025-03-16 22:21:53
[16-Mar-2025 22:21:53 Europe/Moscow] Request Method: POST
[16-Mar-2025 22:21:53 Europe/Moscow] Request URI: /api/yggdrasil.php/session/minecraft/join
[16-Mar-2025 22:21:53 Europe/Moscow] Parsed URI: Array
(
    [0] => api
    [1] => yggdrasil.php
    [2] => session
    [3] => minecraft
    [4] => join
)

[16-Mar-2025 22:21:53 Europe/Moscow] Session updated: accessToken=673ab3f3871b4d81f3267fcf7d289c06, uuid=473099f1-140e-4083-aad3-4b55ba00edb0, serverId=593c5727ac208ff943312e97348712bcbf33e70c
[16-Mar-2025 22:21:53 Europe/Moscow] Script loaded at: 2025-03-16 22:21:53
[16-Mar-2025 22:21:53 Europe/Moscow] Request Method: GET
[16-Mar-2025 22:21:53 Europe/Moscow] Request URI: /api/yggdrasil.php/sessionserver/session/minecraft/hasJoined?serverId=593c5727ac208ff943312e97348712bcbf33e70c&username=_CyberDemon_
[16-Mar-2025 22:21:53 Europe/Moscow] Parsed URI: Array
(
    [0] => api
    [1] => yggdrasil.php
    [2] => sessionserver
    [3] => session
    [4] => minecraft
    [5] => hasJoined
)

[16-Mar-2025 22:21:53 Europe/Moscow] Handling /hasJoined for username: _CyberDemon_, serverId: 593c5727ac208ff943312e97348712bcbf33e70c
[16-Mar-2025 22:21:53 Europe/Moscow] Response prepared for /hasJoined: {"id":"473099f1-140e-4083-aad3-4b55ba00edb0","name":"_CyberDemon_","properties":[{"name":"textures","value":"eyJ0aW1lc3RhbXAiOjE3NDIxNTI5MTMsInByb2ZpbGVJZCI6IjQ3MzA5OWYxLTE0MGUtNDA4My1hYWQzLTRiNTViYTAwZWRiMCIsInByb2ZpbGVOYW1lIjoiX0N5YmVyRGVtb25fIiwidGV4dHVyZXMiOnsiU0tJTiI6eyJ1cmwiOiJodHRwczpcL1wvcHJvamVjdC1lY2hvLnJ1XC9za2luc1wvZGVmYXVsdC5wbmcifX19","signature":"atT9aMXNDu6Z09eVNH\/1eeecNBGCBCHbAJrJgBudSvOEfatzKCg+NGusrLkHnjKmidHYEB0wglCSzi1voEFhrhXo2dygVEsjEwa+o3L9s2ccEMIUBwJo+5ptHjPGbVmPhI2AbmN5uy1n8iL4dHADQniBVYtq6fGN2rCzbZIXPDtrk85nNx35mQzT2dEQA3NSfwzeY2F685LqIHi27rRSak\/FVLflswDCPARmpmhftjMZDKfdfCc57Cm2n84WWUB4BHGgLI3uG\/K+9L\/zb2jA3SvmUxcgIqZEbjNKe5x0\/zYQTEDZRbUqQ84P4+yvukXezNgXEcUxEayRFQEWP\/uh1g=="}],"publicKey":{"key":"MIIBIjANBgkqhkiG9w0BAQEFAAOCAQ8AMIIBCgKCAQEAw5Fu8JeorNSVXs8a2RNPtWb8vtn65ay7CXgdQ6rA9PReJMYONc\/RCwe272LXlNbrR\/ns7dkKncPySpGXXmZjApLzZktaB3hWObZGAmTOFF4dCAWi9oyRrJ4LivLBd5EODY4LTyKrmUUqS28xUCGfgzh92AsXbxZimahwAscp089etqXCzBvCyNkQe9UfbnzZzTPSsOiBdYlOgLEGkscfXYYkIA\/KdFQsuPp3z4Vj3bwPoeBAVnpHqNiaSdPq840k4iUKEdMxJHMclt8CJXZbr7jqv4RfeoOT+ypkSNckIRkD2QmBf4pPSzI3Qhag2MpS\/FTCMuvCya9Tvp6ckOdEKwIDAQAB","signature":"QdaSf4nTy7JCtnfCFcFB7ISk\/OFEcRFDiKYeDrqviPRWQDiRBtAwXPxihB\/GY9CcwCrp7ppe7gXOc2iRXuwWQRr9E55JwgyG\/20IVXGB+gfooA03e69RHz914XURzulGcY4jWojckDbFAK1AjsmO7q4zyngXnPO6Rguzy2QuRrPFayO3ioN8CDwpV0XHO\/jC4T9H5DnbzuxlC2z2RoJAfRoi72lOcSzFAwrE+A1cBHzfP8sOf7IN9ZUJTvZj0F6XeksueMrl07HVGDBgql3WWF+\/PYWC1M\/67XpnB0DlBdY3KfaAB1pFDPqkp2XShT30+IJjk6A68TjvfsfIj7abaQ=="}}
[16-Mar-2025 22:28:05 Europe/Moscow] Script loaded at: 2025-03-16 22:28:05
[16-Mar-2025 22:28:05 Europe/Moscow] Request Method: POST
[16-Mar-2025 22:28:05 Europe/Moscow] Request URI: /api/yggdrasil.php/authenticate
[16-Mar-2025 22:28:05 Europe/Moscow] Parsed URI: Array
(
    [0] => api
    [1] => yggdrasil.php
    [2] => authenticate
)

[16-Mar-2025 22:28:05 Europe/Moscow] AccessToken saved for authenticate: accessToken=8a36c109ff45ba1726dee17a67929fb5, uuid=473099f1-140e-4083-aad3-4b55ba00edb0
[16-Mar-2025 22:28:05 Europe/Moscow] Script loaded at: 2025-03-16 22:28:05
[16-Mar-2025 22:28:05 Europe/Moscow] Request Method: GET
[16-Mar-2025 22:28:05 Europe/Moscow] Request URI: /api/yggdrasil.php/session/minecraft/profile/473099f1-140e-4083-aad3-4b55ba00edb0
[16-Mar-2025 22:28:05 Europe/Moscow] Parsed URI: Array
(
    [0] => api
    [1] => yggdrasil.php
    [2] => session
    [3] => minecraft
    [4] => profile
    [5] => 473099f1-140e-4083-aad3-4b55ba00edb0
)

[16-Mar-2025 22:28:05 Europe/Moscow] Handling /session/minecraft/profile for uuid: 473099f1-140e-4083-aad3-4b55ba00edb0
[16-Mar-2025 22:28:05 Europe/Moscow] Response prepared: {"id":"473099f1-140e-4083-aad3-4b55ba00edb0","name":"_CyberDemon_","properties":[{"name":"textures","value":"eyJ0aW1lc3RhbXAiOjE3NDIxNTMyODUsInByb2ZpbGVJZCI6IjQ3MzA5OWYxLTE0MGUtNDA4My1hYWQzLTRiNTViYTAwZWRiMCIsInByb2ZpbGVOYW1lIjoiX0N5YmVyRGVtb25fIiwidGV4dHVyZXMiOnsiU0tJTiI6eyJ1cmwiOiJodHRwczpcL1wvcHJvamVjdC1lY2hvLnJ1XC9za2luc1wvZGVmYXVsdC5wbmcifX19","signature":"bcobCHBj0EAv+K54E63x7M9+nv\/ujwxI+ULX8FWqwf2Rfx8s83ZcwpexEajuwJQdBKKFHYmBeAcv8mdTMQH8buCTS0ZqtiK31qSM3uk8wuvXXeDl9\/K9v0R24QHRAD1erfNZwFCEDp5govYj8FAoBTvo7LmvNbbL4TtNa1erxXOwJxYF+iIHOE5LuUw3YaDJjRxdz0QPvTuJZVfaEVP1FdbBof1bmibpf+dEIuZrUCnF1kxLpDKczolC+lgLHgneHZ3d5RKY5AERdVu6YoQ3ytfCpWJyGoB4h\/r\/ig8O+OGyIAXIfMmX8BD+X0KKDdOxJanCeWjKVQjScn0BSsq1cw=="}],"publicKey":{"key":"MIIBIjANBgkqhkiG9w0BAQEFAAOCAQ8AMIIBCgKCAQEAw5Fu8JeorNSVXs8a2RNPtWb8vtn65ay7CXgdQ6rA9PReJMYONc\/RCwe272LXlNbrR\/ns7dkKncPySpGXXmZjApLzZktaB3hWObZGAmTOFF4dCAWi9oyRrJ4LivLBd5EODY4LTyKrmUUqS28xUCGfgzh92AsXbxZimahwAscp089etqXCzBvCyNkQe9UfbnzZzTPSsOiBdYlOgLEGkscfXYYkIA\/KdFQsuPp3z4Vj3bwPoeBAVnpHqNiaSdPq840k4iUKEdMxJHMclt8CJXZbr7jqv4RfeoOT+ypkSNckIRkD2QmBf4pPSzI3Qhag2MpS\/FTCMuvCya9Tvp6ckOdEKwIDAQAB","signature":"QdaSf4nTy7JCtnfCFcFB7ISk\/OFEcRFDiKYeDrqviPRWQDiRBtAwXPxihB\/GY9CcwCrp7ppe7gXOc2iRXuwWQRr9E55JwgyG\/20IVXGB+gfooA03e69RHz914XURzulGcY4jWojckDbFAK1AjsmO7q4zyngXnPO6Rguzy2QuRrPFayO3ioN8CDwpV0XHO\/jC4T9H5DnbzuxlC2z2RoJAfRoi72lOcSzFAwrE+A1cBHzfP8sOf7IN9ZUJTvZj0F6XeksueMrl07HVGDBgql3WWF+\/PYWC1M\/67XpnB0DlBdY3KfaAB1pFDPqkp2XShT30+IJjk6A68TjvfsfIj7abaQ=="}}
[16-Mar-2025 22:28:13 Europe/Moscow] Script loaded at: 2025-03-16 22:28:13
[16-Mar-2025 22:28:13 Europe/Moscow] Request Method: POST
[16-Mar-2025 22:28:13 Europe/Moscow] Request URI: /api/yggdrasil.php/validate
[16-Mar-2025 22:28:13 Europe/Moscow] Parsed URI: Array
(
    [0] => api
    [1] => yggdrasil.php
    [2] => validate
)

[16-Mar-2025 22:28:27 Europe/Moscow] Script loaded at: 2025-03-16 22:28:27
[16-Mar-2025 22:28:27 Europe/Moscow] Request Method: GET
[16-Mar-2025 22:28:27 Europe/Moscow] Request URI: /api/yggdrasil.php/publickeys
[16-Mar-2025 22:28:27 Europe/Moscow] Parsed URI: Array
(
    [0] => api
    [1] => yggdrasil.php
    [2] => publickeys
)

[16-Mar-2025 22:28:27 Europe/Moscow] Handling /publickeys request
[16-Mar-2025 22:28:27 Europe/Moscow] Public keys response prepared: {"profilePropertyKeys":[{"publicKey":"MIIBIjANBgkqhkiG9w0BAQEFAAOCAQ8AMIIBCgKCAQEAw5Fu8JeorNSVXs8a2RNPtWb8vtn65ay7CXgdQ6rA9PReJMYONc\/RCwe272LXlNbrR\/ns7dkKncPySpGXXmZjApLzZktaB3hWObZGAmTOFF4dCAWi9oyRrJ4LivLBd5EODY4LTyKrmUUqS28xUCGfgzh92AsXbxZimahwAscp089etqXCzBvCyNkQe9UfbnzZzTPSsOiBdYlOgLEGkscfXYYkIA\/KdFQsuPp3z4Vj3bwPoeBAVnpHqNiaSdPq840k4iUKEdMxJHMclt8CJXZbr7jqv4RfeoOT+ypkSNckIRkD2QmBf4pPSzI3Qhag2MpS\/FTCMuvCya9Tvp6ckOdEKwIDAQAB","signature":"QdaSf4nTy7JCtnfCFcFB7ISk\/OFEcRFDiKYeDrqviPRWQDiRBtAwXPxihB\/GY9CcwCrp7ppe7gXOc2iRXuwWQRr9E55JwgyG\/20IVXGB+gfooA03e69RHz914XURzulGcY4jWojckDbFAK1AjsmO7q4zyngXnPO6Rguzy2QuRrPFayO3ioN8CDwpV0XHO\/jC4T9H5DnbzuxlC2z2RoJAfRoi72lOcSzFAwrE+A1cBHzfP8sOf7IN9ZUJTvZj0F6XeksueMrl07HVGDBgql3WWF+\/PYWC1M\/67XpnB0DlBdY3KfaAB1pFDPqkp2XShT30+IJjk6A68TjvfsfIj7abaQ=="}]}
[16-Mar-2025 22:28:27 Europe/Moscow] Script loaded at: 2025-03-16 22:28:27
[16-Mar-2025 22:28:27 Europe/Moscow] Request Method: GET
[16-Mar-2025 22:28:27 Europe/Moscow] Request URI: /api/yggdrasil.php/session/minecraft/profile/473099f1140e4083aad34b55ba00edb0?unsigned=false
[16-Mar-2025 22:28:27 Europe/Moscow] Parsed URI: Array
(
    [0] => api
    [1] => yggdrasil.php
    [2] => session
    [3] => minecraft
    [4] => profile
    [5] => 473099f1140e4083aad34b55ba00edb0
)

[16-Mar-2025 22:28:27 Europe/Moscow] Handling /session/minecraft/profile for uuid: 473099f1-140e-4083-aad3-4b55ba00edb0
[16-Mar-2025 22:28:27 Europe/Moscow] Response prepared: {"id":"473099f1-140e-4083-aad3-4b55ba00edb0","name":"_CyberDemon_","properties":[{"name":"textures","value":"eyJ0aW1lc3RhbXAiOjE3NDIxNTMzMDcsInByb2ZpbGVJZCI6IjQ3MzA5OWYxLTE0MGUtNDA4My1hYWQzLTRiNTViYTAwZWRiMCIsInByb2ZpbGVOYW1lIjoiX0N5YmVyRGVtb25fIiwidGV4dHVyZXMiOnsiU0tJTiI6eyJ1cmwiOiJodHRwczpcL1wvcHJvamVjdC1lY2hvLnJ1XC9za2luc1wvZGVmYXVsdC5wbmcifX19","signature":"vs2L8Ly7n2IYgDe0vUz4ePhdCJHRn5SiJbN3yruM7OFfANI96IqL8j12QQ1IiSfSof78laQV8d8uruRRiRqwrQYMQ8m6iSzFdxn62VmoJYfE3kT1KeGQ9wJfn4QWJDJj\/GgTG8Lb8Qr8knG8h6J+NmMlM7CklV1nfPlndjuU2SrnM8i3VxEEvU3x2B8\/IRy5yfCJA8XTI5H0wwYWtG\/SzIk2xyUj3+FAXeHTdZM47VRi9pYJwhCn\/HY5D7Td6E4dUsA7i7QgRJwJsDOoh9Wd\/QnrgHJ2Ym8GLZQcSirHnsafPdsFfTbP2dLyMZ\/4nQg9gTrZVWXwWVDBGJcRTej3VQ=="}],"publicKey":{"key":"MIIBIjANBgkqhkiG9w0BAQEFAAOCAQ8AMIIBCgKCAQEAw5Fu8JeorNSVXs8a2RNPtWb8vtn65ay7CXgdQ6rA9PReJMYONc\/RCwe272LXlNbrR\/ns7dkKncPySpGXXmZjApLzZktaB3hWObZGAmTOFF4dCAWi9oyRrJ4LivLBd5EODY4LTyKrmUUqS28xUCGfgzh92AsXbxZimahwAscp089etqXCzBvCyNkQe9UfbnzZzTPSsOiBdYlOgLEGkscfXYYkIA\/KdFQsuPp3z4Vj3bwPoeBAVnpHqNiaSdPq840k4iUKEdMxJHMclt8CJXZbr7jqv4RfeoOT+ypkSNckIRkD2QmBf4pPSzI3Qhag2MpS\/FTCMuvCya9Tvp6ckOdEKwIDAQAB","signature":"QdaSf4nTy7JCtnfCFcFB7ISk\/OFEcRFDiKYeDrqviPRWQDiRBtAwXPxihB\/GY9CcwCrp7ppe7gXOc2iRXuwWQRr9E55JwgyG\/20IVXGB+gfooA03e69RHz914XURzulGcY4jWojckDbFAK1AjsmO7q4zyngXnPO6Rguzy2QuRrPFayO3ioN8CDwpV0XHO\/jC4T9H5DnbzuxlC2z2RoJAfRoi72lOcSzFAwrE+A1cBHzfP8sOf7IN9ZUJTvZj0F6XeksueMrl07HVGDBgql3WWF+\/PYWC1M\/67XpnB0DlBdY3KfaAB1pFDPqkp2XShT30+IJjk6A68TjvfsfIj7abaQ=="}}
[16-Mar-2025 22:28:50 Europe/Moscow] Script loaded at: 2025-03-16 22:28:50
[16-Mar-2025 22:28:50 Europe/Moscow] Request Method: POST
[16-Mar-2025 22:28:50 Europe/Moscow] Request URI: /api/yggdrasil.php/session/minecraft/join
[16-Mar-2025 22:28:50 Europe/Moscow] Parsed URI: Array
(
    [0] => api
    [1] => yggdrasil.php
    [2] => session
    [3] => minecraft
    [4] => join
)

[16-Mar-2025 22:28:50 Europe/Moscow] Session updated: accessToken=8a36c109ff45ba1726dee17a67929fb5, uuid=473099f1-140e-4083-aad3-4b55ba00edb0, serverId=-44abab19d030eddcc2cdbf52ed3097f47974ad9d
[16-Mar-2025 22:28:50 Europe/Moscow] Script loaded at: 2025-03-16 22:28:50
[16-Mar-2025 22:28:50 Europe/Moscow] Request Method: GET
[16-Mar-2025 22:28:50 Europe/Moscow] Request URI: /api/yggdrasil.php/sessionserver/session/minecraft/hasJoined?serverId=-44abab19d030eddcc2cdbf52ed3097f47974ad9d&username=_CyberDemon_
[16-Mar-2025 22:28:50 Europe/Moscow] Parsed URI: Array
(
    [0] => api
    [1] => yggdrasil.php
    [2] => sessionserver
    [3] => session
    [4] => minecraft
    [5] => hasJoined
)

[16-Mar-2025 22:28:50 Europe/Moscow] Handling /hasJoined for username: _CyberDemon_, serverId: -44abab19d030eddcc2cdbf52ed3097f47974ad9d
[16-Mar-2025 22:28:50 Europe/Moscow] Response prepared for /hasJoined: {"id":"473099f1-140e-4083-aad3-4b55ba00edb0","name":"_CyberDemon_","properties":[{"name":"textures","value":"eyJ0aW1lc3RhbXAiOjE3NDIxNTMzMzAsInByb2ZpbGVJZCI6IjQ3MzA5OWYxLTE0MGUtNDA4My1hYWQzLTRiNTViYTAwZWRiMCIsInByb2ZpbGVOYW1lIjoiX0N5YmVyRGVtb25fIiwidGV4dHVyZXMiOnsiU0tJTiI6eyJ1cmwiOiJodHRwczpcL1wvcHJvamVjdC1lY2hvLnJ1XC9za2luc1wvZGVmYXVsdC5wbmcifX19","signature":"JoStugpwu+JNbbEEpuBGKtMy0A40ImYw3qj7vjfNoib\/ShzoNPYgxyiWxvHNkSRSaC97sJgZqs3Eh86TYaiz6SxSnynkNvjKiU4jeef1lxGEcjwY2WR45Trz6IIwnCZFcfTMoY5Ae5NIhfXgAc2J+SbzMA0BrYHKBWeHU8xR3kPnaRYDo\/3HgvGEOjwx8NM7Twa\/+I2ojOLgkVsovRX9l4huAdJFObmtAO2ess+1Lkil4GcikfAK4q0QaERzWZKmGVP75Ep2VD6uobzx7ATPy6AiAJvTAEf0y\/lieG\/rbW\/2YfH6tkESjsSLWJWlyLjMbAXHysWaie5ZvLSPZ32taA=="}],"publicKey":{"key":"MIIBIjANBgkqhkiG9w0BAQEFAAOCAQ8AMIIBCgKCAQEAw5Fu8JeorNSVXs8a2RNPtWb8vtn65ay7CXgdQ6rA9PReJMYONc\/RCwe272LXlNbrR\/ns7dkKncPySpGXXmZjApLzZktaB3hWObZGAmTOFF4dCAWi9oyRrJ4LivLBd5EODY4LTyKrmUUqS28xUCGfgzh92AsXbxZimahwAscp089etqXCzBvCyNkQe9UfbnzZzTPSsOiBdYlOgLEGkscfXYYkIA\/KdFQsuPp3z4Vj3bwPoeBAVnpHqNiaSdPq840k4iUKEdMxJHMclt8CJXZbr7jqv4RfeoOT+ypkSNckIRkD2QmBf4pPSzI3Qhag2MpS\/FTCMuvCya9Tvp6ckOdEKwIDAQAB","signature":"QdaSf4nTy7JCtnfCFcFB7ISk\/OFEcRFDiKYeDrqviPRWQDiRBtAwXPxihB\/GY9CcwCrp7ppe7gXOc2iRXuwWQRr9E55JwgyG\/20IVXGB+gfooA03e69RHz914XURzulGcY4jWojckDbFAK1AjsmO7q4zyngXnPO6Rguzy2QuRrPFayO3ioN8CDwpV0XHO\/jC4T9H5DnbzuxlC2z2RoJAfRoi72lOcSzFAwrE+A1cBHzfP8sOf7IN9ZUJTvZj0F6XeksueMrl07HVGDBgql3WWF+\/PYWC1M\/67XpnB0DlBdY3KfaAB1pFDPqkp2XShT30+IJjk6A68TjvfsfIj7abaQ=="}}
[16-Mar-2025 22:31:58 Europe/Moscow] Script loaded at: 2025-03-16 22:31:58
[16-Mar-2025 22:31:58 Europe/Moscow] Request Method: POST
[16-Mar-2025 22:31:58 Europe/Moscow] Request URI: /api/yggdrasil.php/validate
[16-Mar-2025 22:31:58 Europe/Moscow] Parsed URI: Array
(
    [0] => api
    [1] => yggdrasil.php
    [2] => validate
)

[16-Mar-2025 22:32:13 Europe/Moscow] Script loaded at: 2025-03-16 22:32:13
[16-Mar-2025 22:32:13 Europe/Moscow] Script loaded at: 2025-03-16 22:32:13
[16-Mar-2025 22:32:13 Europe/Moscow] Request Method: GET
[16-Mar-2025 22:32:13 Europe/Moscow] Request Method: GET
[16-Mar-2025 22:32:13 Europe/Moscow] Request URI: /api/yggdrasil.php/publickeys
[16-Mar-2025 22:32:13 Europe/Moscow] Request URI: /api/yggdrasil.php/session/minecraft/profile/473099f1140e4083aad34b55ba00edb0?unsigned=false
[16-Mar-2025 22:32:13 Europe/Moscow] Parsed URI: Array
(
    [0] => api
    [1] => yggdrasil.php
    [2] => publickeys
)

[16-Mar-2025 22:32:13 Europe/Moscow] Parsed URI: Array
(
    [0] => api
    [1] => yggdrasil.php
    [2] => session
    [3] => minecraft
    [4] => profile
    [5] => 473099f1140e4083aad34b55ba00edb0
)

[16-Mar-2025 22:32:13 Europe/Moscow] Handling /publickeys request
[16-Mar-2025 22:32:13 Europe/Moscow] Handling /session/minecraft/profile for uuid: 473099f1-140e-4083-aad3-4b55ba00edb0
[16-Mar-2025 22:32:13 Europe/Moscow] Public keys response prepared: {"profilePropertyKeys":[{"publicKey":"MIIBIjANBgkqhkiG9w0BAQEFAAOCAQ8AMIIBCgKCAQEAw5Fu8JeorNSVXs8a2RNPtWb8vtn65ay7CXgdQ6rA9PReJMYONc\/RCwe272LXlNbrR\/ns7dkKncPySpGXXmZjApLzZktaB3hWObZGAmTOFF4dCAWi9oyRrJ4LivLBd5EODY4LTyKrmUUqS28xUCGfgzh92AsXbxZimahwAscp089etqXCzBvCyNkQe9UfbnzZzTPSsOiBdYlOgLEGkscfXYYkIA\/KdFQsuPp3z4Vj3bwPoeBAVnpHqNiaSdPq840k4iUKEdMxJHMclt8CJXZbr7jqv4RfeoOT+ypkSNckIRkD2QmBf4pPSzI3Qhag2MpS\/FTCMuvCya9Tvp6ckOdEKwIDAQAB","signature":"QdaSf4nTy7JCtnfCFcFB7ISk\/OFEcRFDiKYeDrqviPRWQDiRBtAwXPxihB\/GY9CcwCrp7ppe7gXOc2iRXuwWQRr9E55JwgyG\/20IVXGB+gfooA03e69RHz914XURzulGcY4jWojckDbFAK1AjsmO7q4zyngXnPO6Rguzy2QuRrPFayO3ioN8CDwpV0XHO\/jC4T9H5DnbzuxlC2z2RoJAfRoi72lOcSzFAwrE+A1cBHzfP8sOf7IN9ZUJTvZj0F6XeksueMrl07HVGDBgql3WWF+\/PYWC1M\/67XpnB0DlBdY3KfaAB1pFDPqkp2XShT30+IJjk6A68TjvfsfIj7abaQ=="}]}
[16-Mar-2025 22:32:13 Europe/Moscow] Response prepared: {"id":"473099f1-140e-4083-aad3-4b55ba00edb0","name":"_CyberDemon_","properties":[{"name":"textures","value":"eyJ0aW1lc3RhbXAiOjE3NDIxNTM1MzMsInByb2ZpbGVJZCI6IjQ3MzA5OWYxLTE0MGUtNDA4My1hYWQzLTRiNTViYTAwZWRiMCIsInByb2ZpbGVOYW1lIjoiX0N5YmVyRGVtb25fIiwidGV4dHVyZXMiOnsiU0tJTiI6eyJ1cmwiOiJodHRwczpcL1wvcHJvamVjdC1lY2hvLnJ1XC9za2luc1wvZGVmYXVsdC5wbmcifX19","signature":"ts43uLjxvNXFKM12ctMEh4TQGFZ36OpcLiXWEGvEcFCIbx7U3w9LtWg3eLaeeRYErVF12PMQN90AGyYvCCDXnqZEtW02J6LPOqSypGoynJJWS6LmkkVU9FHOUAkyIG7mt02SbhKb2fZcxF3SeRu6KxeeqGRDTHDMVo+mRwKX\/yD+QYWXAvQkJ+w6MQM3mZfokU2YzMlvfhFls\/\/w1ciwZePHSuJOHO+DANQzRgKbOvQNmxQcdXqUQbZB4rBGvBSTC1avvdnyNMsCVuawqAL4GmRBPfRFMm7NeNY9YBGzKEaLB3FwhVyEhzxoJOXLZX9m7Sza\/iqtrdTJIWfx2ZIGfA=="}],"publicKey":{"key":"MIIBIjANBgkqhkiG9w0BAQEFAAOCAQ8AMIIBCgKCAQEAw5Fu8JeorNSVXs8a2RNPtWb8vtn65ay7CXgdQ6rA9PReJMYONc\/RCwe272LXlNbrR\/ns7dkKncPySpGXXmZjApLzZktaB3hWObZGAmTOFF4dCAWi9oyRrJ4LivLBd5EODY4LTyKrmUUqS28xUCGfgzh92AsXbxZimahwAscp089etqXCzBvCyNkQe9UfbnzZzTPSsOiBdYlOgLEGkscfXYYkIA\/KdFQsuPp3z4Vj3bwPoeBAVnpHqNiaSdPq840k4iUKEdMxJHMclt8CJXZbr7jqv4RfeoOT+ypkSNckIRkD2QmBf4pPSzI3Qhag2MpS\/FTCMuvCya9Tvp6ckOdEKwIDAQAB","signature":"QdaSf4nTy7JCtnfCFcFB7ISk\/OFEcRFDiKYeDrqviPRWQDiRBtAwXPxihB\/GY9CcwCrp7ppe7gXOc2iRXuwWQRr9E55JwgyG\/20IVXGB+gfooA03e69RHz914XURzulGcY4jWojckDbFAK1AjsmO7q4zyngXnPO6Rguzy2QuRrPFayO3ioN8CDwpV0XHO\/jC4T9H5DnbzuxlC2z2RoJAfRoi72lOcSzFAwrE+A1cBHzfP8sOf7IN9ZUJTvZj0F6XeksueMrl07HVGDBgql3WWF+\/PYWC1M\/67XpnB0DlBdY3KfaAB1pFDPqkp2XShT30+IJjk6A68TjvfsfIj7abaQ=="}}
[16-Mar-2025 22:32:55 Europe/Moscow] Script loaded at: 2025-03-16 22:32:55
[16-Mar-2025 22:32:55 Europe/Moscow] Request Method: POST
[16-Mar-2025 22:32:55 Europe/Moscow] Request URI: /api/yggdrasil.php/session/minecraft/join
[16-Mar-2025 22:32:55 Europe/Moscow] Parsed URI: Array
(
    [0] => api
    [1] => yggdrasil.php
    [2] => session
    [3] => minecraft
    [4] => join
)

[16-Mar-2025 22:32:55 Europe/Moscow] Session updated: accessToken=8a36c109ff45ba1726dee17a67929fb5, uuid=473099f1-140e-4083-aad3-4b55ba00edb0, serverId=7f4a55c8767c521a42343e0358b2cf8f662c1bb
[16-Mar-2025 22:32:55 Europe/Moscow] Script loaded at: 2025-03-16 22:32:55
[16-Mar-2025 22:32:55 Europe/Moscow] Request Method: GET
[16-Mar-2025 22:32:55 Europe/Moscow] Request URI: /api/yggdrasil.php/sessionserver/session/minecraft/hasJoined?serverId=7f4a55c8767c521a42343e0358b2cf8f662c1bb&username=_CyberDemon_
[16-Mar-2025 22:32:55 Europe/Moscow] Parsed URI: Array
(
    [0] => api
    [1] => yggdrasil.php
    [2] => sessionserver
    [3] => session
    [4] => minecraft
    [5] => hasJoined
)

[16-Mar-2025 22:32:55 Europe/Moscow] Handling /hasJoined for username: _CyberDemon_, serverId: 7f4a55c8767c521a42343e0358b2cf8f662c1bb
[16-Mar-2025 22:32:55 Europe/Moscow] Response prepared for /hasJoined: {"id":"473099f1-140e-4083-aad3-4b55ba00edb0","name":"_CyberDemon_","properties":[{"name":"textures","value":"eyJ0aW1lc3RhbXAiOjE3NDIxNTM1NzUsInByb2ZpbGVJZCI6IjQ3MzA5OWYxLTE0MGUtNDA4My1hYWQzLTRiNTViYTAwZWRiMCIsInByb2ZpbGVOYW1lIjoiX0N5YmVyRGVtb25fIiwidGV4dHVyZXMiOnsiU0tJTiI6eyJ1cmwiOiJodHRwczpcL1wvcHJvamVjdC1lY2hvLnJ1XC9za2luc1wvZGVmYXVsdC5wbmcifX19","signature":"i12FaAdJ6EhrsRbLqV51WxfpbrixSLrsJnDQg9t1gCdbohIIZ5IO1RiTIoeSgxfJg1OzL1MGOIRGmuoHHkJTOzP4oj9EgfczIMi383yNNZrq8dxB9\/6BKKIufD8GcQ1kMWvvWkAg5gb0oxX\/PbH0vX8HdcQGHDdnAhVuewbhzFoQ3t10qs2DeUINa91AFCxhL+KNXrcUzSZdyr9Tv9Fu2WWMpmh5Ijf\/tRMLgsfwU14JNdzPVCgvWzgPSGQS\/KLq+ksX1ibJZGwhhlJkNdA4kzej\/\/h4T8aBjpG\/E8v6oI98k4a8mrx05LyTbvTCi9nTOzgFE\/LITbWve+ySFw9Uqg=="}],"publicKey":{"key":"MIIBIjANBgkqhkiG9w0BAQEFAAOCAQ8AMIIBCgKCAQEAw5Fu8JeorNSVXs8a2RNPtWb8vtn65ay7CXgdQ6rA9PReJMYONc\/RCwe272LXlNbrR\/ns7dkKncPySpGXXmZjApLzZktaB3hWObZGAmTOFF4dCAWi9oyRrJ4LivLBd5EODY4LTyKrmUUqS28xUCGfgzh92AsXbxZimahwAscp089etqXCzBvCyNkQe9UfbnzZzTPSsOiBdYlOgLEGkscfXYYkIA\/KdFQsuPp3z4Vj3bwPoeBAVnpHqNiaSdPq840k4iUKEdMxJHMclt8CJXZbr7jqv4RfeoOT+ypkSNckIRkD2QmBf4pPSzI3Qhag2MpS\/FTCMuvCya9Tvp6ckOdEKwIDAQAB","signature":"QdaSf4nTy7JCtnfCFcFB7ISk\/OFEcRFDiKYeDrqviPRWQDiRBtAwXPxihB\/GY9CcwCrp7ppe7gXOc2iRXuwWQRr9E55JwgyG\/20IVXGB+gfooA03e69RHz914XURzulGcY4jWojckDbFAK1AjsmO7q4zyngXnPO6Rguzy2QuRrPFayO3ioN8CDwpV0XHO\/jC4T9H5DnbzuxlC2z2RoJAfRoi72lOcSzFAwrE+A1cBHzfP8sOf7IN9ZUJTvZj0F6XeksueMrl07HVGDBgql3WWF+\/PYWC1M\/67XpnB0DlBdY3KfaAB1pFDPqkp2XShT30+IJjk6A68TjvfsfIj7abaQ=="}}
[16-Mar-2025 22:45:43 Europe/Moscow] Script loaded at: 2025-03-16 22:45:43
[16-Mar-2025 22:45:43 Europe/Moscow] Request Method: POST
[16-Mar-2025 22:45:43 Europe/Moscow] Request URI: /api/yggdrasil.php/authenticate
[16-Mar-2025 22:45:43 Europe/Moscow] Parsed URI: Array
(
    [0] => api
    [1] => yggdrasil.php
    [2] => authenticate
)

[16-Mar-2025 22:45:43 Europe/Moscow] AccessToken saved for authenticate: accessToken=f5dda8184f88a0aaab00e8195431c31e, uuid=473099f1-140e-4083-aad3-4b55ba00edb0
[16-Mar-2025 22:45:43 Europe/Moscow] Script loaded at: 2025-03-16 22:45:43
[16-Mar-2025 22:45:43 Europe/Moscow] Request Method: GET
[16-Mar-2025 22:45:43 Europe/Moscow] Request URI: /api/yggdrasil.php/session/minecraft/profile/473099f1-140e-4083-aad3-4b55ba00edb0
[16-Mar-2025 22:45:43 Europe/Moscow] Parsed URI: Array
(
    [0] => api
    [1] => yggdrasil.php
    [2] => session
    [3] => minecraft
    [4] => profile
    [5] => 473099f1-140e-4083-aad3-4b55ba00edb0
)

[16-Mar-2025 22:45:43 Europe/Moscow] Handling /session/minecraft/profile for uuid: 473099f1-140e-4083-aad3-4b55ba00edb0
[16-Mar-2025 22:45:43 Europe/Moscow] Response prepared: {"id":"473099f1-140e-4083-aad3-4b55ba00edb0","name":"_CyberDemon_","properties":[{"name":"textures","value":"eyJ0aW1lc3RhbXAiOjE3NDIxNTQzNDMsInByb2ZpbGVJZCI6IjQ3MzA5OWYxLTE0MGUtNDA4My1hYWQzLTRiNTViYTAwZWRiMCIsInByb2ZpbGVOYW1lIjoiX0N5YmVyRGVtb25fIiwidGV4dHVyZXMiOnsiU0tJTiI6eyJ1cmwiOiJodHRwczpcL1wvcHJvamVjdC1lY2hvLnJ1XC9za2luc1wvZGVmYXVsdC5wbmcifX19","signature":"opKbKvGgz8BAviravIArettxKiddNPfL3UAxBGxi34toeWijVPRglQM4xA1Os+3LSucBu\/AckNvAmxyYNM77MpoEC0hnc6iLG7xZq70CqeDKh3LIOEgvy3NYpNZVMXcZtdmf5FxMTbLQIA8hvh4DOTh6AVAh3uT2mWBAoalmUfT4c07WsoHOwXwwOch3paXnyKLq8V2Cxtn8iMPXwsUk7bT0P8piRiN4rq1uPO27BrL8+fiH8QkEzR44zArkEUU6QU6mVfaErEJSNuPk26cXBlFyj6jyDpdzwzAG79mkk8xFJ9S+aqpGoR+O4+nxjHP+9Gnwe9ybwwUWu9FkNBmM0g=="}],"publicKey":{"key":"MIIBIjANBgkqhkiG9w0BAQEFAAOCAQ8AMIIBCgKCAQEAw5Fu8JeorNSVXs8a2RNPtWb8vtn65ay7CXgdQ6rA9PReJMYONc\/RCwe272LXlNbrR\/ns7dkKncPySpGXXmZjApLzZktaB3hWObZGAmTOFF4dCAWi9oyRrJ4LivLBd5EODY4LTyKrmUUqS28xUCGfgzh92AsXbxZimahwAscp089etqXCzBvCyNkQe9UfbnzZzTPSsOiBdYlOgLEGkscfXYYkIA\/KdFQsuPp3z4Vj3bwPoeBAVnpHqNiaSdPq840k4iUKEdMxJHMclt8CJXZbr7jqv4RfeoOT+ypkSNckIRkD2QmBf4pPSzI3Qhag2MpS\/FTCMuvCya9Tvp6ckOdEKwIDAQAB","signature":"QdaSf4nTy7JCtnfCFcFB7ISk\/OFEcRFDiKYeDrqviPRWQDiRBtAwXPxihB\/GY9CcwCrp7ppe7gXOc2iRXuwWQRr9E55JwgyG\/20IVXGB+gfooA03e69RHz914XURzulGcY4jWojckDbFAK1AjsmO7q4zyngXnPO6Rguzy2QuRrPFayO3ioN8CDwpV0XHO\/jC4T9H5DnbzuxlC2z2RoJAfRoi72lOcSzFAwrE+A1cBHzfP8sOf7IN9ZUJTvZj0F6XeksueMrl07HVGDBgql3WWF+\/PYWC1M\/67XpnB0DlBdY3KfaAB1pFDPqkp2XShT30+IJjk6A68TjvfsfIj7abaQ=="}}
[16-Mar-2025 22:48:06 Europe/Moscow] Script loaded at: 2025-03-16 22:48:06
[16-Mar-2025 22:48:06 Europe/Moscow] Request Method: POST
[16-Mar-2025 22:48:06 Europe/Moscow] Request URI: /api/yggdrasil.php/authenticate
[16-Mar-2025 22:48:06 Europe/Moscow] Parsed URI: Array
(
    [0] => api
    [1] => yggdrasil.php
    [2] => authenticate
)

[16-Mar-2025 22:48:06 Europe/Moscow] AccessToken saved for authenticate: accessToken=77e8d991d696aa9714e0e225263d46c4, uuid=473099f1-140e-4083-aad3-4b55ba00edb0
[16-Mar-2025 22:48:06 Europe/Moscow] Script loaded at: 2025-03-16 22:48:06
[16-Mar-2025 22:48:06 Europe/Moscow] Request Method: GET
[16-Mar-2025 22:48:06 Europe/Moscow] Request URI: /api/yggdrasil.php/session/minecraft/profile/473099f1-140e-4083-aad3-4b55ba00edb0
[16-Mar-2025 22:48:06 Europe/Moscow] Parsed URI: Array
(
    [0] => api
    [1] => yggdrasil.php
    [2] => session
    [3] => minecraft
    [4] => profile
    [5] => 473099f1-140e-4083-aad3-4b55ba00edb0
)

[16-Mar-2025 22:48:06 Europe/Moscow] Handling /session/minecraft/profile for uuid: 473099f1-140e-4083-aad3-4b55ba00edb0
[16-Mar-2025 22:48:06 Europe/Moscow] Response prepared: {"id":"473099f1-140e-4083-aad3-4b55ba00edb0","name":"_CyberDemon_","properties":[{"name":"textures","value":"eyJ0aW1lc3RhbXAiOjE3NDIxNTQ0ODYsInByb2ZpbGVJZCI6IjQ3MzA5OWYxLTE0MGUtNDA4My1hYWQzLTRiNTViYTAwZWRiMCIsInByb2ZpbGVOYW1lIjoiX0N5YmVyRGVtb25fIiwidGV4dHVyZXMiOnsiU0tJTiI6eyJ1cmwiOiJodHRwczpcL1wvcHJvamVjdC1lY2hvLnJ1XC9za2luc1wvZGVmYXVsdC5wbmcifX19","signature":"g2QAEX0M8+7L44TVtgGnrUPmjWaS4Zg4DQDYPMTEHM0xK79Q7VT04CQhxFW+Ohh\/Dn17oVq69NYKRVUklMlQHMBkt11Rns\/TKAy63Fccl5gLFLTifkkymkiAm7FlLKbB+18jFxuyqWlMn4IvpuanETKYmXD8VvYT9Y\/mQpMHrlDWspCCEUih1+2Lc1F5eG\/LWYcW+\/U3CUq7VccVTKIXyDUx3iZHbPWiu5nW+CQtVVlClNvKhvoW7KTySaWn9HIO3Ke9XoBOenKKikDWhBhQ51S11U\/mwlbk0HH+bei5MISyIKSA3pdcxv8EFR\/o+eywUxW5rGVn4UwzdIUQzy3a2Q=="}],"publicKey":{"key":"MIIBIjANBgkqhkiG9w0BAQEFAAOCAQ8AMIIBCgKCAQEAw5Fu8JeorNSVXs8a2RNPtWb8vtn65ay7CXgdQ6rA9PReJMYONc\/RCwe272LXlNbrR\/ns7dkKncPySpGXXmZjApLzZktaB3hWObZGAmTOFF4dCAWi9oyRrJ4LivLBd5EODY4LTyKrmUUqS28xUCGfgzh92AsXbxZimahwAscp089etqXCzBvCyNkQe9UfbnzZzTPSsOiBdYlOgLEGkscfXYYkIA\/KdFQsuPp3z4Vj3bwPoeBAVnpHqNiaSdPq840k4iUKEdMxJHMclt8CJXZbr7jqv4RfeoOT+ypkSNckIRkD2QmBf4pPSzI3Qhag2MpS\/FTCMuvCya9Tvp6ckOdEKwIDAQAB","signature":"QdaSf4nTy7JCtnfCFcFB7ISk\/OFEcRFDiKYeDrqviPRWQDiRBtAwXPxihB\/GY9CcwCrp7ppe7gXOc2iRXuwWQRr9E55JwgyG\/20IVXGB+gfooA03e69RHz914XURzulGcY4jWojckDbFAK1AjsmO7q4zyngXnPO6Rguzy2QuRrPFayO3ioN8CDwpV0XHO\/jC4T9H5DnbzuxlC2z2RoJAfRoi72lOcSzFAwrE+A1cBHzfP8sOf7IN9ZUJTvZj0F6XeksueMrl07HVGDBgql3WWF+\/PYWC1M\/67XpnB0DlBdY3KfaAB1pFDPqkp2XShT30+IJjk6A68TjvfsfIj7abaQ=="}}
[16-Mar-2025 22:49:15 Europe/Moscow] Script loaded at: 2025-03-16 22:49:15
[16-Mar-2025 22:49:15 Europe/Moscow] Request Method: POST
[16-Mar-2025 22:49:15 Europe/Moscow] Request URI: /api/yggdrasil.php/validate
[16-Mar-2025 22:49:15 Europe/Moscow] Parsed URI: Array
(
    [0] => api
    [1] => yggdrasil.php
    [2] => validate
)

[16-Mar-2025 22:49:29 Europe/Moscow] Script loaded at: 2025-03-16 22:49:29
[16-Mar-2025 22:49:29 Europe/Moscow] Request Method: GET
[16-Mar-2025 22:49:29 Europe/Moscow] Request URI: /api/yggdrasil.php/session/minecraft/profile/473099f1140e4083aad34b55ba00edb0?unsigned=false
[16-Mar-2025 22:49:29 Europe/Moscow] Parsed URI: Array
(
    [0] => api
    [1] => yggdrasil.php
    [2] => session
    [3] => minecraft
    [4] => profile
    [5] => 473099f1140e4083aad34b55ba00edb0
)

[16-Mar-2025 22:49:29 Europe/Moscow] Handling /session/minecraft/profile for uuid: 473099f1-140e-4083-aad3-4b55ba00edb0
[16-Mar-2025 22:49:29 Europe/Moscow] Response prepared: {"id":"473099f1-140e-4083-aad3-4b55ba00edb0","name":"_CyberDemon_","properties":[{"name":"textures","value":"eyJ0aW1lc3RhbXAiOjE3NDIxNTQ1NjksInByb2ZpbGVJZCI6IjQ3MzA5OWYxLTE0MGUtNDA4My1hYWQzLTRiNTViYTAwZWRiMCIsInByb2ZpbGVOYW1lIjoiX0N5YmVyRGVtb25fIiwidGV4dHVyZXMiOnsiU0tJTiI6eyJ1cmwiOiJodHRwczpcL1wvcHJvamVjdC1lY2hvLnJ1XC9za2luc1wvZGVmYXVsdC5wbmcifX19","signature":"KIIYpORT7C5jelDuQ3wShemYFK98IvYkSLcJC816BCqdB29irPgAghGy8JPHPRTxnBcC2EL5Ma46dcYfSa+j7D3Z0wEmlVwt7LHk1lZjQBC12pMZk2Go6R+GrgvVHQgN8ux+Ak39\/U57XvOCJKrU4SHlCho0swJcAdvqUXIgRKBSTJT3SU7u2jcm\/88F6BTxIZu6FGOgMzlU+LAWwM07OIBOrmBsSgVKwFq1dXPxTby7ZUNfRwCT6P+u584p\/3oD04TF\/Y0b8rePjJWgZuh8po0sfxYsz0g8Q6fE+4xHF2JO08HzhoXieeASROau7IgdkB\/pHSXF3xvw018Rc81uwg=="}],"publicKey":{"key":"MIIBIjANBgkqhkiG9w0BAQEFAAOCAQ8AMIIBCgKCAQEAw5Fu8JeorNSVXs8a2RNPtWb8vtn65ay7CXgdQ6rA9PReJMYONc\/RCwe272LXlNbrR\/ns7dkKncPySpGXXmZjApLzZktaB3hWObZGAmTOFF4dCAWi9oyRrJ4LivLBd5EODY4LTyKrmUUqS28xUCGfgzh92AsXbxZimahwAscp089etqXCzBvCyNkQe9UfbnzZzTPSsOiBdYlOgLEGkscfXYYkIA\/KdFQsuPp3z4Vj3bwPoeBAVnpHqNiaSdPq840k4iUKEdMxJHMclt8CJXZbr7jqv4RfeoOT+ypkSNckIRkD2QmBf4pPSzI3Qhag2MpS\/FTCMuvCya9Tvp6ckOdEKwIDAQAB","signature":"QdaSf4nTy7JCtnfCFcFB7ISk\/OFEcRFDiKYeDrqviPRWQDiRBtAwXPxihB\/GY9CcwCrp7ppe7gXOc2iRXuwWQRr9E55JwgyG\/20IVXGB+gfooA03e69RHz914XURzulGcY4jWojckDbFAK1AjsmO7q4zyngXnPO6Rguzy2QuRrPFayO3ioN8CDwpV0XHO\/jC4T9H5DnbzuxlC2z2RoJAfRoi72lOcSzFAwrE+A1cBHzfP8sOf7IN9ZUJTvZj0F6XeksueMrl07HVGDBgql3WWF+\/PYWC1M\/67XpnB0DlBdY3KfaAB1pFDPqkp2XShT30+IJjk6A68TjvfsfIj7abaQ=="}}
[16-Mar-2025 22:49:29 Europe/Moscow] Script loaded at: 2025-03-16 22:49:29
[16-Mar-2025 22:49:29 Europe/Moscow] Request Method: GET
[16-Mar-2025 22:49:29 Europe/Moscow] Request URI: /api/yggdrasil.php/publickeys
[16-Mar-2025 22:49:29 Europe/Moscow] Parsed URI: Array
(
    [0] => api
    [1] => yggdrasil.php
    [2] => publickeys
)

[16-Mar-2025 22:49:29 Europe/Moscow] Handling /publickeys request
[16-Mar-2025 22:49:29 Europe/Moscow] Public keys response prepared: {"profilePropertyKeys":[{"publicKey":"MIIBIjANBgkqhkiG9w0BAQEFAAOCAQ8AMIIBCgKCAQEAw5Fu8JeorNSVXs8a2RNPtWb8vtn65ay7CXgdQ6rA9PReJMYONc\/RCwe272LXlNbrR\/ns7dkKncPySpGXXmZjApLzZktaB3hWObZGAmTOFF4dCAWi9oyRrJ4LivLBd5EODY4LTyKrmUUqS28xUCGfgzh92AsXbxZimahwAscp089etqXCzBvCyNkQe9UfbnzZzTPSsOiBdYlOgLEGkscfXYYkIA\/KdFQsuPp3z4Vj3bwPoeBAVnpHqNiaSdPq840k4iUKEdMxJHMclt8CJXZbr7jqv4RfeoOT+ypkSNckIRkD2QmBf4pPSzI3Qhag2MpS\/FTCMuvCya9Tvp6ckOdEKwIDAQAB","signature":"QdaSf4nTy7JCtnfCFcFB7ISk\/OFEcRFDiKYeDrqviPRWQDiRBtAwXPxihB\/GY9CcwCrp7ppe7gXOc2iRXuwWQRr9E55JwgyG\/20IVXGB+gfooA03e69RHz914XURzulGcY4jWojckDbFAK1AjsmO7q4zyngXnPO6Rguzy2QuRrPFayO3ioN8CDwpV0XHO\/jC4T9H5DnbzuxlC2z2RoJAfRoi72lOcSzFAwrE+A1cBHzfP8sOf7IN9ZUJTvZj0F6XeksueMrl07HVGDBgql3WWF+\/PYWC1M\/67XpnB0DlBdY3KfaAB1pFDPqkp2XShT30+IJjk6A68TjvfsfIj7abaQ=="}]}
[16-Mar-2025 22:49:52 Europe/Moscow] Script loaded at: 2025-03-16 22:49:52
[16-Mar-2025 22:49:52 Europe/Moscow] Request Method: POST
[16-Mar-2025 22:49:52 Europe/Moscow] Request URI: /api/yggdrasil.php/session/minecraft/join
[16-Mar-2025 22:49:52 Europe/Moscow] Parsed URI: Array
(
    [0] => api
    [1] => yggdrasil.php
    [2] => session
    [3] => minecraft
    [4] => join
)

[16-Mar-2025 22:49:52 Europe/Moscow] Session updated: accessToken=77e8d991d696aa9714e0e225263d46c4, uuid=473099f1-140e-4083-aad3-4b55ba00edb0, serverId=-5da6db4febb59a8bbf3404d2fe3494ac88441312
[16-Mar-2025 22:49:52 Europe/Moscow] Script loaded at: 2025-03-16 22:49:52
[16-Mar-2025 22:49:52 Europe/Moscow] Request Method: GET
[16-Mar-2025 22:49:52 Europe/Moscow] Request URI: /api/yggdrasil.php/sessionserver/session/minecraft/hasJoined?serverId=-5da6db4febb59a8bbf3404d2fe3494ac88441312&username=_CyberDemon_
[16-Mar-2025 22:49:52 Europe/Moscow] Parsed URI: Array
(
    [0] => api
    [1] => yggdrasil.php
    [2] => sessionserver
    [3] => session
    [4] => minecraft
    [5] => hasJoined
)

[16-Mar-2025 22:49:52 Europe/Moscow] Handling /hasJoined for username: _CyberDemon_, serverId: -5da6db4febb59a8bbf3404d2fe3494ac88441312
[16-Mar-2025 22:49:52 Europe/Moscow] Response prepared for /hasJoined: {"id":"473099f1-140e-4083-aad3-4b55ba00edb0","name":"_CyberDemon_","properties":[{"name":"textures","value":"eyJ0aW1lc3RhbXAiOjE3NDIxNTQ1OTIsInByb2ZpbGVJZCI6IjQ3MzA5OWYxLTE0MGUtNDA4My1hYWQzLTRiNTViYTAwZWRiMCIsInByb2ZpbGVOYW1lIjoiX0N5YmVyRGVtb25fIiwidGV4dHVyZXMiOnsiU0tJTiI6eyJ1cmwiOiJodHRwczpcL1wvcHJvamVjdC1lY2hvLnJ1XC9za2luc1wvZGVmYXVsdC5wbmcifX19","signature":"lxvI7i3fkNA3w\/v6CU00CGPu3RdGqdJrCp8i2Ecu5gzn9gXuPhtrNxMkP9ht3\/r86BZAOqh5qJSNt1WlQzgPna6l8golNDHDxb2+aB1jyW09VMdr\/z9P\/wJfQIHxQ2XdO6Ie2sYoDM53nZng0EBtkEh1dhHpR6xq+GMv\/BZlyC5QzeZ\/PLBGNtNNzazW8jguIppDf+6zkJkl1KDtr9DaBPSBzumDMSaZRDcveT4vpFcphOgZdrIFN0nOpiCjpQHXm4zHt4VjXYF1GIIgqcDmHHFZcASYzB5ipffVcC3DmMu5gTYpL7gAk8OOsSKqa1oEbUct\/uEvRUdNrX20HDpPgA=="}],"publicKey":{"key":"MIIBIjANBgkqhkiG9w0BAQEFAAOCAQ8AMIIBCgKCAQEAw5Fu8JeorNSVXs8a2RNPtWb8vtn65ay7CXgdQ6rA9PReJMYONc\/RCwe272LXlNbrR\/ns7dkKncPySpGXXmZjApLzZktaB3hWObZGAmTOFF4dCAWi9oyRrJ4LivLBd5EODY4LTyKrmUUqS28xUCGfgzh92AsXbxZimahwAscp089etqXCzBvCyNkQe9UfbnzZzTPSsOiBdYlOgLEGkscfXYYkIA\/KdFQsuPp3z4Vj3bwPoeBAVnpHqNiaSdPq840k4iUKEdMxJHMclt8CJXZbr7jqv4RfeoOT+ypkSNckIRkD2QmBf4pPSzI3Qhag2MpS\/FTCMuvCya9Tvp6ckOdEKwIDAQAB","signature":"QdaSf4nTy7JCtnfCFcFB7ISk\/OFEcRFDiKYeDrqviPRWQDiRBtAwXPxihB\/GY9CcwCrp7ppe7gXOc2iRXuwWQRr9E55JwgyG\/20IVXGB+gfooA03e69RHz914XURzulGcY4jWojckDbFAK1AjsmO7q4zyngXnPO6Rguzy2QuRrPFayO3ioN8CDwpV0XHO\/jC4T9H5DnbzuxlC2z2RoJAfRoi72lOcSzFAwrE+A1cBHzfP8sOf7IN9ZUJTvZj0F6XeksueMrl07HVGDBgql3WWF+\/PYWC1M\/67XpnB0DlBdY3KfaAB1pFDPqkp2XShT30+IJjk6A68TjvfsfIj7abaQ=="}}
[16-Mar-2025 22:50:29 Europe/Moscow] Script loaded at: 2025-03-16 22:50:29
[16-Mar-2025 22:50:29 Europe/Moscow] Request Method: POST
[16-Mar-2025 22:50:29 Europe/Moscow] Request URI: /api/yggdrasil.php/validate
[16-Mar-2025 22:50:29 Europe/Moscow] Parsed URI: Array
(
    [0] => api
    [1] => yggdrasil.php
    [2] => validate
)

[16-Mar-2025 22:51:01 Europe/Moscow] Script loaded at: 2025-03-16 22:51:01
[16-Mar-2025 22:51:01 Europe/Moscow] Request Method: GET
[16-Mar-2025 22:51:01 Europe/Moscow] Script loaded at: 2025-03-16 22:51:01
[16-Mar-2025 22:51:01 Europe/Moscow] Request URI: /api/yggdrasil.php/session/minecraft/profile/473099f1140e4083aad34b55ba00edb0?unsigned=false
[16-Mar-2025 22:51:01 Europe/Moscow] Request Method: GET
[16-Mar-2025 22:51:01 Europe/Moscow] Parsed URI: Array
(
    [0] => api
    [1] => yggdrasil.php
    [2] => session
    [3] => minecraft
    [4] => profile
    [5] => 473099f1140e4083aad34b55ba00edb0
)

[16-Mar-2025 22:51:01 Europe/Moscow] Request URI: /api/yggdrasil.php/publickeys
[16-Mar-2025 22:51:01 Europe/Moscow] Handling /session/minecraft/profile for uuid: 473099f1-140e-4083-aad3-4b55ba00edb0
[16-Mar-2025 22:51:01 Europe/Moscow] Parsed URI: Array
(
    [0] => api
    [1] => yggdrasil.php
    [2] => publickeys
)

[16-Mar-2025 22:51:01 Europe/Moscow] Handling /publickeys request
[16-Mar-2025 22:51:01 Europe/Moscow] Public keys response prepared: {"profilePropertyKeys":[{"publicKey":"MIIBIjANBgkqhkiG9w0BAQEFAAOCAQ8AMIIBCgKCAQEAw5Fu8JeorNSVXs8a2RNPtWb8vtn65ay7CXgdQ6rA9PReJMYONc\/RCwe272LXlNbrR\/ns7dkKncPySpGXXmZjApLzZktaB3hWObZGAmTOFF4dCAWi9oyRrJ4LivLBd5EODY4LTyKrmUUqS28xUCGfgzh92AsXbxZimahwAscp089etqXCzBvCyNkQe9UfbnzZzTPSsOiBdYlOgLEGkscfXYYkIA\/KdFQsuPp3z4Vj3bwPoeBAVnpHqNiaSdPq840k4iUKEdMxJHMclt8CJXZbr7jqv4RfeoOT+ypkSNckIRkD2QmBf4pPSzI3Qhag2MpS\/FTCMuvCya9Tvp6ckOdEKwIDAQAB","signature":"QdaSf4nTy7JCtnfCFcFB7ISk\/OFEcRFDiKYeDrqviPRWQDiRBtAwXPxihB\/GY9CcwCrp7ppe7gXOc2iRXuwWQRr9E55JwgyG\/20IVXGB+gfooA03e69RHz914XURzulGcY4jWojckDbFAK1AjsmO7q4zyngXnPO6Rguzy2QuRrPFayO3ioN8CDwpV0XHO\/jC4T9H5DnbzuxlC2z2RoJAfRoi72lOcSzFAwrE+A1cBHzfP8sOf7IN9ZUJTvZj0F6XeksueMrl07HVGDBgql3WWF+\/PYWC1M\/67XpnB0DlBdY3KfaAB1pFDPqkp2XShT30+IJjk6A68TjvfsfIj7abaQ=="}]}
[16-Mar-2025 22:51:01 Europe/Moscow] Response prepared: {"id":"473099f1-140e-4083-aad3-4b55ba00edb0","name":"_CyberDemon_","properties":[{"name":"textures","value":"eyJ0aW1lc3RhbXAiOjE3NDIxNTQ2NjEsInByb2ZpbGVJZCI6IjQ3MzA5OWYxLTE0MGUtNDA4My1hYWQzLTRiNTViYTAwZWRiMCIsInByb2ZpbGVOYW1lIjoiX0N5YmVyRGVtb25fIiwidGV4dHVyZXMiOnsiU0tJTiI6eyJ1cmwiOiJodHRwczpcL1wvcHJvamVjdC1lY2hvLnJ1XC9za2luc1wvZGVmYXVsdC5wbmcifX19","signature":"pnIjalglMW82Y5m3FddOujlSJWbhFY2RlooISOEAi4dcu9z4EM0Jyg780rmc35gqfZEUkOPZVmbZkbm1k1VdyEH3GuyTxY5N2kFJdHk\/CmKbtYx8OUDyfZBFeU9MaoIcIvUGciKQ4Ms\/ZwlhjtvGc5JX1Zl0Aex139Aq1ydqdoj2RPRaOJtgCOmUOkyZ2fZjc\/NZxh5KCenmETlS+g5V0S3jS7oTQVdDLo3hIlQLJhmqdMv0Zp2u\/atTPxEN0X7ekZT2KD5reLi158P9VpoAc4D+vk9ptUYqLlZDp1LkG0sHyLazO\/WmPK4e2b1rsmYyYgb2xUdNlFsCHWjDM2IGJg=="}],"publicKey":{"key":"MIIBIjANBgkqhkiG9w0BAQEFAAOCAQ8AMIIBCgKCAQEAw5Fu8JeorNSVXs8a2RNPtWb8vtn65ay7CXgdQ6rA9PReJMYONc\/RCwe272LXlNbrR\/ns7dkKncPySpGXXmZjApLzZktaB3hWObZGAmTOFF4dCAWi9oyRrJ4LivLBd5EODY4LTyKrmUUqS28xUCGfgzh92AsXbxZimahwAscp089etqXCzBvCyNkQe9UfbnzZzTPSsOiBdYlOgLEGkscfXYYkIA\/KdFQsuPp3z4Vj3bwPoeBAVnpHqNiaSdPq840k4iUKEdMxJHMclt8CJXZbr7jqv4RfeoOT+ypkSNckIRkD2QmBf4pPSzI3Qhag2MpS\/FTCMuvCya9Tvp6ckOdEKwIDAQAB","signature":"QdaSf4nTy7JCtnfCFcFB7ISk\/OFEcRFDiKYeDrqviPRWQDiRBtAwXPxihB\/GY9CcwCrp7ppe7gXOc2iRXuwWQRr9E55JwgyG\/20IVXGB+gfooA03e69RHz914XURzulGcY4jWojckDbFAK1AjsmO7q4zyngXnPO6Rguzy2QuRrPFayO3ioN8CDwpV0XHO\/jC4T9H5DnbzuxlC2z2RoJAfRoi72lOcSzFAwrE+A1cBHzfP8sOf7IN9ZUJTvZj0F6XeksueMrl07HVGDBgql3WWF+\/PYWC1M\/67XpnB0DlBdY3KfaAB1pFDPqkp2XShT30+IJjk6A68TjvfsfIj7abaQ=="}}
[16-Mar-2025 22:57:09 Europe/Moscow] Script loaded at: 2025-03-16 22:57:09
[16-Mar-2025 22:57:09 Europe/Moscow] Request Method: POST
[16-Mar-2025 22:57:09 Europe/Moscow] Request URI: /api/yggdrasil.php/validate
[16-Mar-2025 22:57:09 Europe/Moscow] Parsed URI: Array
(
    [0] => api
    [1] => yggdrasil.php
    [2] => validate
)

[16-Mar-2025 22:59:15 Europe/Moscow] Script loaded at: 2025-03-16 22:59:15
[16-Mar-2025 22:59:15 Europe/Moscow] Request Method: POST
[16-Mar-2025 22:59:15 Europe/Moscow] Request URI: /api/yggdrasil.php/validate
[16-Mar-2025 22:59:15 Europe/Moscow] Parsed URI: Array
(
    [0] => api
    [1] => yggdrasil.php
    [2] => validate
)

[16-Mar-2025 22:59:30 Europe/Moscow] Script loaded at: 2025-03-16 22:59:30
[16-Mar-2025 22:59:30 Europe/Moscow] Request Method: GET
[16-Mar-2025 22:59:30 Europe/Moscow] Request URI: /api/yggdrasil.php/session/minecraft/profile/473099f1140e4083aad34b55ba00edb0?unsigned=false
[16-Mar-2025 22:59:30 Europe/Moscow] Parsed URI: Array
(
    [0] => api
    [1] => yggdrasil.php
    [2] => session
    [3] => minecraft
    [4] => profile
    [5] => 473099f1140e4083aad34b55ba00edb0
)

[16-Mar-2025 22:59:30 Europe/Moscow] Handling /session/minecraft/profile for uuid: 473099f1-140e-4083-aad3-4b55ba00edb0
[16-Mar-2025 22:59:30 Europe/Moscow] Response prepared: {"id":"473099f1-140e-4083-aad3-4b55ba00edb0","name":"_CyberDemon_","properties":[{"name":"textures","value":"eyJ0aW1lc3RhbXAiOjE3NDIxNTUxNzAsInByb2ZpbGVJZCI6IjQ3MzA5OWYxLTE0MGUtNDA4My1hYWQzLTRiNTViYTAwZWRiMCIsInByb2ZpbGVOYW1lIjoiX0N5YmVyRGVtb25fIiwidGV4dHVyZXMiOnsiU0tJTiI6eyJ1cmwiOiJodHRwczpcL1wvcHJvamVjdC1lY2hvLnJ1XC9za2luc1wvZGVmYXVsdC5wbmcifX19","signature":"Wae\/c2thUOWVgdOEqGY4ghgS9nA8CASlwSdfyv3FtKPSdaUoDEms4NGqtw1Co6UOnzdvuoTf8iWDBgkE\/8ZTdI9xODsfFophDS96ofctMT6w7nYq4o38YssZyE2358TWnRfafl14xP6OYC1HKqBy9qv5aDwhEHDk4dtcdJkjmccMc5xwu3bsRlxyG8O+kpVXQtNBOBzFeLY3NtJBiCTK3IZm6o5KM97w7+C5cNRZE+qi+XfxaVjE2zDlwjHweUc7tdsOaaW1QyiusqYnS5Hn7it4+QQ97HwXDOd\/\/lxE83n07CfDGyyFjzwEFd+OQEgml6lcyPoJe9jDE23EfBzCoA=="}],"publicKey":{"key":"MIIBIjANBgkqhkiG9w0BAQEFAAOCAQ8AMIIBCgKCAQEAw5Fu8JeorNSVXs8a2RNPtWb8vtn65ay7CXgdQ6rA9PReJMYONc\/RCwe272LXlNbrR\/ns7dkKncPySpGXXmZjApLzZktaB3hWObZGAmTOFF4dCAWi9oyRrJ4LivLBd5EODY4LTyKrmUUqS28xUCGfgzh92AsXbxZimahwAscp089etqXCzBvCyNkQe9UfbnzZzTPSsOiBdYlOgLEGkscfXYYkIA\/KdFQsuPp3z4Vj3bwPoeBAVnpHqNiaSdPq840k4iUKEdMxJHMclt8CJXZbr7jqv4RfeoOT+ypkSNckIRkD2QmBf4pPSzI3Qhag2MpS\/FTCMuvCya9Tvp6ckOdEKwIDAQAB","signature":"QdaSf4nTy7JCtnfCFcFB7ISk\/OFEcRFDiKYeDrqviPRWQDiRBtAwXPxihB\/GY9CcwCrp7ppe7gXOc2iRXuwWQRr9E55JwgyG\/20IVXGB+gfooA03e69RHz914XURzulGcY4jWojckDbFAK1AjsmO7q4zyngXnPO6Rguzy2QuRrPFayO3ioN8CDwpV0XHO\/jC4T9H5DnbzuxlC2z2RoJAfRoi72lOcSzFAwrE+A1cBHzfP8sOf7IN9ZUJTvZj0F6XeksueMrl07HVGDBgql3WWF+\/PYWC1M\/67XpnB0DlBdY3KfaAB1pFDPqkp2XShT30+IJjk6A68TjvfsfIj7abaQ=="}}
[16-Mar-2025 22:59:30 Europe/Moscow] Script loaded at: 2025-03-16 22:59:30
[16-Mar-2025 22:59:30 Europe/Moscow] Request Method: GET
[16-Mar-2025 22:59:30 Europe/Moscow] Request URI: /api/yggdrasil.php/publickeys
[16-Mar-2025 22:59:30 Europe/Moscow] Parsed URI: Array
(
    [0] => api
    [1] => yggdrasil.php
    [2] => publickeys
)

[16-Mar-2025 22:59:30 Europe/Moscow] Handling /publickeys request
[16-Mar-2025 22:59:30 Europe/Moscow] Public keys response prepared: {"profilePropertyKeys":[{"publicKey":"MIIBIjANBgkqhkiG9w0BAQEFAAOCAQ8AMIIBCgKCAQEAw5Fu8JeorNSVXs8a2RNPtWb8vtn65ay7CXgdQ6rA9PReJMYONc\/RCwe272LXlNbrR\/ns7dkKncPySpGXXmZjApLzZktaB3hWObZGAmTOFF4dCAWi9oyRrJ4LivLBd5EODY4LTyKrmUUqS28xUCGfgzh92AsXbxZimahwAscp089etqXCzBvCyNkQe9UfbnzZzTPSsOiBdYlOgLEGkscfXYYkIA\/KdFQsuPp3z4Vj3bwPoeBAVnpHqNiaSdPq840k4iUKEdMxJHMclt8CJXZbr7jqv4RfeoOT+ypkSNckIRkD2QmBf4pPSzI3Qhag2MpS\/FTCMuvCya9Tvp6ckOdEKwIDAQAB","signature":"QdaSf4nTy7JCtnfCFcFB7ISk\/OFEcRFDiKYeDrqviPRWQDiRBtAwXPxihB\/GY9CcwCrp7ppe7gXOc2iRXuwWQRr9E55JwgyG\/20IVXGB+gfooA03e69RHz914XURzulGcY4jWojckDbFAK1AjsmO7q4zyngXnPO6Rguzy2QuRrPFayO3ioN8CDwpV0XHO\/jC4T9H5DnbzuxlC2z2RoJAfRoi72lOcSzFAwrE+A1cBHzfP8sOf7IN9ZUJTvZj0F6XeksueMrl07HVGDBgql3WWF+\/PYWC1M\/67XpnB0DlBdY3KfaAB1pFDPqkp2XShT30+IJjk6A68TjvfsfIj7abaQ=="}]}
[16-Mar-2025 23:09:06 Europe/Moscow] Script loaded at: 2025-03-16 23:09:06
[16-Mar-2025 23:09:06 Europe/Moscow] Request Method: POST
[16-Mar-2025 23:09:06 Europe/Moscow] Request URI: /api/yggdrasil.php/validate
[16-Mar-2025 23:09:06 Europe/Moscow] Parsed URI: Array
(
    [0] => api
    [1] => yggdrasil.php
    [2] => validate
)

[16-Mar-2025 23:09:22 Europe/Moscow] Script loaded at: 2025-03-16 23:09:22
[16-Mar-2025 23:09:22 Europe/Moscow] Request Method: GET
[16-Mar-2025 23:09:22 Europe/Moscow] Request URI: /api/yggdrasil.php/publickeys
[16-Mar-2025 23:09:22 Europe/Moscow] Parsed URI: Array
(
    [0] => api
    [1] => yggdrasil.php
    [2] => publickeys
)

[16-Mar-2025 23:09:22 Europe/Moscow] Handling /publickeys request
[16-Mar-2025 23:09:22 Europe/Moscow] Script loaded at: 2025-03-16 23:09:22
[16-Mar-2025 23:09:22 Europe/Moscow] Request Method: GET
[16-Mar-2025 23:09:22 Europe/Moscow] Request URI: /api/yggdrasil.php/session/minecraft/profile/473099f1140e4083aad34b55ba00edb0?unsigned=false
[16-Mar-2025 23:09:22 Europe/Moscow] Parsed URI: Array
(
    [0] => api
    [1] => yggdrasil.php
    [2] => session
    [3] => minecraft
    [4] => profile
    [5] => 473099f1140e4083aad34b55ba00edb0
)

[16-Mar-2025 23:09:22 Europe/Moscow] Handling /session/minecraft/profile for uuid: 473099f1-140e-4083-aad3-4b55ba00edb0
[16-Mar-2025 23:09:22 Europe/Moscow] Public keys response prepared: {"profilePropertyKeys":[{"publicKey":"MIIBIjANBgkqhkiG9w0BAQEFAAOCAQ8AMIIBCgKCAQEAw5Fu8JeorNSVXs8a2RNPtWb8vtn65ay7CXgdQ6rA9PReJMYONc\/RCwe272LXlNbrR\/ns7dkKncPySpGXXmZjApLzZktaB3hWObZGAmTOFF4dCAWi9oyRrJ4LivLBd5EODY4LTyKrmUUqS28xUCGfgzh92AsXbxZimahwAscp089etqXCzBvCyNkQe9UfbnzZzTPSsOiBdYlOgLEGkscfXYYkIA\/KdFQsuPp3z4Vj3bwPoeBAVnpHqNiaSdPq840k4iUKEdMxJHMclt8CJXZbr7jqv4RfeoOT+ypkSNckIRkD2QmBf4pPSzI3Qhag2MpS\/FTCMuvCya9Tvp6ckOdEKwIDAQAB","signature":"QdaSf4nTy7JCtnfCFcFB7ISk\/OFEcRFDiKYeDrqviPRWQDiRBtAwXPxihB\/GY9CcwCrp7ppe7gXOc2iRXuwWQRr9E55JwgyG\/20IVXGB+gfooA03e69RHz914XURzulGcY4jWojckDbFAK1AjsmO7q4zyngXnPO6Rguzy2QuRrPFayO3ioN8CDwpV0XHO\/jC4T9H5DnbzuxlC2z2RoJAfRoi72lOcSzFAwrE+A1cBHzfP8sOf7IN9ZUJTvZj0F6XeksueMrl07HVGDBgql3WWF+\/PYWC1M\/67XpnB0DlBdY3KfaAB1pFDPqkp2XShT30+IJjk6A68TjvfsfIj7abaQ=="}]}
[16-Mar-2025 23:09:22 Europe/Moscow] Response prepared: {"id":"473099f1-140e-4083-aad3-4b55ba00edb0","name":"_CyberDemon_","properties":[{"name":"textures","value":"eyJ0aW1lc3RhbXAiOjE3NDIxNTU3NjIsInByb2ZpbGVJZCI6IjQ3MzA5OWYxLTE0MGUtNDA4My1hYWQzLTRiNTViYTAwZWRiMCIsInByb2ZpbGVOYW1lIjoiX0N5YmVyRGVtb25fIiwidGV4dHVyZXMiOnsiU0tJTiI6eyJ1cmwiOiJodHRwczpcL1wvcHJvamVjdC1lY2hvLnJ1XC9za2luc1wvZGVmYXVsdC5wbmcifX19","signature":"b0lkrPUSAAr5SM0QgCmQHVqkNiezaJv1LYWb0Usy8UdamU9DEau8MZmk6RL36YV3ye3EhTRVrZ4fk50JDjzTcbKHeLEbG3edLT2tCZ4M5vzg8Kh0m4RRp0lf4o8uz\/Pd3G+eRXPPBzwVUTmn5aWyfQQULN4LnMTUHEKqnuyODt1PN\/Pp1ONMaPdtuKr\/Y4iGFln+veypzpj+aOA5yZzB2Tmuk4XCT8MV1fni26\/RymYPy7RHK3cTGa12kIFxpD70s8rnsZjVvKSYSDLj\/BZVr3nkKa1kO3OSm35a46fGJeorl7TXhNLhQnc9t28rPvoSZajdhG3+mP6eP5t7c9BiGw=="}],"publicKey":{"key":"MIIBIjANBgkqhkiG9w0BAQEFAAOCAQ8AMIIBCgKCAQEAw5Fu8JeorNSVXs8a2RNPtWb8vtn65ay7CXgdQ6rA9PReJMYONc\/RCwe272LXlNbrR\/ns7dkKncPySpGXXmZjApLzZktaB3hWObZGAmTOFF4dCAWi9oyRrJ4LivLBd5EODY4LTyKrmUUqS28xUCGfgzh92AsXbxZimahwAscp089etqXCzBvCyNkQe9UfbnzZzTPSsOiBdYlOgLEGkscfXYYkIA\/KdFQsuPp3z4Vj3bwPoeBAVnpHqNiaSdPq840k4iUKEdMxJHMclt8CJXZbr7jqv4RfeoOT+ypkSNckIRkD2QmBf4pPSzI3Qhag2MpS\/FTCMuvCya9Tvp6ckOdEKwIDAQAB","signature":"QdaSf4nTy7JCtnfCFcFB7ISk\/OFEcRFDiKYeDrqviPRWQDiRBtAwXPxihB\/GY9CcwCrp7ppe7gXOc2iRXuwWQRr9E55JwgyG\/20IVXGB+gfooA03e69RHz914XURzulGcY4jWojckDbFAK1AjsmO7q4zyngXnPO6Rguzy2QuRrPFayO3ioN8CDwpV0XHO\/jC4T9H5DnbzuxlC2z2RoJAfRoi72lOcSzFAwrE+A1cBHzfP8sOf7IN9ZUJTvZj0F6XeksueMrl07HVGDBgql3WWF+\/PYWC1M\/67XpnB0DlBdY3KfaAB1pFDPqkp2XShT30+IJjk6A68TjvfsfIj7abaQ=="}}
[16-Mar-2025 23:10:52 Europe/Moscow] Script loaded at: 2025-03-16 23:10:52
[16-Mar-2025 23:10:52 Europe/Moscow] Request Method: POST
[16-Mar-2025 23:10:52 Europe/Moscow] Request URI: /api/yggdrasil.php/validate
[16-Mar-2025 23:10:52 Europe/Moscow] Parsed URI: Array
(
    [0] => api
    [1] => yggdrasil.php
    [2] => validate
)

[16-Mar-2025 23:11:06 Europe/Moscow] Script loaded at: 2025-03-16 23:11:06
[16-Mar-2025 23:11:06 Europe/Moscow] Script loaded at: 2025-03-16 23:11:06
[16-Mar-2025 23:11:06 Europe/Moscow] Request Method: GET
[16-Mar-2025 23:11:06 Europe/Moscow] Request Method: GET
[16-Mar-2025 23:11:06 Europe/Moscow] Request URI: /api/yggdrasil.php/publickeys
[16-Mar-2025 23:11:06 Europe/Moscow] Request URI: /api/yggdrasil.php/session/minecraft/profile/473099f1140e4083aad34b55ba00edb0?unsigned=false
[16-Mar-2025 23:11:06 Europe/Moscow] Parsed URI: Array
(
    [0] => api
    [1] => yggdrasil.php
    [2] => publickeys
)

[16-Mar-2025 23:11:06 Europe/Moscow] Parsed URI: Array
(
    [0] => api
    [1] => yggdrasil.php
    [2] => session
    [3] => minecraft
    [4] => profile
    [5] => 473099f1140e4083aad34b55ba00edb0
)

[16-Mar-2025 23:11:06 Europe/Moscow] Handling /publickeys request
[16-Mar-2025 23:11:06 Europe/Moscow] Handling /session/minecraft/profile for uuid: 473099f1-140e-4083-aad3-4b55ba00edb0
[16-Mar-2025 23:11:06 Europe/Moscow] Public keys response prepared: {"profilePropertyKeys":[{"publicKey":"MIIBIjANBgkqhkiG9w0BAQEFAAOCAQ8AMIIBCgKCAQEAw5Fu8JeorNSVXs8a2RNPtWb8vtn65ay7CXgdQ6rA9PReJMYONc\/RCwe272LXlNbrR\/ns7dkKncPySpGXXmZjApLzZktaB3hWObZGAmTOFF4dCAWi9oyRrJ4LivLBd5EODY4LTyKrmUUqS28xUCGfgzh92AsXbxZimahwAscp089etqXCzBvCyNkQe9UfbnzZzTPSsOiBdYlOgLEGkscfXYYkIA\/KdFQsuPp3z4Vj3bwPoeBAVnpHqNiaSdPq840k4iUKEdMxJHMclt8CJXZbr7jqv4RfeoOT+ypkSNckIRkD2QmBf4pPSzI3Qhag2MpS\/FTCMuvCya9Tvp6ckOdEKwIDAQAB","signature":"QdaSf4nTy7JCtnfCFcFB7ISk\/OFEcRFDiKYeDrqviPRWQDiRBtAwXPxihB\/GY9CcwCrp7ppe7gXOc2iRXuwWQRr9E55JwgyG\/20IVXGB+gfooA03e69RHz914XURzulGcY4jWojckDbFAK1AjsmO7q4zyngXnPO6Rguzy2QuRrPFayO3ioN8CDwpV0XHO\/jC4T9H5DnbzuxlC2z2RoJAfRoi72lOcSzFAwrE+A1cBHzfP8sOf7IN9ZUJTvZj0F6XeksueMrl07HVGDBgql3WWF+\/PYWC1M\/67XpnB0DlBdY3KfaAB1pFDPqkp2XShT30+IJjk6A68TjvfsfIj7abaQ=="}]}
[16-Mar-2025 23:11:06 Europe/Moscow] Response prepared: {"id":"473099f1-140e-4083-aad3-4b55ba00edb0","name":"_CyberDemon_","properties":[{"name":"textures","value":"eyJ0aW1lc3RhbXAiOjE3NDIxNTU4NjYsInByb2ZpbGVJZCI6IjQ3MzA5OWYxLTE0MGUtNDA4My1hYWQzLTRiNTViYTAwZWRiMCIsInByb2ZpbGVOYW1lIjoiX0N5YmVyRGVtb25fIiwidGV4dHVyZXMiOnsiU0tJTiI6eyJ1cmwiOiJodHRwczpcL1wvcHJvamVjdC1lY2hvLnJ1XC9za2luc1wvZGVmYXVsdC5wbmcifX19","signature":"hRYql46MJIR+wInJDouqiGmOLkgBnzxsj2u2Nmka+KQvXDWietMcCZxBOWrqypSBgLaxVlrupp\/x+pqcBiSQ6jKx8fVnk58qIZmj+UYQmCQwxeUq\/OJH\/L\/Q4N4Ool+Lnl1bnPRpCZL7RiZenno1FElgkNiAT8glKP0WyZNKLEh0d8PO9B28SmJWmy8p6ksWssx+mt53ueEUwpysfxnkoSIvMAw0PFYG98Nr0dFWrv+ocNtAitZGaqCaxXEq8pS9u+YH3vh3zWx77GuG6nCblXE9QsQNdHu0ElphWYyy28zdEHn9z2KtFLe+XPvek\/2SnKxolxE0MnYuo8opjDHwJQ=="}],"publicKey":{"key":"MIIBIjANBgkqhkiG9w0BAQEFAAOCAQ8AMIIBCgKCAQEAw5Fu8JeorNSVXs8a2RNPtWb8vtn65ay7CXgdQ6rA9PReJMYONc\/RCwe272LXlNbrR\/ns7dkKncPySpGXXmZjApLzZktaB3hWObZGAmTOFF4dCAWi9oyRrJ4LivLBd5EODY4LTyKrmUUqS28xUCGfgzh92AsXbxZimahwAscp089etqXCzBvCyNkQe9UfbnzZzTPSsOiBdYlOgLEGkscfXYYkIA\/KdFQsuPp3z4Vj3bwPoeBAVnpHqNiaSdPq840k4iUKEdMxJHMclt8CJXZbr7jqv4RfeoOT+ypkSNckIRkD2QmBf4pPSzI3Qhag2MpS\/FTCMuvCya9Tvp6ckOdEKwIDAQAB","signature":"QdaSf4nTy7JCtnfCFcFB7ISk\/OFEcRFDiKYeDrqviPRWQDiRBtAwXPxihB\/GY9CcwCrp7ppe7gXOc2iRXuwWQRr9E55JwgyG\/20IVXGB+gfooA03e69RHz914XURzulGcY4jWojckDbFAK1AjsmO7q4zyngXnPO6Rguzy2QuRrPFayO3ioN8CDwpV0XHO\/jC4T9H5DnbzuxlC2z2RoJAfRoi72lOcSzFAwrE+A1cBHzfP8sOf7IN9ZUJTvZj0F6XeksueMrl07HVGDBgql3WWF+\/PYWC1M\/67XpnB0DlBdY3KfaAB1pFDPqkp2XShT30+IJjk6A68TjvfsfIj7abaQ=="}}
[16-Mar-2025 23:11:24 Europe/Moscow] Script loaded at: 2025-03-16 23:11:24
[16-Mar-2025 23:11:24 Europe/Moscow] Request Method: POST
[16-Mar-2025 23:11:24 Europe/Moscow] Request URI: /api/yggdrasil.php/validate
[16-Mar-2025 23:11:24 Europe/Moscow] Parsed URI: Array
(
    [0] => api
    [1] => yggdrasil.php
    [2] => validate
)

[16-Mar-2025 23:11:39 Europe/Moscow] Script loaded at: 2025-03-16 23:11:39
[16-Mar-2025 23:11:39 Europe/Moscow] Request Method: GET
[16-Mar-2025 23:11:39 Europe/Moscow] Request URI: /api/yggdrasil.php/session/minecraft/profile/473099f1140e4083aad34b55ba00edb0?unsigned=false
[16-Mar-2025 23:11:39 Europe/Moscow] Parsed URI: Array
(
    [0] => api
    [1] => yggdrasil.php
    [2] => session
    [3] => minecraft
    [4] => profile
    [5] => 473099f1140e4083aad34b55ba00edb0
)

[16-Mar-2025 23:11:39 Europe/Moscow] Handling /session/minecraft/profile for uuid: 473099f1-140e-4083-aad3-4b55ba00edb0
[16-Mar-2025 23:11:39 Europe/Moscow] Response prepared: {"id":"473099f1-140e-4083-aad3-4b55ba00edb0","name":"_CyberDemon_","properties":[{"name":"textures","value":"eyJ0aW1lc3RhbXAiOjE3NDIxNTU4OTksInByb2ZpbGVJZCI6IjQ3MzA5OWYxLTE0MGUtNDA4My1hYWQzLTRiNTViYTAwZWRiMCIsInByb2ZpbGVOYW1lIjoiX0N5YmVyRGVtb25fIiwidGV4dHVyZXMiOnsiU0tJTiI6eyJ1cmwiOiJodHRwczpcL1wvcHJvamVjdC1lY2hvLnJ1XC9za2luc1wvZGVmYXVsdC5wbmcifX19","signature":"UkPfv8Av9r7Kh9HgBMRioIUMc6CpsXanVIlgMZCvGriqk2fGL2f1bRoyZTixzvWHImm+Px7lvBnCfq86xQ2UZWCcntxLYVLsDHuv4VlFD9trqpJERHQsSJMewKD3KPBWagakeo2Uv0BLipZh7OFGPHkD0A+d2QI6ZLiBjywY8E5XGO4hhQ68lTcuCXzH+hKd1nHVbPSV6YVfczgXL0MxBhx74aiGsFRFtXBUJllT47rWpd94oi92Tf+BnTt9zjj27c86f2djfpe6zH\/fJL3yc0E8JETR4GTAkGurQHXbcg9HERj7PRuL1CA6Iz9FRHfenHRRt0JMeVsqyc5FPCRXtg=="}],"publicKey":{"key":"MIIBIjANBgkqhkiG9w0BAQEFAAOCAQ8AMIIBCgKCAQEAw5Fu8JeorNSVXs8a2RNPtWb8vtn65ay7CXgdQ6rA9PReJMYONc\/RCwe272LXlNbrR\/ns7dkKncPySpGXXmZjApLzZktaB3hWObZGAmTOFF4dCAWi9oyRrJ4LivLBd5EODY4LTyKrmUUqS28xUCGfgzh92AsXbxZimahwAscp089etqXCzBvCyNkQe9UfbnzZzTPSsOiBdYlOgLEGkscfXYYkIA\/KdFQsuPp3z4Vj3bwPoeBAVnpHqNiaSdPq840k4iUKEdMxJHMclt8CJXZbr7jqv4RfeoOT+ypkSNckIRkD2QmBf4pPSzI3Qhag2MpS\/FTCMuvCya9Tvp6ckOdEKwIDAQAB","signature":"QdaSf4nTy7JCtnfCFcFB7ISk\/OFEcRFDiKYeDrqviPRWQDiRBtAwXPxihB\/GY9CcwCrp7ppe7gXOc2iRXuwWQRr9E55JwgyG\/20IVXGB+gfooA03e69RHz914XURzulGcY4jWojckDbFAK1AjsmO7q4zyngXnPO6Rguzy2QuRrPFayO3ioN8CDwpV0XHO\/jC4T9H5DnbzuxlC2z2RoJAfRoi72lOcSzFAwrE+A1cBHzfP8sOf7IN9ZUJTvZj0F6XeksueMrl07HVGDBgql3WWF+\/PYWC1M\/67XpnB0DlBdY3KfaAB1pFDPqkp2XShT30+IJjk6A68TjvfsfIj7abaQ=="}}
[16-Mar-2025 23:11:39 Europe/Moscow] Script loaded at: 2025-03-16 23:11:39
[16-Mar-2025 23:11:39 Europe/Moscow] Request Method: GET
[16-Mar-2025 23:11:39 Europe/Moscow] Request URI: /api/yggdrasil.php/publickeys
[16-Mar-2025 23:11:39 Europe/Moscow] Parsed URI: Array
(
    [0] => api
    [1] => yggdrasil.php
    [2] => publickeys
)

[16-Mar-2025 23:11:39 Europe/Moscow] Handling /publickeys request
[16-Mar-2025 23:11:39 Europe/Moscow] Public keys response prepared: {"profilePropertyKeys":[{"publicKey":"MIIBIjANBgkqhkiG9w0BAQEFAAOCAQ8AMIIBCgKCAQEAw5Fu8JeorNSVXs8a2RNPtWb8vtn65ay7CXgdQ6rA9PReJMYONc\/RCwe272LXlNbrR\/ns7dkKncPySpGXXmZjApLzZktaB3hWObZGAmTOFF4dCAWi9oyRrJ4LivLBd5EODY4LTyKrmUUqS28xUCGfgzh92AsXbxZimahwAscp089etqXCzBvCyNkQe9UfbnzZzTPSsOiBdYlOgLEGkscfXYYkIA\/KdFQsuPp3z4Vj3bwPoeBAVnpHqNiaSdPq840k4iUKEdMxJHMclt8CJXZbr7jqv4RfeoOT+ypkSNckIRkD2QmBf4pPSzI3Qhag2MpS\/FTCMuvCya9Tvp6ckOdEKwIDAQAB","signature":"QdaSf4nTy7JCtnfCFcFB7ISk\/OFEcRFDiKYeDrqviPRWQDiRBtAwXPxihB\/GY9CcwCrp7ppe7gXOc2iRXuwWQRr9E55JwgyG\/20IVXGB+gfooA03e69RHz914XURzulGcY4jWojckDbFAK1AjsmO7q4zyngXnPO6Rguzy2QuRrPFayO3ioN8CDwpV0XHO\/jC4T9H5DnbzuxlC2z2RoJAfRoi72lOcSzFAwrE+A1cBHzfP8sOf7IN9ZUJTvZj0F6XeksueMrl07HVGDBgql3WWF+\/PYWC1M\/67XpnB0DlBdY3KfaAB1pFDPqkp2XShT30+IJjk6A68TjvfsfIj7abaQ=="}]}
[16-Mar-2025 23:17:52 Europe/Moscow] Script loaded at: 2025-03-16 23:17:52
[16-Mar-2025 23:17:52 Europe/Moscow] Request Method: POST
[16-Mar-2025 23:17:52 Europe/Moscow] Request URI: /api/yggdrasil.php/validate
[16-Mar-2025 23:17:52 Europe/Moscow] Parsed URI: Array
(
    [0] => api
    [1] => yggdrasil.php
    [2] => validate
)

[16-Mar-2025 23:18:07 Europe/Moscow] Script loaded at: 2025-03-16 23:18:07
[16-Mar-2025 23:18:07 Europe/Moscow] Request Method: GET
[16-Mar-2025 23:18:07 Europe/Moscow] Request URI: /api/yggdrasil.php/publickeys
[16-Mar-2025 23:18:07 Europe/Moscow] Parsed URI: Array
(
    [0] => api
    [1] => yggdrasil.php
    [2] => publickeys
)

[16-Mar-2025 23:18:07 Europe/Moscow] Handling /publickeys request
[16-Mar-2025 23:18:07 Europe/Moscow] Public keys response prepared: {"profilePropertyKeys":[{"publicKey":"MIIBIjANBgkqhkiG9w0BAQEFAAOCAQ8AMIIBCgKCAQEAw5Fu8JeorNSVXs8a2RNPtWb8vtn65ay7CXgdQ6rA9PReJMYONc\/RCwe272LXlNbrR\/ns7dkKncPySpGXXmZjApLzZktaB3hWObZGAmTOFF4dCAWi9oyRrJ4LivLBd5EODY4LTyKrmUUqS28xUCGfgzh92AsXbxZimahwAscp089etqXCzBvCyNkQe9UfbnzZzTPSsOiBdYlOgLEGkscfXYYkIA\/KdFQsuPp3z4Vj3bwPoeBAVnpHqNiaSdPq840k4iUKEdMxJHMclt8CJXZbr7jqv4RfeoOT+ypkSNckIRkD2QmBf4pPSzI3Qhag2MpS\/FTCMuvCya9Tvp6ckOdEKwIDAQAB","signature":"QdaSf4nTy7JCtnfCFcFB7ISk\/OFEcRFDiKYeDrqviPRWQDiRBtAwXPxihB\/GY9CcwCrp7ppe7gXOc2iRXuwWQRr9E55JwgyG\/20IVXGB+gfooA03e69RHz914XURzulGcY4jWojckDbFAK1AjsmO7q4zyngXnPO6Rguzy2QuRrPFayO3ioN8CDwpV0XHO\/jC4T9H5DnbzuxlC2z2RoJAfRoi72lOcSzFAwrE+A1cBHzfP8sOf7IN9ZUJTvZj0F6XeksueMrl07HVGDBgql3WWF+\/PYWC1M\/67XpnB0DlBdY3KfaAB1pFDPqkp2XShT30+IJjk6A68TjvfsfIj7abaQ=="}]}
[16-Mar-2025 23:18:07 Europe/Moscow] Script loaded at: 2025-03-16 23:18:07
[16-Mar-2025 23:18:07 Europe/Moscow] Request Method: GET
[16-Mar-2025 23:18:07 Europe/Moscow] Request URI: /api/yggdrasil.php/session/minecraft/profile/473099f1140e4083aad34b55ba00edb0?unsigned=false
[16-Mar-2025 23:18:07 Europe/Moscow] Parsed URI: Array
(
    [0] => api
    [1] => yggdrasil.php
    [2] => session
    [3] => minecraft
    [4] => profile
    [5] => 473099f1140e4083aad34b55ba00edb0
)

[16-Mar-2025 23:18:07 Europe/Moscow] Handling /session/minecraft/profile for uuid: 473099f1-140e-4083-aad3-4b55ba00edb0
[16-Mar-2025 23:18:07 Europe/Moscow] Response prepared: {"id":"473099f1-140e-4083-aad3-4b55ba00edb0","name":"_CyberDemon_","properties":[{"name":"textures","value":"eyJ0aW1lc3RhbXAiOjE3NDIxNTYyODcsInByb2ZpbGVJZCI6IjQ3MzA5OWYxLTE0MGUtNDA4My1hYWQzLTRiNTViYTAwZWRiMCIsInByb2ZpbGVOYW1lIjoiX0N5YmVyRGVtb25fIiwidGV4dHVyZXMiOnsiU0tJTiI6eyJ1cmwiOiJodHRwczpcL1wvcHJvamVjdC1lY2hvLnJ1XC9za2luc1wvZGVmYXVsdC5wbmcifX19","signature":"YQgOiWPKKklcofy2PY3ST3nGnfB4R6z7qzYQ+xGE3D\/lbCVzjR1uZfSQpD4Q8GpkzYEqX7TjYTxI8fffk9JaNIRJmUoHlkGk4imEQdM4GDnmj+7VvhP3sHygHcSXwY+rVoehMSlhkxvzJgIgPf3HvkNn38VcgdT30gyBLL+2P1Fv2oaPZmfuVLz0\/kOjoZsCfmkitzCCpSKd9slfXCU94yZ4bXTTVXcLnJu1WHsRp\/CW\/Sz3+y5\/rh1f8AwXXVJ2LQgnuQo0CeB4qqHm++jYoagTdo\/JU2VSq+YiQVQTXPlK98Q+9eyeMgcAE0+yVKj9sFFW3zuqYpaqnPbuqqsFQg=="}],"publicKey":{"key":"MIIBIjANBgkqhkiG9w0BAQEFAAOCAQ8AMIIBCgKCAQEAw5Fu8JeorNSVXs8a2RNPtWb8vtn65ay7CXgdQ6rA9PReJMYONc\/RCwe272LXlNbrR\/ns7dkKncPySpGXXmZjApLzZktaB3hWObZGAmTOFF4dCAWi9oyRrJ4LivLBd5EODY4LTyKrmUUqS28xUCGfgzh92AsXbxZimahwAscp089etqXCzBvCyNkQe9UfbnzZzTPSsOiBdYlOgLEGkscfXYYkIA\/KdFQsuPp3z4Vj3bwPoeBAVnpHqNiaSdPq840k4iUKEdMxJHMclt8CJXZbr7jqv4RfeoOT+ypkSNckIRkD2QmBf4pPSzI3Qhag2MpS\/FTCMuvCya9Tvp6ckOdEKwIDAQAB","signature":"QdaSf4nTy7JCtnfCFcFB7ISk\/OFEcRFDiKYeDrqviPRWQDiRBtAwXPxihB\/GY9CcwCrp7ppe7gXOc2iRXuwWQRr9E55JwgyG\/20IVXGB+gfooA03e69RHz914XURzulGcY4jWojckDbFAK1AjsmO7q4zyngXnPO6Rguzy2QuRrPFayO3ioN8CDwpV0XHO\/jC4T9H5DnbzuxlC2z2RoJAfRoi72lOcSzFAwrE+A1cBHzfP8sOf7IN9ZUJTvZj0F6XeksueMrl07HVGDBgql3WWF+\/PYWC1M\/67XpnB0DlBdY3KfaAB1pFDPqkp2XShT30+IJjk6A68TjvfsfIj7abaQ=="}}
[16-Mar-2025 23:40:47 Europe/Moscow] Script loaded at: 2025-03-16 23:40:47
[16-Mar-2025 23:40:47 Europe/Moscow] Request Method: POST
[16-Mar-2025 23:40:47 Europe/Moscow] Request URI: /api/yggdrasil.php/validate
[16-Mar-2025 23:40:47 Europe/Moscow] Parsed URI: Array
(
    [0] => api
    [1] => yggdrasil.php
    [2] => validate
)

[16-Mar-2025 23:41:03 Europe/Moscow] Script loaded at: 2025-03-16 23:41:03
[16-Mar-2025 23:41:03 Europe/Moscow] Request Method: GET
[16-Mar-2025 23:41:03 Europe/Moscow] Request URI: /api/yggdrasil.php/publickeys
[16-Mar-2025 23:41:03 Europe/Moscow] Parsed URI: Array
(
    [0] => api
    [1] => yggdrasil.php
    [2] => publickeys
)

[16-Mar-2025 23:41:03 Europe/Moscow] Handling /publickeys request
[16-Mar-2025 23:41:03 Europe/Moscow] Public keys response prepared: {"profilePropertyKeys":[{"publicKey":"MIIBIjANBgkqhkiG9w0BAQEFAAOCAQ8AMIIBCgKCAQEAw5Fu8JeorNSVXs8a2RNPtWb8vtn65ay7CXgdQ6rA9PReJMYONc\/RCwe272LXlNbrR\/ns7dkKncPySpGXXmZjApLzZktaB3hWObZGAmTOFF4dCAWi9oyRrJ4LivLBd5EODY4LTyKrmUUqS28xUCGfgzh92AsXbxZimahwAscp089etqXCzBvCyNkQe9UfbnzZzTPSsOiBdYlOgLEGkscfXYYkIA\/KdFQsuPp3z4Vj3bwPoeBAVnpHqNiaSdPq840k4iUKEdMxJHMclt8CJXZbr7jqv4RfeoOT+ypkSNckIRkD2QmBf4pPSzI3Qhag2MpS\/FTCMuvCya9Tvp6ckOdEKwIDAQAB","signature":"QdaSf4nTy7JCtnfCFcFB7ISk\/OFEcRFDiKYeDrqviPRWQDiRBtAwXPxihB\/GY9CcwCrp7ppe7gXOc2iRXuwWQRr9E55JwgyG\/20IVXGB+gfooA03e69RHz914XURzulGcY4jWojckDbFAK1AjsmO7q4zyngXnPO6Rguzy2QuRrPFayO3ioN8CDwpV0XHO\/jC4T9H5DnbzuxlC2z2RoJAfRoi72lOcSzFAwrE+A1cBHzfP8sOf7IN9ZUJTvZj0F6XeksueMrl07HVGDBgql3WWF+\/PYWC1M\/67XpnB0DlBdY3KfaAB1pFDPqkp2XShT30+IJjk6A68TjvfsfIj7abaQ=="}]}
[16-Mar-2025 23:41:03 Europe/Moscow] Script loaded at: 2025-03-16 23:41:03
[16-Mar-2025 23:41:03 Europe/Moscow] Request Method: GET
[16-Mar-2025 23:41:03 Europe/Moscow] Request URI: /api/yggdrasil.php/session/minecraft/profile/473099f1140e4083aad34b55ba00edb0?unsigned=false
[16-Mar-2025 23:41:03 Europe/Moscow] Parsed URI: Array
(
    [0] => api
    [1] => yggdrasil.php
    [2] => session
    [3] => minecraft
    [4] => profile
    [5] => 473099f1140e4083aad34b55ba00edb0
)

[16-Mar-2025 23:41:03 Europe/Moscow] Handling /session/minecraft/profile for uuid: 473099f1-140e-4083-aad3-4b55ba00edb0
[16-Mar-2025 23:41:03 Europe/Moscow] Response prepared: {"id":"473099f1-140e-4083-aad3-4b55ba00edb0","name":"_CyberDemon_","properties":[{"name":"textures","value":"eyJ0aW1lc3RhbXAiOjE3NDIxNTc2NjMsInByb2ZpbGVJZCI6IjQ3MzA5OWYxLTE0MGUtNDA4My1hYWQzLTRiNTViYTAwZWRiMCIsInByb2ZpbGVOYW1lIjoiX0N5YmVyRGVtb25fIiwidGV4dHVyZXMiOnsiU0tJTiI6eyJ1cmwiOiJodHRwczpcL1wvcHJvamVjdC1lY2hvLnJ1XC9za2luc1wvZGVmYXVsdC5wbmcifX19","signature":"Rlwo2P3+evN9I1tlFbcF27ftkewqpZlN4IXWPXk8QgVbHdXYXAyguI9pRa+JFB2OiUwEKMMZQJArY8JJ26TKvf9mJHEVCfYXmsXy+o9iXZnUKJxR1jI2Kk6ZVGspQX4erdiu6RgjjbrIi9R4o4hg7PPQ6H2MGK46tm\/BiHNPY5zcgYyTc8ORyqwd748qK4RKb\/JCMJAQLpFRuQwsa\/rht8mWqAa+1IpMdFe0KXnJrT\/yZhampRkd\/T79KPn6h\/8lfeMTNMomFIB6pzUzoVnIkCr5l45Vl0uFr9qm7oKel+5A7XyvX9W2Y3RfQ0JbLY1P1LIJ1YNHuxwdcRnujBs9Hg=="}],"publicKey":{"key":"MIIBIjANBgkqhkiG9w0BAQEFAAOCAQ8AMIIBCgKCAQEAw5Fu8JeorNSVXs8a2RNPtWb8vtn65ay7CXgdQ6rA9PReJMYONc\/RCwe272LXlNbrR\/ns7dkKncPySpGXXmZjApLzZktaB3hWObZGAmTOFF4dCAWi9oyRrJ4LivLBd5EODY4LTyKrmUUqS28xUCGfgzh92AsXbxZimahwAscp089etqXCzBvCyNkQe9UfbnzZzTPSsOiBdYlOgLEGkscfXYYkIA\/KdFQsuPp3z4Vj3bwPoeBAVnpHqNiaSdPq840k4iUKEdMxJHMclt8CJXZbr7jqv4RfeoOT+ypkSNckIRkD2QmBf4pPSzI3Qhag2MpS\/FTCMuvCya9Tvp6ckOdEKwIDAQAB","signature":"QdaSf4nTy7JCtnfCFcFB7ISk\/OFEcRFDiKYeDrqviPRWQDiRBtAwXPxihB\/GY9CcwCrp7ppe7gXOc2iRXuwWQRr9E55JwgyG\/20IVXGB+gfooA03e69RHz914XURzulGcY4jWojckDbFAK1AjsmO7q4zyngXnPO6Rguzy2QuRrPFayO3ioN8CDwpV0XHO\/jC4T9H5DnbzuxlC2z2RoJAfRoi72lOcSzFAwrE+A1cBHzfP8sOf7IN9ZUJTvZj0F6XeksueMrl07HVGDBgql3WWF+\/PYWC1M\/67XpnB0DlBdY3KfaAB1pFDPqkp2XShT30+IJjk6A68TjvfsfIj7abaQ=="}}
[16-Mar-2025 23:41:21 Europe/Moscow] Script loaded at: 2025-03-16 23:41:21
[16-Mar-2025 23:41:21 Europe/Moscow] Request Method: POST
[16-Mar-2025 23:41:21 Europe/Moscow] Request URI: /api/yggdrasil.php/validate
[16-Mar-2025 23:41:21 Europe/Moscow] Parsed URI: Array
(
    [0] => api
    [1] => yggdrasil.php
    [2] => validate
)

[16-Mar-2025 23:41:49 Europe/Moscow] Script loaded at: 2025-03-16 23:41:49
[16-Mar-2025 23:41:49 Europe/Moscow] Script loaded at: 2025-03-16 23:41:49
[16-Mar-2025 23:41:49 Europe/Moscow] Request Method: GET
[16-Mar-2025 23:41:49 Europe/Moscow] Request Method: GET
[16-Mar-2025 23:41:49 Europe/Moscow] Request URI: /api/yggdrasil.php/publickeys
[16-Mar-2025 23:41:49 Europe/Moscow] Request URI: /api/yggdrasil.php/session/minecraft/profile/473099f1140e4083aad34b55ba00edb0?unsigned=false
[16-Mar-2025 23:41:49 Europe/Moscow] Parsed URI: Array
(
    [0] => api
    [1] => yggdrasil.php
    [2] => publickeys
)

[16-Mar-2025 23:41:49 Europe/Moscow] Parsed URI: Array
(
    [0] => api
    [1] => yggdrasil.php
    [2] => session
    [3] => minecraft
    [4] => profile
    [5] => 473099f1140e4083aad34b55ba00edb0
)

[16-Mar-2025 23:41:49 Europe/Moscow] Handling /publickeys request
[16-Mar-2025 23:41:49 Europe/Moscow] Handling /session/minecraft/profile for uuid: 473099f1-140e-4083-aad3-4b55ba00edb0
[16-Mar-2025 23:41:49 Europe/Moscow] Public keys response prepared: {"profilePropertyKeys":[{"publicKey":"MIIBIjANBgkqhkiG9w0BAQEFAAOCAQ8AMIIBCgKCAQEAw5Fu8JeorNSVXs8a2RNPtWb8vtn65ay7CXgdQ6rA9PReJMYONc\/RCwe272LXlNbrR\/ns7dkKncPySpGXXmZjApLzZktaB3hWObZGAmTOFF4dCAWi9oyRrJ4LivLBd5EODY4LTyKrmUUqS28xUCGfgzh92AsXbxZimahwAscp089etqXCzBvCyNkQe9UfbnzZzTPSsOiBdYlOgLEGkscfXYYkIA\/KdFQsuPp3z4Vj3bwPoeBAVnpHqNiaSdPq840k4iUKEdMxJHMclt8CJXZbr7jqv4RfeoOT+ypkSNckIRkD2QmBf4pPSzI3Qhag2MpS\/FTCMuvCya9Tvp6ckOdEKwIDAQAB","signature":"QdaSf4nTy7JCtnfCFcFB7ISk\/OFEcRFDiKYeDrqviPRWQDiRBtAwXPxihB\/GY9CcwCrp7ppe7gXOc2iRXuwWQRr9E55JwgyG\/20IVXGB+gfooA03e69RHz914XURzulGcY4jWojckDbFAK1AjsmO7q4zyngXnPO6Rguzy2QuRrPFayO3ioN8CDwpV0XHO\/jC4T9H5DnbzuxlC2z2RoJAfRoi72lOcSzFAwrE+A1cBHzfP8sOf7IN9ZUJTvZj0F6XeksueMrl07HVGDBgql3WWF+\/PYWC1M\/67XpnB0DlBdY3KfaAB1pFDPqkp2XShT30+IJjk6A68TjvfsfIj7abaQ=="}]}
[16-Mar-2025 23:41:49 Europe/Moscow] Response prepared: {"id":"473099f1-140e-4083-aad3-4b55ba00edb0","name":"_CyberDemon_","properties":[{"name":"textures","value":"eyJ0aW1lc3RhbXAiOjE3NDIxNTc3MDksInByb2ZpbGVJZCI6IjQ3MzA5OWYxLTE0MGUtNDA4My1hYWQzLTRiNTViYTAwZWRiMCIsInByb2ZpbGVOYW1lIjoiX0N5YmVyRGVtb25fIiwidGV4dHVyZXMiOnsiU0tJTiI6eyJ1cmwiOiJodHRwczpcL1wvcHJvamVjdC1lY2hvLnJ1XC9za2luc1wvZGVmYXVsdC5wbmcifX19","signature":"ZXX9rFnUA8LHhzchMQXxby5SeabBChNw0axHyDhrZev6qKeG8gbExcVAB0GoK6KOPnZjktKkp16Vf4KMT6JO8eaSmKcrrvf4l4WFhr93TH2FgBfpDMdWyNOQE+pcyFYZFZ06262yzelgzBS8fnI8D7QJT2mtfIf25YKd+bgL92duqzM2oHqF++nfT8MVrRTcK\/DtAdtbUlPSKkoc16IeWk9ys9pENBp0L5\/qVSknT5O92ehMLq1A0\/Yt8ZgMnt+vIcmFmJLIq+kuYyhwj3Zw5JddHoahRQEWR5fFGwJTJgpGK1viKFmcp2ecGYzZsr8\/9IUvgUOQG9HHN1JadK4ogA=="}],"publicKey":{"key":"MIIBIjANBgkqhkiG9w0BAQEFAAOCAQ8AMIIBCgKCAQEAw5Fu8JeorNSVXs8a2RNPtWb8vtn65ay7CXgdQ6rA9PReJMYONc\/RCwe272LXlNbrR\/ns7dkKncPySpGXXmZjApLzZktaB3hWObZGAmTOFF4dCAWi9oyRrJ4LivLBd5EODY4LTyKrmUUqS28xUCGfgzh92AsXbxZimahwAscp089etqXCzBvCyNkQe9UfbnzZzTPSsOiBdYlOgLEGkscfXYYkIA\/KdFQsuPp3z4Vj3bwPoeBAVnpHqNiaSdPq840k4iUKEdMxJHMclt8CJXZbr7jqv4RfeoOT+ypkSNckIRkD2QmBf4pPSzI3Qhag2MpS\/FTCMuvCya9Tvp6ckOdEKwIDAQAB","signature":"QdaSf4nTy7JCtnfCFcFB7ISk\/OFEcRFDiKYeDrqviPRWQDiRBtAwXPxihB\/GY9CcwCrp7ppe7gXOc2iRXuwWQRr9E55JwgyG\/20IVXGB+gfooA03e69RHz914XURzulGcY4jWojckDbFAK1AjsmO7q4zyngXnPO6Rguzy2QuRrPFayO3ioN8CDwpV0XHO\/jC4T9H5DnbzuxlC2z2RoJAfRoi72lOcSzFAwrE+A1cBHzfP8sOf7IN9ZUJTvZj0F6XeksueMrl07HVGDBgql3WWF+\/PYWC1M\/67XpnB0DlBdY3KfaAB1pFDPqkp2XShT30+IJjk6A68TjvfsfIj7abaQ=="}}
[16-Mar-2025 23:42:16 Europe/Moscow] Script loaded at: 2025-03-16 23:42:16
[16-Mar-2025 23:42:16 Europe/Moscow] Request Method: POST
[16-Mar-2025 23:42:16 Europe/Moscow] Request URI: /api/yggdrasil.php/session/minecraft/join
[16-Mar-2025 23:42:16 Europe/Moscow] Parsed URI: Array
(
    [0] => api
    [1] => yggdrasil.php
    [2] => session
    [3] => minecraft
    [4] => join
)

[16-Mar-2025 23:42:16 Europe/Moscow] Session updated: accessToken=77e8d991d696aa9714e0e225263d46c4, uuid=473099f1-140e-4083-aad3-4b55ba00edb0, serverId=3d767c6da9cdfb451a93ab7a8bc6ceeaca1f7766
[16-Mar-2025 23:42:16 Europe/Moscow] Script loaded at: 2025-03-16 23:42:16
[16-Mar-2025 23:42:16 Europe/Moscow] Request Method: GET
[16-Mar-2025 23:42:16 Europe/Moscow] Request URI: /api/yggdrasil.php/sessionserver/session/minecraft/hasJoined?serverId=3d767c6da9cdfb451a93ab7a8bc6ceeaca1f7766&username=_CyberDemon_
[16-Mar-2025 23:42:16 Europe/Moscow] Parsed URI: Array
(
    [0] => api
    [1] => yggdrasil.php
    [2] => sessionserver
    [3] => session
    [4] => minecraft
    [5] => hasJoined
)

[16-Mar-2025 23:42:16 Europe/Moscow] Handling /hasJoined for username: _CyberDemon_, serverId: 3d767c6da9cdfb451a93ab7a8bc6ceeaca1f7766
[16-Mar-2025 23:42:16 Europe/Moscow] Response prepared for /hasJoined: {"id":"473099f1-140e-4083-aad3-4b55ba00edb0","name":"_CyberDemon_","properties":[{"name":"textures","value":"eyJ0aW1lc3RhbXAiOjE3NDIxNTc3MzYsInByb2ZpbGVJZCI6IjQ3MzA5OWYxLTE0MGUtNDA4My1hYWQzLTRiNTViYTAwZWRiMCIsInByb2ZpbGVOYW1lIjoiX0N5YmVyRGVtb25fIiwidGV4dHVyZXMiOnsiU0tJTiI6eyJ1cmwiOiJodHRwczpcL1wvcHJvamVjdC1lY2hvLnJ1XC9za2luc1wvZGVmYXVsdC5wbmcifX19","signature":"r7wDW89m78peKs\/c2Yv9B1y0N7pGi6JdEogdA7YKmyrjjODthhpfYwwe4fj\/pMUlbXWZf2CZcgcF4i2FLJ1hZf2qkoJbWsiHzPmur3Px0KMruyy0u2PlNa9G54bNxlZFnOAG84AQzaw8IH2wCW7AvZLa5ZaWhH+ApKRp3lUKq0ZXM3CV45GO1WDM4rbI6fV2lJuWkK4FYi3isOgVUf0068Wib4aM++TAIZ4TOJgsV+yeiHXibKfcLgm\/fsEwsuPAvIaa49ithmTqZvYZ8LZpuEPcsIZ0l4HibnewfbTuK5X8Aku5yedczUcMB7bC9YtaN9OaCkI+hXpycsKUXJLd8g=="}],"publicKey":{"key":"MIIBIjANBgkqhkiG9w0BAQEFAAOCAQ8AMIIBCgKCAQEAw5Fu8JeorNSVXs8a2RNPtWb8vtn65ay7CXgdQ6rA9PReJMYONc\/RCwe272LXlNbrR\/ns7dkKncPySpGXXmZjApLzZktaB3hWObZGAmTOFF4dCAWi9oyRrJ4LivLBd5EODY4LTyKrmUUqS28xUCGfgzh92AsXbxZimahwAscp089etqXCzBvCyNkQe9UfbnzZzTPSsOiBdYlOgLEGkscfXYYkIA\/KdFQsuPp3z4Vj3bwPoeBAVnpHqNiaSdPq840k4iUKEdMxJHMclt8CJXZbr7jqv4RfeoOT+ypkSNckIRkD2QmBf4pPSzI3Qhag2MpS\/FTCMuvCya9Tvp6ckOdEKwIDAQAB","signature":"QdaSf4nTy7JCtnfCFcFB7ISk\/OFEcRFDiKYeDrqviPRWQDiRBtAwXPxihB\/GY9CcwCrp7ppe7gXOc2iRXuwWQRr9E55JwgyG\/20IVXGB+gfooA03e69RHz914XURzulGcY4jWojckDbFAK1AjsmO7q4zyngXnPO6Rguzy2QuRrPFayO3ioN8CDwpV0XHO\/jC4T9H5DnbzuxlC2z2RoJAfRoi72lOcSzFAwrE+A1cBHzfP8sOf7IN9ZUJTvZj0F6XeksueMrl07HVGDBgql3WWF+\/PYWC1M\/67XpnB0DlBdY3KfaAB1pFDPqkp2XShT30+IJjk6A68TjvfsfIj7abaQ=="}}
[16-Mar-2025 23:43:49 Europe/Moscow] Script loaded at: 2025-03-16 23:43:49
[16-Mar-2025 23:43:49 Europe/Moscow] Request Method: POST
[16-Mar-2025 23:43:49 Europe/Moscow] Request URI: /api/yggdrasil.php/authenticate
[16-Mar-2025 23:43:49 Europe/Moscow] Parsed URI: Array
(
    [0] => api
    [1] => yggdrasil.php
    [2] => authenticate
)

[16-Mar-2025 23:43:49 Europe/Moscow] AccessToken saved for authenticate: accessToken=5d1a79abd4668a55597b602d1b0ac9ad, uuid=473099f1-140e-4083-aad3-4b55ba00edb0
[16-Mar-2025 23:43:49 Europe/Moscow] Script loaded at: 2025-03-16 23:43:49
[16-Mar-2025 23:43:49 Europe/Moscow] Request Method: GET
[16-Mar-2025 23:43:49 Europe/Moscow] Request URI: /api/yggdrasil.php/session/minecraft/profile/473099f1-140e-4083-aad3-4b55ba00edb0
[16-Mar-2025 23:43:49 Europe/Moscow] Parsed URI: Array
(
    [0] => api
    [1] => yggdrasil.php
    [2] => session
    [3] => minecraft
    [4] => profile
    [5] => 473099f1-140e-4083-aad3-4b55ba00edb0
)

[16-Mar-2025 23:43:49 Europe/Moscow] Handling /session/minecraft/profile for uuid: 473099f1-140e-4083-aad3-4b55ba00edb0
[16-Mar-2025 23:43:49 Europe/Moscow] Response prepared: {"id":"473099f1-140e-4083-aad3-4b55ba00edb0","name":"_CyberDemon_","properties":[{"name":"textures","value":"eyJ0aW1lc3RhbXAiOjE3NDIxNTc4MjksInByb2ZpbGVJZCI6IjQ3MzA5OWYxLTE0MGUtNDA4My1hYWQzLTRiNTViYTAwZWRiMCIsInByb2ZpbGVOYW1lIjoiX0N5YmVyRGVtb25fIiwidGV4dHVyZXMiOnsiU0tJTiI6eyJ1cmwiOiJodHRwczpcL1wvcHJvamVjdC1lY2hvLnJ1XC9za2luc1wvZGVmYXVsdC5wbmcifX19","signature":"XawrRzbTGTiBHH7BZ5xTt9N8dpHBFzGm\/Pj5fnhrSQ2hh8wh2xylXzHY2WwtK73oLCu2jc8fqV5E1Yj8l+r6xar8z7yzz5ubOkn+NBUYl9fCQub\/sksVouszu3oxNBcJMmoy\/d1Q+U0a6tS7ba0cnxMo+jD96Gh\/DBUVzq3AmHl0QZpeAUglGYSccmrjkNxGxEbpPb6CLFej6d1Apw2n\/W+3Mjjjgv\/Wg3bzs7eKqLRYLJ2p\/ewwjAJe4NvFVPFPNsaKYD85ovFtswlEBsIE5ggpUr422GcTOoTvTFTHVShxn+79FHC\/TGajnecqRWCdj\/Sqs\/+iQoQbhF+gLYGMVQ=="}],"publicKey":{"key":"MIIBIjANBgkqhkiG9w0BAQEFAAOCAQ8AMIIBCgKCAQEAw5Fu8JeorNSVXs8a2RNPtWb8vtn65ay7CXgdQ6rA9PReJMYONc\/RCwe272LXlNbrR\/ns7dkKncPySpGXXmZjApLzZktaB3hWObZGAmTOFF4dCAWi9oyRrJ4LivLBd5EODY4LTyKrmUUqS28xUCGfgzh92AsXbxZimahwAscp089etqXCzBvCyNkQe9UfbnzZzTPSsOiBdYlOgLEGkscfXYYkIA\/KdFQsuPp3z4Vj3bwPoeBAVnpHqNiaSdPq840k4iUKEdMxJHMclt8CJXZbr7jqv4RfeoOT+ypkSNckIRkD2QmBf4pPSzI3Qhag2MpS\/FTCMuvCya9Tvp6ckOdEKwIDAQAB","signature":"QdaSf4nTy7JCtnfCFcFB7ISk\/OFEcRFDiKYeDrqviPRWQDiRBtAwXPxihB\/GY9CcwCrp7ppe7gXOc2iRXuwWQRr9E55JwgyG\/20IVXGB+gfooA03e69RHz914XURzulGcY4jWojckDbFAK1AjsmO7q4zyngXnPO6Rguzy2QuRrPFayO3ioN8CDwpV0XHO\/jC4T9H5DnbzuxlC2z2RoJAfRoi72lOcSzFAwrE+A1cBHzfP8sOf7IN9ZUJTvZj0F6XeksueMrl07HVGDBgql3WWF+\/PYWC1M\/67XpnB0DlBdY3KfaAB1pFDPqkp2XShT30+IJjk6A68TjvfsfIj7abaQ=="}}
[16-Mar-2025 23:44:04 Europe/Moscow] Script loaded at: 2025-03-16 23:44:04
[16-Mar-2025 23:44:04 Europe/Moscow] Request Method: POST
[16-Mar-2025 23:44:04 Europe/Moscow] Request URI: /api/yggdrasil.php/authenticate
[16-Mar-2025 23:44:04 Europe/Moscow] Parsed URI: Array
(
    [0] => api
    [1] => yggdrasil.php
    [2] => authenticate
)

[16-Mar-2025 23:44:13 Europe/Moscow] Script loaded at: 2025-03-16 23:44:13
[16-Mar-2025 23:44:13 Europe/Moscow] Request Method: POST
[16-Mar-2025 23:44:13 Europe/Moscow] Request URI: /api/yggdrasil.php/authenticate
[16-Mar-2025 23:44:13 Europe/Moscow] Parsed URI: Array
(
    [0] => api
    [1] => yggdrasil.php
    [2] => authenticate
)

[16-Mar-2025 23:44:13 Europe/Moscow] AccessToken saved for authenticate: accessToken=fd3cff88f228529d17a50395ad001550, uuid=473099f1-140e-4083-aad3-4b55ba00edb0
[16-Mar-2025 23:44:13 Europe/Moscow] Script loaded at: 2025-03-16 23:44:13
[16-Mar-2025 23:44:13 Europe/Moscow] Request Method: GET
[16-Mar-2025 23:44:13 Europe/Moscow] Request URI: /api/yggdrasil.php/session/minecraft/profile/473099f1-140e-4083-aad3-4b55ba00edb0
[16-Mar-2025 23:44:13 Europe/Moscow] Parsed URI: Array
(
    [0] => api
    [1] => yggdrasil.php
    [2] => session
    [3] => minecraft
    [4] => profile
    [5] => 473099f1-140e-4083-aad3-4b55ba00edb0
)

[16-Mar-2025 23:44:13 Europe/Moscow] Handling /session/minecraft/profile for uuid: 473099f1-140e-4083-aad3-4b55ba00edb0
[16-Mar-2025 23:44:13 Europe/Moscow] Response prepared: {"id":"473099f1-140e-4083-aad3-4b55ba00edb0","name":"_CyberDemon_","properties":[{"name":"textures","value":"eyJ0aW1lc3RhbXAiOjE3NDIxNTc4NTMsInByb2ZpbGVJZCI6IjQ3MzA5OWYxLTE0MGUtNDA4My1hYWQzLTRiNTViYTAwZWRiMCIsInByb2ZpbGVOYW1lIjoiX0N5YmVyRGVtb25fIiwidGV4dHVyZXMiOnsiU0tJTiI6eyJ1cmwiOiJodHRwczpcL1wvcHJvamVjdC1lY2hvLnJ1XC9za2luc1wvZGVmYXVsdC5wbmcifX19","signature":"tcZWGbDy2HnfaIj81DMeyIpU4fNrDacZ81sEh6HRYPDxTp0TVh0G9x5HB0vB6mDWdYFpPpQ2+qB2xDgqe0zETIVQ5uQSOcnHiePyVvrMBLzjd\/8i3x+YSKA7rBLndrdb15AAsjJCuOP7tVrlm3MBmW8PIgXz5A3rf7b4tcVQgB7NpVy89OPHFn7SxbiDXXppS+NtoZf+XSeeso3\/D9nEoQ5PzY6BuNgMcUnq9CdVlPA3kpR9dyFveLtGJEANjgGxVJrBtNyTbRzhJ0q1RaFvfCW3lgKocmKAdNbWrgF2AGk6eKlJEpg6aJsjTK\/5KQoGc21qqHSl4NzeYZm44j7WqQ=="}],"publicKey":{"key":"MIIBIjANBgkqhkiG9w0BAQEFAAOCAQ8AMIIBCgKCAQEAw5Fu8JeorNSVXs8a2RNPtWb8vtn65ay7CXgdQ6rA9PReJMYONc\/RCwe272LXlNbrR\/ns7dkKncPySpGXXmZjApLzZktaB3hWObZGAmTOFF4dCAWi9oyRrJ4LivLBd5EODY4LTyKrmUUqS28xUCGfgzh92AsXbxZimahwAscp089etqXCzBvCyNkQe9UfbnzZzTPSsOiBdYlOgLEGkscfXYYkIA\/KdFQsuPp3z4Vj3bwPoeBAVnpHqNiaSdPq840k4iUKEdMxJHMclt8CJXZbr7jqv4RfeoOT+ypkSNckIRkD2QmBf4pPSzI3Qhag2MpS\/FTCMuvCya9Tvp6ckOdEKwIDAQAB","signature":"QdaSf4nTy7JCtnfCFcFB7ISk\/OFEcRFDiKYeDrqviPRWQDiRBtAwXPxihB\/GY9CcwCrp7ppe7gXOc2iRXuwWQRr9E55JwgyG\/20IVXGB+gfooA03e69RHz914XURzulGcY4jWojckDbFAK1AjsmO7q4zyngXnPO6Rguzy2QuRrPFayO3ioN8CDwpV0XHO\/jC4T9H5DnbzuxlC2z2RoJAfRoi72lOcSzFAwrE+A1cBHzfP8sOf7IN9ZUJTvZj0F6XeksueMrl07HVGDBgql3WWF+\/PYWC1M\/67XpnB0DlBdY3KfaAB1pFDPqkp2XShT30+IJjk6A68TjvfsfIj7abaQ=="}}
[16-Mar-2025 23:44:15 Europe/Moscow] Script loaded at: 2025-03-16 23:44:15
[16-Mar-2025 23:44:15 Europe/Moscow] Request Method: POST
[16-Mar-2025 23:44:15 Europe/Moscow] Request URI: /api/yggdrasil.php/validate
[16-Mar-2025 23:44:15 Europe/Moscow] Parsed URI: Array
(
    [0] => api
    [1] => yggdrasil.php
    [2] => validate
)

[16-Mar-2025 23:44:29 Europe/Moscow] Script loaded at: 2025-03-16 23:44:29
[16-Mar-2025 23:44:29 Europe/Moscow] Request Method: GET
[16-Mar-2025 23:44:29 Europe/Moscow] Request URI: /api/yggdrasil.php/publickeys
[16-Mar-2025 23:44:29 Europe/Moscow] Parsed URI: Array
(
    [0] => api
    [1] => yggdrasil.php
    [2] => publickeys
)

[16-Mar-2025 23:44:29 Europe/Moscow] Handling /publickeys request
[16-Mar-2025 23:44:29 Europe/Moscow] Public keys response prepared: {"profilePropertyKeys":[{"publicKey":"MIIBIjANBgkqhkiG9w0BAQEFAAOCAQ8AMIIBCgKCAQEAw5Fu8JeorNSVXs8a2RNPtWb8vtn65ay7CXgdQ6rA9PReJMYONc\/RCwe272LXlNbrR\/ns7dkKncPySpGXXmZjApLzZktaB3hWObZGAmTOFF4dCAWi9oyRrJ4LivLBd5EODY4LTyKrmUUqS28xUCGfgzh92AsXbxZimahwAscp089etqXCzBvCyNkQe9UfbnzZzTPSsOiBdYlOgLEGkscfXYYkIA\/KdFQsuPp3z4Vj3bwPoeBAVnpHqNiaSdPq840k4iUKEdMxJHMclt8CJXZbr7jqv4RfeoOT+ypkSNckIRkD2QmBf4pPSzI3Qhag2MpS\/FTCMuvCya9Tvp6ckOdEKwIDAQAB","signature":"QdaSf4nTy7JCtnfCFcFB7ISk\/OFEcRFDiKYeDrqviPRWQDiRBtAwXPxihB\/GY9CcwCrp7ppe7gXOc2iRXuwWQRr9E55JwgyG\/20IVXGB+gfooA03e69RHz914XURzulGcY4jWojckDbFAK1AjsmO7q4zyngXnPO6Rguzy2QuRrPFayO3ioN8CDwpV0XHO\/jC4T9H5DnbzuxlC2z2RoJAfRoi72lOcSzFAwrE+A1cBHzfP8sOf7IN9ZUJTvZj0F6XeksueMrl07HVGDBgql3WWF+\/PYWC1M\/67XpnB0DlBdY3KfaAB1pFDPqkp2XShT30+IJjk6A68TjvfsfIj7abaQ=="}]}
[16-Mar-2025 23:44:29 Europe/Moscow] Script loaded at: 2025-03-16 23:44:29
[16-Mar-2025 23:44:29 Europe/Moscow] Request Method: GET
[16-Mar-2025 23:44:29 Europe/Moscow] Request URI: /api/yggdrasil.php/session/minecraft/profile/473099f1140e4083aad34b55ba00edb0?unsigned=false
[16-Mar-2025 23:44:29 Europe/Moscow] Parsed URI: Array
(
    [0] => api
    [1] => yggdrasil.php
    [2] => session
    [3] => minecraft
    [4] => profile
    [5] => 473099f1140e4083aad34b55ba00edb0
)

[16-Mar-2025 23:44:29 Europe/Moscow] Handling /session/minecraft/profile for uuid: 473099f1-140e-4083-aad3-4b55ba00edb0
[16-Mar-2025 23:44:29 Europe/Moscow] Response prepared: {"id":"473099f1-140e-4083-aad3-4b55ba00edb0","name":"_CyberDemon_","properties":[{"name":"textures","value":"eyJ0aW1lc3RhbXAiOjE3NDIxNTc4NjksInByb2ZpbGVJZCI6IjQ3MzA5OWYxLTE0MGUtNDA4My1hYWQzLTRiNTViYTAwZWRiMCIsInByb2ZpbGVOYW1lIjoiX0N5YmVyRGVtb25fIiwidGV4dHVyZXMiOnsiU0tJTiI6eyJ1cmwiOiJodHRwczpcL1wvcHJvamVjdC1lY2hvLnJ1XC9za2luc1wvZGVmYXVsdC5wbmcifX19","signature":"wOovtpXcrWgoIlUvrrbSeQ4pSlTFRz3nQsjfypGqdU0OEXFpF\/kIdZtnYsNszo7F32OVFAb\/5\/SYcLfHn06ahNvrlXxTVyszB8GtAz5B47PS9xihChJEyQQ14zbiWtbejBcfhgFEeMV5RRr6dHuO4T2ytGpX+\/jbYJrI5t+rLwdha5HEC52To3ey8ypIEpEmHsziYmhDj4EC6mymfeYDhfG+T4zKYQc9rxc2H\/VM+eWebqK\/el5b9G\/C7YuuM\/nJr6sYoKE9IRVKq\/hkWpFH0bM3Dq34wwA4Eklw0TLlPGjlvUw2bdJ\/m3dX7qW8VUivSCwGdhkmDmJCesOY8ghkVg=="}],"publicKey":{"key":"MIIBIjANBgkqhkiG9w0BAQEFAAOCAQ8AMIIBCgKCAQEAw5Fu8JeorNSVXs8a2RNPtWb8vtn65ay7CXgdQ6rA9PReJMYONc\/RCwe272LXlNbrR\/ns7dkKncPySpGXXmZjApLzZktaB3hWObZGAmTOFF4dCAWi9oyRrJ4LivLBd5EODY4LTyKrmUUqS28xUCGfgzh92AsXbxZimahwAscp089etqXCzBvCyNkQe9UfbnzZzTPSsOiBdYlOgLEGkscfXYYkIA\/KdFQsuPp3z4Vj3bwPoeBAVnpHqNiaSdPq840k4iUKEdMxJHMclt8CJXZbr7jqv4RfeoOT+ypkSNckIRkD2QmBf4pPSzI3Qhag2MpS\/FTCMuvCya9Tvp6ckOdEKwIDAQAB","signature":"QdaSf4nTy7JCtnfCFcFB7ISk\/OFEcRFDiKYeDrqviPRWQDiRBtAwXPxihB\/GY9CcwCrp7ppe7gXOc2iRXuwWQRr9E55JwgyG\/20IVXGB+gfooA03e69RHz914XURzulGcY4jWojckDbFAK1AjsmO7q4zyngXnPO6Rguzy2QuRrPFayO3ioN8CDwpV0XHO\/jC4T9H5DnbzuxlC2z2RoJAfRoi72lOcSzFAwrE+A1cBHzfP8sOf7IN9ZUJTvZj0F6XeksueMrl07HVGDBgql3WWF+\/PYWC1M\/67XpnB0DlBdY3KfaAB1pFDPqkp2XShT30+IJjk6A68TjvfsfIj7abaQ=="}}
[16-Mar-2025 23:44:53 Europe/Moscow] Script loaded at: 2025-03-16 23:44:53
[16-Mar-2025 23:44:53 Europe/Moscow] Request Method: POST
[16-Mar-2025 23:44:53 Europe/Moscow] Request URI: /api/yggdrasil.php/session/minecraft/join
[16-Mar-2025 23:44:53 Europe/Moscow] Parsed URI: Array
(
    [0] => api
    [1] => yggdrasil.php
    [2] => session
    [3] => minecraft
    [4] => join
)

[16-Mar-2025 23:44:53 Europe/Moscow] Session updated: accessToken=fd3cff88f228529d17a50395ad001550, uuid=473099f1-140e-4083-aad3-4b55ba00edb0, serverId=7f4b2a38a0377831b7434d7c4e13f508e7c5beee
[16-Mar-2025 23:44:53 Europe/Moscow] Script loaded at: 2025-03-16 23:44:53
[16-Mar-2025 23:44:53 Europe/Moscow] Request Method: GET
[16-Mar-2025 23:44:53 Europe/Moscow] Request URI: /api/yggdrasil.php/sessionserver/session/minecraft/hasJoined?serverId=7f4b2a38a0377831b7434d7c4e13f508e7c5beee&username=_CyberDemon_
[16-Mar-2025 23:44:53 Europe/Moscow] Parsed URI: Array
(
    [0] => api
    [1] => yggdrasil.php
    [2] => sessionserver
    [3] => session
    [4] => minecraft
    [5] => hasJoined
)

[16-Mar-2025 23:44:53 Europe/Moscow] Handling /hasJoined for username: _CyberDemon_, serverId: 7f4b2a38a0377831b7434d7c4e13f508e7c5beee
[16-Mar-2025 23:44:53 Europe/Moscow] Response prepared for /hasJoined: {"id":"473099f1-140e-4083-aad3-4b55ba00edb0","name":"_CyberDemon_","properties":[{"name":"textures","value":"eyJ0aW1lc3RhbXAiOjE3NDIxNTc4OTMsInByb2ZpbGVJZCI6IjQ3MzA5OWYxLTE0MGUtNDA4My1hYWQzLTRiNTViYTAwZWRiMCIsInByb2ZpbGVOYW1lIjoiX0N5YmVyRGVtb25fIiwidGV4dHVyZXMiOnsiU0tJTiI6eyJ1cmwiOiJodHRwczpcL1wvcHJvamVjdC1lY2hvLnJ1XC9za2luc1wvZGVmYXVsdC5wbmcifX19","signature":"WILu+ym8a8oJlKP7CWrw4GJ1t61h\/8rhkCDyPaL\/mBcbDWVrLWpJMNoJVv3O+ko6lGulJJvkzAkX0EZCdXWsAsA3qywWT4AvWsf5jePZDYK8f+fZzxwEoQjQ+5IUV5L93oO3be0g6T0IDHgtDbtE9UeTV8hBWD8YJWcAVEeO7YfMQcp4hk6H3kAIdhNnugIO5BHWZRDcRZ4Kp8oLZB9YjThDDX4Tva95F+fJb0ecYYL28jJ11BZ0e6hOC8vnc0MIQXBR5os29NQsperrKlRtKHXo++jRJSrbEthE7hnw2XNmdpOmMI6uxH84RWkFJBBm9e48lJnw44O5\/BP6SvuUqw=="}],"publicKey":{"key":"MIIBIjANBgkqhkiG9w0BAQEFAAOCAQ8AMIIBCgKCAQEAw5Fu8JeorNSVXs8a2RNPtWb8vtn65ay7CXgdQ6rA9PReJMYONc\/RCwe272LXlNbrR\/ns7dkKncPySpGXXmZjApLzZktaB3hWObZGAmTOFF4dCAWi9oyRrJ4LivLBd5EODY4LTyKrmUUqS28xUCGfgzh92AsXbxZimahwAscp089etqXCzBvCyNkQe9UfbnzZzTPSsOiBdYlOgLEGkscfXYYkIA\/KdFQsuPp3z4Vj3bwPoeBAVnpHqNiaSdPq840k4iUKEdMxJHMclt8CJXZbr7jqv4RfeoOT+ypkSNckIRkD2QmBf4pPSzI3Qhag2MpS\/FTCMuvCya9Tvp6ckOdEKwIDAQAB","signature":"QdaSf4nTy7JCtnfCFcFB7ISk\/OFEcRFDiKYeDrqviPRWQDiRBtAwXPxihB\/GY9CcwCrp7ppe7gXOc2iRXuwWQRr9E55JwgyG\/20IVXGB+gfooA03e69RHz914XURzulGcY4jWojckDbFAK1AjsmO7q4zyngXnPO6Rguzy2QuRrPFayO3ioN8CDwpV0XHO\/jC4T9H5DnbzuxlC2z2RoJAfRoi72lOcSzFAwrE+A1cBHzfP8sOf7IN9ZUJTvZj0F6XeksueMrl07HVGDBgql3WWF+\/PYWC1M\/67XpnB0DlBdY3KfaAB1pFDPqkp2XShT30+IJjk6A68TjvfsfIj7abaQ=="}}
[16-Mar-2025 23:46:02 Europe/Moscow] Script loaded at: 2025-03-16 23:46:02
[16-Mar-2025 23:46:02 Europe/Moscow] Request Method: POST
[16-Mar-2025 23:46:02 Europe/Moscow] Request URI: /api/yggdrasil.php/authenticate
[16-Mar-2025 23:46:02 Europe/Moscow] Parsed URI: Array
(
    [0] => api
    [1] => yggdrasil.php
    [2] => authenticate
)

[16-Mar-2025 23:46:02 Europe/Moscow] AccessToken saved for authenticate: accessToken=55ce064e9316b1cfa149aa6d7ddf9458, uuid=473099f1-140e-4083-aad3-4b55ba00edb0
[16-Mar-2025 23:46:02 Europe/Moscow] Script loaded at: 2025-03-16 23:46:02
[16-Mar-2025 23:46:02 Europe/Moscow] Request Method: GET
[16-Mar-2025 23:46:02 Europe/Moscow] Request URI: /api/yggdrasil.php/session/minecraft/profile/473099f1-140e-4083-aad3-4b55ba00edb0
[16-Mar-2025 23:46:02 Europe/Moscow] Parsed URI: Array
(
    [0] => api
    [1] => yggdrasil.php
    [2] => session
    [3] => minecraft
    [4] => profile
    [5] => 473099f1-140e-4083-aad3-4b55ba00edb0
)

[16-Mar-2025 23:46:02 Europe/Moscow] Handling /session/minecraft/profile for uuid: 473099f1-140e-4083-aad3-4b55ba00edb0
[16-Mar-2025 23:46:02 Europe/Moscow] Response prepared: {"id":"473099f1-140e-4083-aad3-4b55ba00edb0","name":"_CyberDemon_","properties":[{"name":"textures","value":"eyJ0aW1lc3RhbXAiOjE3NDIxNTc5NjIsInByb2ZpbGVJZCI6IjQ3MzA5OWYxLTE0MGUtNDA4My1hYWQzLTRiNTViYTAwZWRiMCIsInByb2ZpbGVOYW1lIjoiX0N5YmVyRGVtb25fIiwidGV4dHVyZXMiOnsiU0tJTiI6eyJ1cmwiOiJodHRwczpcL1wvcHJvamVjdC1lY2hvLnJ1XC9za2luc1wvZGVmYXVsdC5wbmcifX19","signature":"sWuJZ8vKQiyPU2tec1aCjAD9APxIej\/gByY3S7lp6e8i1AZoYOjpNxLiARfIL887gijdtRHY8wQKYk+3OYWIhmBqwr3JQ8rp3HrlVAKnmizKneIQQPaVAaweIuuBy7EP8a\/36dcm3c9n5SrhHDT9C\/kNrqwcHB2XYKJGue5daRvvovaiuNWf+yVsL0zffdclivqpJjirKZZ5k6wDJnR1OC4hByhwuxmY8c6RPWkrmNFqPM0Cr41D\/Z3Yk1pOXIhRUzpJ8gqDV60kVhsZqOJE+V6a4xqOhbiKsXjjufOYK15qhxi+CGmLej0fZ9vHLIZoJqlSJN705LJQ6J16yvdx+A=="}],"publicKey":{"key":"MIIBIjANBgkqhkiG9w0BAQEFAAOCAQ8AMIIBCgKCAQEAw5Fu8JeorNSVXs8a2RNPtWb8vtn65ay7CXgdQ6rA9PReJMYONc\/RCwe272LXlNbrR\/ns7dkKncPySpGXXmZjApLzZktaB3hWObZGAmTOFF4dCAWi9oyRrJ4LivLBd5EODY4LTyKrmUUqS28xUCGfgzh92AsXbxZimahwAscp089etqXCzBvCyNkQe9UfbnzZzTPSsOiBdYlOgLEGkscfXYYkIA\/KdFQsuPp3z4Vj3bwPoeBAVnpHqNiaSdPq840k4iUKEdMxJHMclt8CJXZbr7jqv4RfeoOT+ypkSNckIRkD2QmBf4pPSzI3Qhag2MpS\/FTCMuvCya9Tvp6ckOdEKwIDAQAB","signature":"QdaSf4nTy7JCtnfCFcFB7ISk\/OFEcRFDiKYeDrqviPRWQDiRBtAwXPxihB\/GY9CcwCrp7ppe7gXOc2iRXuwWQRr9E55JwgyG\/20IVXGB+gfooA03e69RHz914XURzulGcY4jWojckDbFAK1AjsmO7q4zyngXnPO6Rguzy2QuRrPFayO3ioN8CDwpV0XHO\/jC4T9H5DnbzuxlC2z2RoJAfRoi72lOcSzFAwrE+A1cBHzfP8sOf7IN9ZUJTvZj0F6XeksueMrl07HVGDBgql3WWF+\/PYWC1M\/67XpnB0DlBdY3KfaAB1pFDPqkp2XShT30+IJjk6A68TjvfsfIj7abaQ=="}}
[16-Mar-2025 23:46:14 Europe/Moscow] Script loaded at: 2025-03-16 23:46:14
[16-Mar-2025 23:46:14 Europe/Moscow] Request Method: POST
[16-Mar-2025 23:46:14 Europe/Moscow] Request URI: /api/yggdrasil.php/validate
[16-Mar-2025 23:46:14 Europe/Moscow] Parsed URI: Array
(
    [0] => api
    [1] => yggdrasil.php
    [2] => validate
)

[16-Mar-2025 23:54:54 Europe/Moscow] Script loaded at: 2025-03-16 23:54:54
[16-Mar-2025 23:54:54 Europe/Moscow] Request Method: POST
[16-Mar-2025 23:54:54 Europe/Moscow] Request URI: /api/yggdrasil.php/validate
[16-Mar-2025 23:54:54 Europe/Moscow] Parsed URI: Array
(
    [0] => api
    [1] => yggdrasil.php
    [2] => validate
)

[16-Mar-2025 23:55:10 Europe/Moscow] Script loaded at: 2025-03-16 23:55:10
[16-Mar-2025 23:55:10 Europe/Moscow] Request Method: GET
[16-Mar-2025 23:55:10 Europe/Moscow] Request URI: /api/yggdrasil.php/publickeys
[16-Mar-2025 23:55:10 Europe/Moscow] Parsed URI: Array
(
    [0] => api
    [1] => yggdrasil.php
    [2] => publickeys
)

[16-Mar-2025 23:55:10 Europe/Moscow] Handling /publickeys request
[16-Mar-2025 23:55:10 Europe/Moscow] Public keys response prepared: {"profilePropertyKeys":[{"publicKey":"MIIBIjANBgkqhkiG9w0BAQEFAAOCAQ8AMIIBCgKCAQEAw5Fu8JeorNSVXs8a2RNPtWb8vtn65ay7CXgdQ6rA9PReJMYONc\/RCwe272LXlNbrR\/ns7dkKncPySpGXXmZjApLzZktaB3hWObZGAmTOFF4dCAWi9oyRrJ4LivLBd5EODY4LTyKrmUUqS28xUCGfgzh92AsXbxZimahwAscp089etqXCzBvCyNkQe9UfbnzZzTPSsOiBdYlOgLEGkscfXYYkIA\/KdFQsuPp3z4Vj3bwPoeBAVnpHqNiaSdPq840k4iUKEdMxJHMclt8CJXZbr7jqv4RfeoOT+ypkSNckIRkD2QmBf4pPSzI3Qhag2MpS\/FTCMuvCya9Tvp6ckOdEKwIDAQAB","signature":"QdaSf4nTy7JCtnfCFcFB7ISk\/OFEcRFDiKYeDrqviPRWQDiRBtAwXPxihB\/GY9CcwCrp7ppe7gXOc2iRXuwWQRr9E55JwgyG\/20IVXGB+gfooA03e69RHz914XURzulGcY4jWojckDbFAK1AjsmO7q4zyngXnPO6Rguzy2QuRrPFayO3ioN8CDwpV0XHO\/jC4T9H5DnbzuxlC2z2RoJAfRoi72lOcSzFAwrE+A1cBHzfP8sOf7IN9ZUJTvZj0F6XeksueMrl07HVGDBgql3WWF+\/PYWC1M\/67XpnB0DlBdY3KfaAB1pFDPqkp2XShT30+IJjk6A68TjvfsfIj7abaQ=="}]}
[16-Mar-2025 23:55:10 Europe/Moscow] Script loaded at: 2025-03-16 23:55:10
[16-Mar-2025 23:55:10 Europe/Moscow] Request Method: GET
[16-Mar-2025 23:55:10 Europe/Moscow] Request URI: /api/yggdrasil.php/session/minecraft/profile/473099f1140e4083aad34b55ba00edb0?unsigned=false
[16-Mar-2025 23:55:10 Europe/Moscow] Parsed URI: Array
(
    [0] => api
    [1] => yggdrasil.php
    [2] => session
    [3] => minecraft
    [4] => profile
    [5] => 473099f1140e4083aad34b55ba00edb0
)

[16-Mar-2025 23:55:10 Europe/Moscow] Handling /session/minecraft/profile for uuid: 473099f1-140e-4083-aad3-4b55ba00edb0
[16-Mar-2025 23:55:10 Europe/Moscow] Response prepared: {"id":"473099f1-140e-4083-aad3-4b55ba00edb0","name":"_CyberDemon_","properties":[{"name":"textures","value":"eyJ0aW1lc3RhbXAiOjE3NDIxNTg1MTAsInByb2ZpbGVJZCI6IjQ3MzA5OWYxLTE0MGUtNDA4My1hYWQzLTRiNTViYTAwZWRiMCIsInByb2ZpbGVOYW1lIjoiX0N5YmVyRGVtb25fIiwidGV4dHVyZXMiOnsiU0tJTiI6eyJ1cmwiOiJodHRwczpcL1wvcHJvamVjdC1lY2hvLnJ1XC9za2luc1wvZGVmYXVsdC5wbmcifX19","signature":"HZ4g9yA0aqJy49tB1WxdtHclOnrvt5wzsW39spseBPjlosfryJbW2DzMm79d1XGdgVUKrZRzKxmPS7HuEIGb5N1e0LAWsJ1Mj7v9GnNe\/VFkL2M8zxo865d4lvp9yqpv0F+5NgHtQdi+8asYvx2B2g75gwpOUDMT5b16Fp8Ed4RhOgJgIa7n1bcqBK3lppWy8pyc4u8FX2GW3hojMTMJD7PMhRlOktKUVesJYnbwmpbae0uNUsZpzWDNM+cfbEDBocfxZWlw8BogNqM80LUfD5s8rdntdn3dywtrs3sB3gN6V37Zs9wjPvP06tMpmBRAcr2n6ke6wVRCPa+PQW8Yyw=="}],"publicKey":{"key":"MIIBIjANBgkqhkiG9w0BAQEFAAOCAQ8AMIIBCgKCAQEAw5Fu8JeorNSVXs8a2RNPtWb8vtn65ay7CXgdQ6rA9PReJMYONc\/RCwe272LXlNbrR\/ns7dkKncPySpGXXmZjApLzZktaB3hWObZGAmTOFF4dCAWi9oyRrJ4LivLBd5EODY4LTyKrmUUqS28xUCGfgzh92AsXbxZimahwAscp089etqXCzBvCyNkQe9UfbnzZzTPSsOiBdYlOgLEGkscfXYYkIA\/KdFQsuPp3z4Vj3bwPoeBAVnpHqNiaSdPq840k4iUKEdMxJHMclt8CJXZbr7jqv4RfeoOT+ypkSNckIRkD2QmBf4pPSzI3Qhag2MpS\/FTCMuvCya9Tvp6ckOdEKwIDAQAB","signature":"QdaSf4nTy7JCtnfCFcFB7ISk\/OFEcRFDiKYeDrqviPRWQDiRBtAwXPxihB\/GY9CcwCrp7ppe7gXOc2iRXuwWQRr9E55JwgyG\/20IVXGB+gfooA03e69RHz914XURzulGcY4jWojckDbFAK1AjsmO7q4zyngXnPO6Rguzy2QuRrPFayO3ioN8CDwpV0XHO\/jC4T9H5DnbzuxlC2z2RoJAfRoi72lOcSzFAwrE+A1cBHzfP8sOf7IN9ZUJTvZj0F6XeksueMrl07HVGDBgql3WWF+\/PYWC1M\/67XpnB0DlBdY3KfaAB1pFDPqkp2XShT30+IJjk6A68TjvfsfIj7abaQ=="}}
[16-Mar-2025 23:55:58 Europe/Moscow] Script loaded at: 2025-03-16 23:55:58
[16-Mar-2025 23:55:58 Europe/Moscow] Request Method: POST
[16-Mar-2025 23:55:58 Europe/Moscow] Request URI: /api/yggdrasil.php/session/minecraft/join
[16-Mar-2025 23:55:58 Europe/Moscow] Parsed URI: Array
(
    [0] => api
    [1] => yggdrasil.php
    [2] => session
    [3] => minecraft
    [4] => join
)

[16-Mar-2025 23:55:58 Europe/Moscow] Session updated: accessToken=55ce064e9316b1cfa149aa6d7ddf9458, uuid=473099f1-140e-4083-aad3-4b55ba00edb0, serverId=4c076ab92090009b5d7d96ee129029e37f27a94c
[16-Mar-2025 23:55:58 Europe/Moscow] Script loaded at: 2025-03-16 23:55:58
[16-Mar-2025 23:55:58 Europe/Moscow] Request Method: GET
[16-Mar-2025 23:55:58 Europe/Moscow] Request URI: /api/yggdrasil.php/sessionserver/session/minecraft/hasJoined?serverId=4c076ab92090009b5d7d96ee129029e37f27a94c&username=_CyberDemon_
[16-Mar-2025 23:55:58 Europe/Moscow] Parsed URI: Array
(
    [0] => api
    [1] => yggdrasil.php
    [2] => sessionserver
    [3] => session
    [4] => minecraft
    [5] => hasJoined
)

[16-Mar-2025 23:55:58 Europe/Moscow] Handling /hasJoined for username: _CyberDemon_, serverId: 4c076ab92090009b5d7d96ee129029e37f27a94c
[16-Mar-2025 23:55:58 Europe/Moscow] Response prepared for /hasJoined: {"id":"473099f1-140e-4083-aad3-4b55ba00edb0","name":"_CyberDemon_","properties":[{"name":"textures","value":"eyJ0aW1lc3RhbXAiOjE3NDIxNTg1NTgsInByb2ZpbGVJZCI6IjQ3MzA5OWYxLTE0MGUtNDA4My1hYWQzLTRiNTViYTAwZWRiMCIsInByb2ZpbGVOYW1lIjoiX0N5YmVyRGVtb25fIiwidGV4dHVyZXMiOnsiU0tJTiI6eyJ1cmwiOiJodHRwczpcL1wvcHJvamVjdC1lY2hvLnJ1XC9za2luc1wvZGVmYXVsdC5wbmcifX19","signature":"fTiuT6Vu4LfXRbiGofhGi1hepieUzlobG17o+\/sSwqJ8rx9JZbpj5uEpzwUkTuEKLxlWs4zJavC3H9s+VZMTBsDkvilZWyMXimb8YsVjTUe+1vTL4o4z9qp1Nc3OkPUlhXVD3M+oMTDT10GRxmtU5YgH1oupF7ZP5I\/L+F\/S9g1rp6y9Nb1DaKjq6hwgTYyzoO\/pioan3n8UTnUJR4HI6O6zEIdL37sFYSwlgEi1qUMZRq\/eHPniKe5nrMdfOcpAn1WGxzGVyTM2l8z1S38sh2t\/MSuucq854qFzsIJy89v3QRGLG\/aHLNUJ+bhLSvO4jPWlfjroFR2t7HOZR1GO8g=="}],"publicKey":{"key":"MIIBIjANBgkqhkiG9w0BAQEFAAOCAQ8AMIIBCgKCAQEAw5Fu8JeorNSVXs8a2RNPtWb8vtn65ay7CXgdQ6rA9PReJMYONc\/RCwe272LXlNbrR\/ns7dkKncPySpGXXmZjApLzZktaB3hWObZGAmTOFF4dCAWi9oyRrJ4LivLBd5EODY4LTyKrmUUqS28xUCGfgzh92AsXbxZimahwAscp089etqXCzBvCyNkQe9UfbnzZzTPSsOiBdYlOgLEGkscfXYYkIA\/KdFQsuPp3z4Vj3bwPoeBAVnpHqNiaSdPq840k4iUKEdMxJHMclt8CJXZbr7jqv4RfeoOT+ypkSNckIRkD2QmBf4pPSzI3Qhag2MpS\/FTCMuvCya9Tvp6ckOdEKwIDAQAB","signature":"QdaSf4nTy7JCtnfCFcFB7ISk\/OFEcRFDiKYeDrqviPRWQDiRBtAwXPxihB\/GY9CcwCrp7ppe7gXOc2iRXuwWQRr9E55JwgyG\/20IVXGB+gfooA03e69RHz914XURzulGcY4jWojckDbFAK1AjsmO7q4zyngXnPO6Rguzy2QuRrPFayO3ioN8CDwpV0XHO\/jC4T9H5DnbzuxlC2z2RoJAfRoi72lOcSzFAwrE+A1cBHzfP8sOf7IN9ZUJTvZj0F6XeksueMrl07HVGDBgql3WWF+\/PYWC1M\/67XpnB0DlBdY3KfaAB1pFDPqkp2XShT30+IJjk6A68TjvfsfIj7abaQ=="}}
[16-Mar-2025 23:57:26 Europe/Moscow] Script loaded at: 2025-03-16 23:57:26
[16-Mar-2025 23:57:26 Europe/Moscow] Request Method: POST
[16-Mar-2025 23:57:26 Europe/Moscow] Request URI: /api/yggdrasil.php/validate
[16-Mar-2025 23:57:26 Europe/Moscow] Parsed URI: Array
(
    [0] => api
    [1] => yggdrasil.php
    [2] => validate
)

[17-Mar-2025 00:00:08 Europe/Moscow] Script loaded at: 2025-03-17 00:00:08
[17-Mar-2025 00:00:08 Europe/Moscow] Request Method: POST
[17-Mar-2025 00:00:08 Europe/Moscow] Request URI: /api/yggdrasil.php/validate
[17-Mar-2025 00:00:08 Europe/Moscow] Parsed URI: Array
(
    [0] => api
    [1] => yggdrasil.php
    [2] => validate
)

[17-Mar-2025 00:00:23 Europe/Moscow] Script loaded at: 2025-03-17 00:00:23
[17-Mar-2025 00:00:23 Europe/Moscow] Request Method: GET
[17-Mar-2025 00:00:23 Europe/Moscow] Request URI: /api/yggdrasil.php/session/minecraft/profile/473099f1140e4083aad34b55ba00edb0?unsigned=false
[17-Mar-2025 00:00:23 Europe/Moscow] Parsed URI: Array
(
    [0] => api
    [1] => yggdrasil.php
    [2] => session
    [3] => minecraft
    [4] => profile
    [5] => 473099f1140e4083aad34b55ba00edb0
)

[17-Mar-2025 00:00:23 Europe/Moscow] Handling /session/minecraft/profile for uuid: 473099f1-140e-4083-aad3-4b55ba00edb0
[17-Mar-2025 00:00:23 Europe/Moscow] Response prepared: {"id":"473099f1-140e-4083-aad3-4b55ba00edb0","name":"_CyberDemon_","properties":[{"name":"textures","value":"eyJ0aW1lc3RhbXAiOjE3NDIxNTg4MjMsInByb2ZpbGVJZCI6IjQ3MzA5OWYxLTE0MGUtNDA4My1hYWQzLTRiNTViYTAwZWRiMCIsInByb2ZpbGVOYW1lIjoiX0N5YmVyRGVtb25fIiwidGV4dHVyZXMiOnsiU0tJTiI6eyJ1cmwiOiJodHRwczpcL1wvcHJvamVjdC1lY2hvLnJ1XC9za2luc1wvZGVmYXVsdC5wbmcifX19","signature":"omOuidOom7C9MSMfnEasEO6WBmtm\/eVucrj2yQN2Y9sjg0BzcmcgFXOAYbhSmftAcKg01eBoHOr7HN+\/FgQuObIC0NgbBc\/Pfk2\/5f5iSjl3WG0AvWjKAefit31HPhxRMWJ4sGxHXolC4uTeTBnZZ4xRUokaFfTuiTYjTZ4rcJweyNNtPVS4+3sxCybYqtZ7lkJRpiwVTHImUpF7bMgJxuV0y75nYFdCl9V3Z+whHd0qdQtiKoyBNmfMbvb44DBfaQAJwBuU4XhwU7nYii9oIgLI7xJ4hPXv9aGf4UbYs1EifoVyydu1w1Xkc6xuhiWA9DSx25VhntTDyyP8OBqt2Q=="}],"publicKey":{"key":"MIIBIjANBgkqhkiG9w0BAQEFAAOCAQ8AMIIBCgKCAQEAw5Fu8JeorNSVXs8a2RNPtWb8vtn65ay7CXgdQ6rA9PReJMYONc\/RCwe272LXlNbrR\/ns7dkKncPySpGXXmZjApLzZktaB3hWObZGAmTOFF4dCAWi9oyRrJ4LivLBd5EODY4LTyKrmUUqS28xUCGfgzh92AsXbxZimahwAscp089etqXCzBvCyNkQe9UfbnzZzTPSsOiBdYlOgLEGkscfXYYkIA\/KdFQsuPp3z4Vj3bwPoeBAVnpHqNiaSdPq840k4iUKEdMxJHMclt8CJXZbr7jqv4RfeoOT+ypkSNckIRkD2QmBf4pPSzI3Qhag2MpS\/FTCMuvCya9Tvp6ckOdEKwIDAQAB","signature":"QdaSf4nTy7JCtnfCFcFB7ISk\/OFEcRFDiKYeDrqviPRWQDiRBtAwXPxihB\/GY9CcwCrp7ppe7gXOc2iRXuwWQRr9E55JwgyG\/20IVXGB+gfooA03e69RHz914XURzulGcY4jWojckDbFAK1AjsmO7q4zyngXnPO6Rguzy2QuRrPFayO3ioN8CDwpV0XHO\/jC4T9H5DnbzuxlC2z2RoJAfRoi72lOcSzFAwrE+A1cBHzfP8sOf7IN9ZUJTvZj0F6XeksueMrl07HVGDBgql3WWF+\/PYWC1M\/67XpnB0DlBdY3KfaAB1pFDPqkp2XShT30+IJjk6A68TjvfsfIj7abaQ=="}}
[17-Mar-2025 00:00:23 Europe/Moscow] Script loaded at: 2025-03-17 00:00:23
[17-Mar-2025 00:00:23 Europe/Moscow] Request Method: GET
[17-Mar-2025 00:00:23 Europe/Moscow] Request URI: /api/yggdrasil.php/publickeys
[17-Mar-2025 00:00:23 Europe/Moscow] Parsed URI: Array
(
    [0] => api
    [1] => yggdrasil.php
    [2] => publickeys
)

[17-Mar-2025 00:00:23 Europe/Moscow] Handling /publickeys request
[17-Mar-2025 00:00:23 Europe/Moscow] Public keys response prepared: {"profilePropertyKeys":[{"publicKey":"MIIBIjANBgkqhkiG9w0BAQEFAAOCAQ8AMIIBCgKCAQEAw5Fu8JeorNSVXs8a2RNPtWb8vtn65ay7CXgdQ6rA9PReJMYONc\/RCwe272LXlNbrR\/ns7dkKncPySpGXXmZjApLzZktaB3hWObZGAmTOFF4dCAWi9oyRrJ4LivLBd5EODY4LTyKrmUUqS28xUCGfgzh92AsXbxZimahwAscp089etqXCzBvCyNkQe9UfbnzZzTPSsOiBdYlOgLEGkscfXYYkIA\/KdFQsuPp3z4Vj3bwPoeBAVnpHqNiaSdPq840k4iUKEdMxJHMclt8CJXZbr7jqv4RfeoOT+ypkSNckIRkD2QmBf4pPSzI3Qhag2MpS\/FTCMuvCya9Tvp6ckOdEKwIDAQAB","signature":"QdaSf4nTy7JCtnfCFcFB7ISk\/OFEcRFDiKYeDrqviPRWQDiRBtAwXPxihB\/GY9CcwCrp7ppe7gXOc2iRXuwWQRr9E55JwgyG\/20IVXGB+gfooA03e69RHz914XURzulGcY4jWojckDbFAK1AjsmO7q4zyngXnPO6Rguzy2QuRrPFayO3ioN8CDwpV0XHO\/jC4T9H5DnbzuxlC2z2RoJAfRoi72lOcSzFAwrE+A1cBHzfP8sOf7IN9ZUJTvZj0F6XeksueMrl07HVGDBgql3WWF+\/PYWC1M\/67XpnB0DlBdY3KfaAB1pFDPqkp2XShT30+IJjk6A68TjvfsfIj7abaQ=="}]}
[17-Mar-2025 00:01:40 Europe/Moscow] Script loaded at: 2025-03-17 00:01:40
[17-Mar-2025 00:01:40 Europe/Moscow] Request Method: POST
[17-Mar-2025 00:01:40 Europe/Moscow] Request URI: /api/yggdrasil.php/validate
[17-Mar-2025 00:01:40 Europe/Moscow] Parsed URI: Array
(
    [0] => api
    [1] => yggdrasil.php
    [2] => validate
)

[17-Mar-2025 00:01:54 Europe/Moscow] Script loaded at: 2025-03-17 00:01:54
[17-Mar-2025 00:01:54 Europe/Moscow] Request Method: GET
[17-Mar-2025 00:01:54 Europe/Moscow] Request URI: /api/yggdrasil.php/publickeys
[17-Mar-2025 00:01:54 Europe/Moscow] Parsed URI: Array
(
    [0] => api
    [1] => yggdrasil.php
    [2] => publickeys
)

[17-Mar-2025 00:01:54 Europe/Moscow] Handling /publickeys request
[17-Mar-2025 00:01:54 Europe/Moscow] Public keys response prepared: {"profilePropertyKeys":[{"publicKey":"MIIBIjANBgkqhkiG9w0BAQEFAAOCAQ8AMIIBCgKCAQEAw5Fu8JeorNSVXs8a2RNPtWb8vtn65ay7CXgdQ6rA9PReJMYONc\/RCwe272LXlNbrR\/ns7dkKncPySpGXXmZjApLzZktaB3hWObZGAmTOFF4dCAWi9oyRrJ4LivLBd5EODY4LTyKrmUUqS28xUCGfgzh92AsXbxZimahwAscp089etqXCzBvCyNkQe9UfbnzZzTPSsOiBdYlOgLEGkscfXYYkIA\/KdFQsuPp3z4Vj3bwPoeBAVnpHqNiaSdPq840k4iUKEdMxJHMclt8CJXZbr7jqv4RfeoOT+ypkSNckIRkD2QmBf4pPSzI3Qhag2MpS\/FTCMuvCya9Tvp6ckOdEKwIDAQAB","signature":"QdaSf4nTy7JCtnfCFcFB7ISk\/OFEcRFDiKYeDrqviPRWQDiRBtAwXPxihB\/GY9CcwCrp7ppe7gXOc2iRXuwWQRr9E55JwgyG\/20IVXGB+gfooA03e69RHz914XURzulGcY4jWojckDbFAK1AjsmO7q4zyngXnPO6Rguzy2QuRrPFayO3ioN8CDwpV0XHO\/jC4T9H5DnbzuxlC2z2RoJAfRoi72lOcSzFAwrE+A1cBHzfP8sOf7IN9ZUJTvZj0F6XeksueMrl07HVGDBgql3WWF+\/PYWC1M\/67XpnB0DlBdY3KfaAB1pFDPqkp2XShT30+IJjk6A68TjvfsfIj7abaQ=="}]}
[17-Mar-2025 00:01:54 Europe/Moscow] Script loaded at: 2025-03-17 00:01:54
[17-Mar-2025 00:01:54 Europe/Moscow] Request Method: GET
[17-Mar-2025 00:01:54 Europe/Moscow] Request URI: /api/yggdrasil.php/session/minecraft/profile/473099f1140e4083aad34b55ba00edb0?unsigned=false
[17-Mar-2025 00:01:54 Europe/Moscow] Parsed URI: Array
(
    [0] => api
    [1] => yggdrasil.php
    [2] => session
    [3] => minecraft
    [4] => profile
    [5] => 473099f1140e4083aad34b55ba00edb0
)

[17-Mar-2025 00:01:54 Europe/Moscow] Handling /session/minecraft/profile for uuid: 473099f1-140e-4083-aad3-4b55ba00edb0
[17-Mar-2025 00:01:54 Europe/Moscow] Response prepared: {"id":"473099f1-140e-4083-aad3-4b55ba00edb0","name":"_CyberDemon_","properties":[{"name":"textures","value":"eyJ0aW1lc3RhbXAiOjE3NDIxNTg5MTQsInByb2ZpbGVJZCI6IjQ3MzA5OWYxLTE0MGUtNDA4My1hYWQzLTRiNTViYTAwZWRiMCIsInByb2ZpbGVOYW1lIjoiX0N5YmVyRGVtb25fIiwidGV4dHVyZXMiOnsiU0tJTiI6eyJ1cmwiOiJodHRwczpcL1wvcHJvamVjdC1lY2hvLnJ1XC9za2luc1wvZGVmYXVsdC5wbmcifX19","signature":"Ijcw8LIdWrpZ2VISdWHdp852gKG9L1brzqitIrSjHqqEU7jQo1jvVHiQsmylabbeARKHs7tCaPPTnxGVzwTX1sFy1RwFZpc5HpFEzd0tIAv2\/vZgUXO13sEr6djlI\/VjuyyFpiEYIZ4GXUv\/IIFpxMAd8pXZo\/QVYN0B9ciW2nDKF8hZiLNWUpmWNYW0D7dlkCItXarbaWkfvzj06KClD0m9vniybpRBHxagH6iJAdx\/3R73x0vtbma7lzYDzxzZnLLdoA0oSg5guP\/LBBKg\/+S+LZydhk03TXwmIRQ01KpUig6DpcBGaHbmH9uv\/2Lw2NIZqZ0esJxQS9qRvFzwYA=="}],"publicKey":{"key":"MIIBIjANBgkqhkiG9w0BAQEFAAOCAQ8AMIIBCgKCAQEAw5Fu8JeorNSVXs8a2RNPtWb8vtn65ay7CXgdQ6rA9PReJMYONc\/RCwe272LXlNbrR\/ns7dkKncPySpGXXmZjApLzZktaB3hWObZGAmTOFF4dCAWi9oyRrJ4LivLBd5EODY4LTyKrmUUqS28xUCGfgzh92AsXbxZimahwAscp089etqXCzBvCyNkQe9UfbnzZzTPSsOiBdYlOgLEGkscfXYYkIA\/KdFQsuPp3z4Vj3bwPoeBAVnpHqNiaSdPq840k4iUKEdMxJHMclt8CJXZbr7jqv4RfeoOT+ypkSNckIRkD2QmBf4pPSzI3Qhag2MpS\/FTCMuvCya9Tvp6ckOdEKwIDAQAB","signature":"QdaSf4nTy7JCtnfCFcFB7ISk\/OFEcRFDiKYeDrqviPRWQDiRBtAwXPxihB\/GY9CcwCrp7ppe7gXOc2iRXuwWQRr9E55JwgyG\/20IVXGB+gfooA03e69RHz914XURzulGcY4jWojckDbFAK1AjsmO7q4zyngXnPO6Rguzy2QuRrPFayO3ioN8CDwpV0XHO\/jC4T9H5DnbzuxlC2z2RoJAfRoi72lOcSzFAwrE+A1cBHzfP8sOf7IN9ZUJTvZj0F6XeksueMrl07HVGDBgql3WWF+\/PYWC1M\/67XpnB0DlBdY3KfaAB1pFDPqkp2XShT30+IJjk6A68TjvfsfIj7abaQ=="}}
[17-Mar-2025 00:02:22 Europe/Moscow] Script loaded at: 2025-03-17 00:02:22
[17-Mar-2025 00:02:22 Europe/Moscow] Request Method: POST
[17-Mar-2025 00:02:22 Europe/Moscow] Request URI: /api/yggdrasil.php/validate
[17-Mar-2025 00:02:22 Europe/Moscow] Parsed URI: Array
(
    [0] => api
    [1] => yggdrasil.php
    [2] => validate
)

[17-Mar-2025 00:02:59 Europe/Moscow] Script loaded at: 2025-03-17 00:02:59
[17-Mar-2025 00:02:59 Europe/Moscow] Request Method: GET
[17-Mar-2025 00:02:59 Europe/Moscow] Request URI: /api/yggdrasil.php/publickeys
[17-Mar-2025 00:02:59 Europe/Moscow] Parsed URI: Array
(
    [0] => api
    [1] => yggdrasil.php
    [2] => publickeys
)

[17-Mar-2025 00:02:59 Europe/Moscow] Handling /publickeys request
[17-Mar-2025 00:02:59 Europe/Moscow] Public keys response prepared: {"profilePropertyKeys":[{"publicKey":"MIIBIjANBgkqhkiG9w0BAQEFAAOCAQ8AMIIBCgKCAQEAw5Fu8JeorNSVXs8a2RNPtWb8vtn65ay7CXgdQ6rA9PReJMYONc\/RCwe272LXlNbrR\/ns7dkKncPySpGXXmZjApLzZktaB3hWObZGAmTOFF4dCAWi9oyRrJ4LivLBd5EODY4LTyKrmUUqS28xUCGfgzh92AsXbxZimahwAscp089etqXCzBvCyNkQe9UfbnzZzTPSsOiBdYlOgLEGkscfXYYkIA\/KdFQsuPp3z4Vj3bwPoeBAVnpHqNiaSdPq840k4iUKEdMxJHMclt8CJXZbr7jqv4RfeoOT+ypkSNckIRkD2QmBf4pPSzI3Qhag2MpS\/FTCMuvCya9Tvp6ckOdEKwIDAQAB","signature":"QdaSf4nTy7JCtnfCFcFB7ISk\/OFEcRFDiKYeDrqviPRWQDiRBtAwXPxihB\/GY9CcwCrp7ppe7gXOc2iRXuwWQRr9E55JwgyG\/20IVXGB+gfooA03e69RHz914XURzulGcY4jWojckDbFAK1AjsmO7q4zyngXnPO6Rguzy2QuRrPFayO3ioN8CDwpV0XHO\/jC4T9H5DnbzuxlC2z2RoJAfRoi72lOcSzFAwrE+A1cBHzfP8sOf7IN9ZUJTvZj0F6XeksueMrl07HVGDBgql3WWF+\/PYWC1M\/67XpnB0DlBdY3KfaAB1pFDPqkp2XShT30+IJjk6A68TjvfsfIj7abaQ=="}]}
[17-Mar-2025 00:02:59 Europe/Moscow] Script loaded at: 2025-03-17 00:02:59
[17-Mar-2025 00:02:59 Europe/Moscow] Request Method: GET
[17-Mar-2025 00:02:59 Europe/Moscow] Request URI: /api/yggdrasil.php/session/minecraft/profile/473099f1140e4083aad34b55ba00edb0?unsigned=false
[17-Mar-2025 00:02:59 Europe/Moscow] Parsed URI: Array
(
    [0] => api
    [1] => yggdrasil.php
    [2] => session
    [3] => minecraft
    [4] => profile
    [5] => 473099f1140e4083aad34b55ba00edb0
)

[17-Mar-2025 00:02:59 Europe/Moscow] Handling /session/minecraft/profile for uuid: 473099f1-140e-4083-aad3-4b55ba00edb0
[17-Mar-2025 00:02:59 Europe/Moscow] Response prepared: {"id":"473099f1-140e-4083-aad3-4b55ba00edb0","name":"_CyberDemon_","properties":[{"name":"textures","value":"eyJ0aW1lc3RhbXAiOjE3NDIxNTg5NzksInByb2ZpbGVJZCI6IjQ3MzA5OWYxLTE0MGUtNDA4My1hYWQzLTRiNTViYTAwZWRiMCIsInByb2ZpbGVOYW1lIjoiX0N5YmVyRGVtb25fIiwidGV4dHVyZXMiOnsiU0tJTiI6eyJ1cmwiOiJodHRwczpcL1wvcHJvamVjdC1lY2hvLnJ1XC9za2luc1wvZGVmYXVsdC5wbmcifX19","signature":"wDBL4fpqOkc+LjHfeUzBpB9MiXwTFNIG72DeGgnQ+pFFD\/ZF\/bd7O92zf20MJFX20ZHWjgoe0Ol9gjnoFEw2J0stB4gIByr0Bxb1PWj2TYcvoBrm0gtSBfyNtv78rCpX3dVULjj2PB\/LSaEoAJOh74KTYZWu9wzZp1uZ5q5iY1VQLbadY4wn0LwQmhtqNScwOfFjVO6c+XwzdXcneI0roQf\/fqxsINvWkR3AIKD3vfNlluxYkxK8ENT4UtPNgFAmLfnsMZNSgFVmerQw3KSopRiENI4DArnhmlUaY+Sie1ZrlAr7erRG72xZs2k5YU5yR2Jw+8AHuiKHxpfQAv75EA=="}],"publicKey":{"key":"MIIBIjANBgkqhkiG9w0BAQEFAAOCAQ8AMIIBCgKCAQEAw5Fu8JeorNSVXs8a2RNPtWb8vtn65ay7CXgdQ6rA9PReJMYONc\/RCwe272LXlNbrR\/ns7dkKncPySpGXXmZjApLzZktaB3hWObZGAmTOFF4dCAWi9oyRrJ4LivLBd5EODY4LTyKrmUUqS28xUCGfgzh92AsXbxZimahwAscp089etqXCzBvCyNkQe9UfbnzZzTPSsOiBdYlOgLEGkscfXYYkIA\/KdFQsuPp3z4Vj3bwPoeBAVnpHqNiaSdPq840k4iUKEdMxJHMclt8CJXZbr7jqv4RfeoOT+ypkSNckIRkD2QmBf4pPSzI3Qhag2MpS\/FTCMuvCya9Tvp6ckOdEKwIDAQAB","signature":"QdaSf4nTy7JCtnfCFcFB7ISk\/OFEcRFDiKYeDrqviPRWQDiRBtAwXPxihB\/GY9CcwCrp7ppe7gXOc2iRXuwWQRr9E55JwgyG\/20IVXGB+gfooA03e69RHz914XURzulGcY4jWojckDbFAK1AjsmO7q4zyngXnPO6Rguzy2QuRrPFayO3ioN8CDwpV0XHO\/jC4T9H5DnbzuxlC2z2RoJAfRoi72lOcSzFAwrE+A1cBHzfP8sOf7IN9ZUJTvZj0F6XeksueMrl07HVGDBgql3WWF+\/PYWC1M\/67XpnB0DlBdY3KfaAB1pFDPqkp2XShT30+IJjk6A68TjvfsfIj7abaQ=="}}
[17-Mar-2025 00:07:51 Europe/Moscow] Script loaded at: 2025-03-17 00:07:51
[17-Mar-2025 00:07:51 Europe/Moscow] Request Method: POST
[17-Mar-2025 00:07:51 Europe/Moscow] Request URI: /api/yggdrasil.php/validate
[17-Mar-2025 00:07:51 Europe/Moscow] Parsed URI: Array
(
    [0] => api
    [1] => yggdrasil.php
    [2] => validate
)

[17-Mar-2025 00:08:07 Europe/Moscow] Script loaded at: 2025-03-17 00:08:07
[17-Mar-2025 00:08:07 Europe/Moscow] Request Method: GET
[17-Mar-2025 00:08:07 Europe/Moscow] Request URI: /api/yggdrasil.php/session/minecraft/profile/473099f1140e4083aad34b55ba00edb0?unsigned=false
[17-Mar-2025 00:08:07 Europe/Moscow] Parsed URI: Array
(
    [0] => api
    [1] => yggdrasil.php
    [2] => session
    [3] => minecraft
    [4] => profile
    [5] => 473099f1140e4083aad34b55ba00edb0
)

[17-Mar-2025 00:08:07 Europe/Moscow] Handling /session/minecraft/profile for uuid: 473099f1-140e-4083-aad3-4b55ba00edb0
[17-Mar-2025 00:08:07 Europe/Moscow] Response prepared: {"id":"473099f1-140e-4083-aad3-4b55ba00edb0","name":"_CyberDemon_","properties":[{"name":"textures","value":"eyJ0aW1lc3RhbXAiOjE3NDIxNTkyODcsInByb2ZpbGVJZCI6IjQ3MzA5OWYxLTE0MGUtNDA4My1hYWQzLTRiNTViYTAwZWRiMCIsInByb2ZpbGVOYW1lIjoiX0N5YmVyRGVtb25fIiwidGV4dHVyZXMiOnsiU0tJTiI6eyJ1cmwiOiJodHRwczpcL1wvcHJvamVjdC1lY2hvLnJ1XC9za2luc1wvZGVmYXVsdC5wbmcifX19","signature":"sTMvF2uu73hLZNnAlIjjpd55Ko9aezVQZSr7T6dIoLpQDvh9q\/lYXF44dJofWMhYeQJn7YhI2XGISdhkmrSSZVA3VUVxPREAGiDXGSsYh9pyE5XZ0KmTGIU3HkExrl+Rm8MMfTx72LWCSTQPf9qK1ttEsHWwzb4caRsq\/0xAeoipfhLqE8dmj2r7FASsZejkf8asiYBIEUk6mMTQ3EaITRgHFi88iOtYxTUduWXE3Svw3C2vGiKWUphWY6n1batXx\/sJ\/p0\/ysE9UPxDJdgubWI5EYJPBOmISCiID3YVOOMo\/\/+ac+8VKnn1SqF0CPKZXbS3\/G2JCnq9mdKoldhDMQ=="}],"publicKey":{"key":"MIIBIjANBgkqhkiG9w0BAQEFAAOCAQ8AMIIBCgKCAQEAw5Fu8JeorNSVXs8a2RNPtWb8vtn65ay7CXgdQ6rA9PReJMYONc\/RCwe272LXlNbrR\/ns7dkKncPySpGXXmZjApLzZktaB3hWObZGAmTOFF4dCAWi9oyRrJ4LivLBd5EODY4LTyKrmUUqS28xUCGfgzh92AsXbxZimahwAscp089etqXCzBvCyNkQe9UfbnzZzTPSsOiBdYlOgLEGkscfXYYkIA\/KdFQsuPp3z4Vj3bwPoeBAVnpHqNiaSdPq840k4iUKEdMxJHMclt8CJXZbr7jqv4RfeoOT+ypkSNckIRkD2QmBf4pPSzI3Qhag2MpS\/FTCMuvCya9Tvp6ckOdEKwIDAQAB","signature":"QdaSf4nTy7JCtnfCFcFB7ISk\/OFEcRFDiKYeDrqviPRWQDiRBtAwXPxihB\/GY9CcwCrp7ppe7gXOc2iRXuwWQRr9E55JwgyG\/20IVXGB+gfooA03e69RHz914XURzulGcY4jWojckDbFAK1AjsmO7q4zyngXnPO6Rguzy2QuRrPFayO3ioN8CDwpV0XHO\/jC4T9H5DnbzuxlC2z2RoJAfRoi72lOcSzFAwrE+A1cBHzfP8sOf7IN9ZUJTvZj0F6XeksueMrl07HVGDBgql3WWF+\/PYWC1M\/67XpnB0DlBdY3KfaAB1pFDPqkp2XShT30+IJjk6A68TjvfsfIj7abaQ=="}}
[17-Mar-2025 00:08:07 Europe/Moscow] Script loaded at: 2025-03-17 00:08:07
[17-Mar-2025 00:08:07 Europe/Moscow] Request Method: GET
[17-Mar-2025 00:08:07 Europe/Moscow] Request URI: /api/yggdrasil.php/publickeys
[17-Mar-2025 00:08:07 Europe/Moscow] Parsed URI: Array
(
    [0] => api
    [1] => yggdrasil.php
    [2] => publickeys
)

[17-Mar-2025 00:08:07 Europe/Moscow] Handling /publickeys request
[17-Mar-2025 00:08:07 Europe/Moscow] Public keys response prepared: {"profilePropertyKeys":[{"publicKey":"MIIBIjANBgkqhkiG9w0BAQEFAAOCAQ8AMIIBCgKCAQEAw5Fu8JeorNSVXs8a2RNPtWb8vtn65ay7CXgdQ6rA9PReJMYONc\/RCwe272LXlNbrR\/ns7dkKncPySpGXXmZjApLzZktaB3hWObZGAmTOFF4dCAWi9oyRrJ4LivLBd5EODY4LTyKrmUUqS28xUCGfgzh92AsXbxZimahwAscp089etqXCzBvCyNkQe9UfbnzZzTPSsOiBdYlOgLEGkscfXYYkIA\/KdFQsuPp3z4Vj3bwPoeBAVnpHqNiaSdPq840k4iUKEdMxJHMclt8CJXZbr7jqv4RfeoOT+ypkSNckIRkD2QmBf4pPSzI3Qhag2MpS\/FTCMuvCya9Tvp6ckOdEKwIDAQAB","signature":"QdaSf4nTy7JCtnfCFcFB7ISk\/OFEcRFDiKYeDrqviPRWQDiRBtAwXPxihB\/GY9CcwCrp7ppe7gXOc2iRXuwWQRr9E55JwgyG\/20IVXGB+gfooA03e69RHz914XURzulGcY4jWojckDbFAK1AjsmO7q4zyngXnPO6Rguzy2QuRrPFayO3ioN8CDwpV0XHO\/jC4T9H5DnbzuxlC2z2RoJAfRoi72lOcSzFAwrE+A1cBHzfP8sOf7IN9ZUJTvZj0F6XeksueMrl07HVGDBgql3WWF+\/PYWC1M\/67XpnB0DlBdY3KfaAB1pFDPqkp2XShT30+IJjk6A68TjvfsfIj7abaQ=="}]}
[17-Mar-2025 00:08:28 Europe/Moscow] Script loaded at: 2025-03-17 00:08:28
[17-Mar-2025 00:08:28 Europe/Moscow] Request Method: POST
[17-Mar-2025 00:08:28 Europe/Moscow] Request URI: /api/yggdrasil.php/validate
[17-Mar-2025 00:08:28 Europe/Moscow] Parsed URI: Array
(
    [0] => api
    [1] => yggdrasil.php
    [2] => validate
)

[17-Mar-2025 00:08:42 Europe/Moscow] Script loaded at: 2025-03-17 00:08:42
[17-Mar-2025 00:08:42 Europe/Moscow] Request Method: GET
[17-Mar-2025 00:08:42 Europe/Moscow] Request URI: /api/yggdrasil.php/session/minecraft/profile/473099f1140e4083aad34b55ba00edb0?unsigned=false
[17-Mar-2025 00:08:42 Europe/Moscow] Parsed URI: Array
(
    [0] => api
    [1] => yggdrasil.php
    [2] => session
    [3] => minecraft
    [4] => profile
    [5] => 473099f1140e4083aad34b55ba00edb0
)

[17-Mar-2025 00:08:42 Europe/Moscow] Handling /session/minecraft/profile for uuid: 473099f1-140e-4083-aad3-4b55ba00edb0
[17-Mar-2025 00:08:42 Europe/Moscow] Response prepared: {"id":"473099f1-140e-4083-aad3-4b55ba00edb0","name":"_CyberDemon_","properties":[{"name":"textures","value":"eyJ0aW1lc3RhbXAiOjE3NDIxNTkzMjIsInByb2ZpbGVJZCI6IjQ3MzA5OWYxLTE0MGUtNDA4My1hYWQzLTRiNTViYTAwZWRiMCIsInByb2ZpbGVOYW1lIjoiX0N5YmVyRGVtb25fIiwidGV4dHVyZXMiOnsiU0tJTiI6eyJ1cmwiOiJodHRwczpcL1wvcHJvamVjdC1lY2hvLnJ1XC9za2luc1wvZGVmYXVsdC5wbmcifX19","signature":"SQa5UZ6X5t\/RlZCtFlFiSEMl6qvnnw62ICpKXnH5Gb0b7X0ptNN8C8AWAVp1b43GsuIsZEEVW\/7N1nL13MDOnZOcMtBHD8Ukii3cdRiueaV0jdAHna4Wy8MYbxFFy44V1x1788uomhD\/2b9NrG+FEN\/AyxgNIMpR+RjUqnlQPoc3uSgV2qNzgqQbeKAooCqNw4vHTxg292tKW4QGqvDYsnfVpfbBEpz9wKRKb0+d+io1j6DqSTTazziUvogS4Fnt5NWyBRjy143DEzfQsxGbt15yMet3GW8rqctxazITC4esxtBVn2zLUoCnxvzQHIJfN7WdDg+QsIjh1DVrgKld0Q=="}],"publicKey":{"key":"MIIBIjANBgkqhkiG9w0BAQEFAAOCAQ8AMIIBCgKCAQEAw5Fu8JeorNSVXs8a2RNPtWb8vtn65ay7CXgdQ6rA9PReJMYONc\/RCwe272LXlNbrR\/ns7dkKncPySpGXXmZjApLzZktaB3hWObZGAmTOFF4dCAWi9oyRrJ4LivLBd5EODY4LTyKrmUUqS28xUCGfgzh92AsXbxZimahwAscp089etqXCzBvCyNkQe9UfbnzZzTPSsOiBdYlOgLEGkscfXYYkIA\/KdFQsuPp3z4Vj3bwPoeBAVnpHqNiaSdPq840k4iUKEdMxJHMclt8CJXZbr7jqv4RfeoOT+ypkSNckIRkD2QmBf4pPSzI3Qhag2MpS\/FTCMuvCya9Tvp6ckOdEKwIDAQAB","signature":"QdaSf4nTy7JCtnfCFcFB7ISk\/OFEcRFDiKYeDrqviPRWQDiRBtAwXPxihB\/GY9CcwCrp7ppe7gXOc2iRXuwWQRr9E55JwgyG\/20IVXGB+gfooA03e69RHz914XURzulGcY4jWojckDbFAK1AjsmO7q4zyngXnPO6Rguzy2QuRrPFayO3ioN8CDwpV0XHO\/jC4T9H5DnbzuxlC2z2RoJAfRoi72lOcSzFAwrE+A1cBHzfP8sOf7IN9ZUJTvZj0F6XeksueMrl07HVGDBgql3WWF+\/PYWC1M\/67XpnB0DlBdY3KfaAB1pFDPqkp2XShT30+IJjk6A68TjvfsfIj7abaQ=="}}
[17-Mar-2025 00:08:42 Europe/Moscow] Script loaded at: 2025-03-17 00:08:42
[17-Mar-2025 00:08:42 Europe/Moscow] Request Method: GET
[17-Mar-2025 00:08:42 Europe/Moscow] Request URI: /api/yggdrasil.php/publickeys
[17-Mar-2025 00:08:42 Europe/Moscow] Parsed URI: Array
(
    [0] => api
    [1] => yggdrasil.php
    [2] => publickeys
)

[17-Mar-2025 00:08:42 Europe/Moscow] Handling /publickeys request
[17-Mar-2025 00:08:42 Europe/Moscow] Public keys response prepared: {"profilePropertyKeys":[{"publicKey":"MIIBIjANBgkqhkiG9w0BAQEFAAOCAQ8AMIIBCgKCAQEAw5Fu8JeorNSVXs8a2RNPtWb8vtn65ay7CXgdQ6rA9PReJMYONc\/RCwe272LXlNbrR\/ns7dkKncPySpGXXmZjApLzZktaB3hWObZGAmTOFF4dCAWi9oyRrJ4LivLBd5EODY4LTyKrmUUqS28xUCGfgzh92AsXbxZimahwAscp089etqXCzBvCyNkQe9UfbnzZzTPSsOiBdYlOgLEGkscfXYYkIA\/KdFQsuPp3z4Vj3bwPoeBAVnpHqNiaSdPq840k4iUKEdMxJHMclt8CJXZbr7jqv4RfeoOT+ypkSNckIRkD2QmBf4pPSzI3Qhag2MpS\/FTCMuvCya9Tvp6ckOdEKwIDAQAB","signature":"QdaSf4nTy7JCtnfCFcFB7ISk\/OFEcRFDiKYeDrqviPRWQDiRBtAwXPxihB\/GY9CcwCrp7ppe7gXOc2iRXuwWQRr9E55JwgyG\/20IVXGB+gfooA03e69RHz914XURzulGcY4jWojckDbFAK1AjsmO7q4zyngXnPO6Rguzy2QuRrPFayO3ioN8CDwpV0XHO\/jC4T9H5DnbzuxlC2z2RoJAfRoi72lOcSzFAwrE+A1cBHzfP8sOf7IN9ZUJTvZj0F6XeksueMrl07HVGDBgql3WWF+\/PYWC1M\/67XpnB0DlBdY3KfaAB1pFDPqkp2XShT30+IJjk6A68TjvfsfIj7abaQ=="}]}
[17-Mar-2025 00:09:27 Europe/Moscow] Script loaded at: 2025-03-17 00:09:27
[17-Mar-2025 00:09:27 Europe/Moscow] Request Method: POST
[17-Mar-2025 00:09:27 Europe/Moscow] Request URI: /api/yggdrasil.php/validate
[17-Mar-2025 00:09:27 Europe/Moscow] Parsed URI: Array
(
    [0] => api
    [1] => yggdrasil.php
    [2] => validate
)

[17-Mar-2025 00:09:41 Europe/Moscow] Script loaded at: 2025-03-17 00:09:41
[17-Mar-2025 00:09:41 Europe/Moscow] Request Method: GET
[17-Mar-2025 00:09:41 Europe/Moscow] Request URI: /api/yggdrasil.php/session/minecraft/profile/473099f1140e4083aad34b55ba00edb0?unsigned=false
[17-Mar-2025 00:09:41 Europe/Moscow] Parsed URI: Array
(
    [0] => api
    [1] => yggdrasil.php
    [2] => session
    [3] => minecraft
    [4] => profile
    [5] => 473099f1140e4083aad34b55ba00edb0
)

[17-Mar-2025 00:09:41 Europe/Moscow] Handling /session/minecraft/profile for uuid: 473099f1-140e-4083-aad3-4b55ba00edb0
[17-Mar-2025 00:09:41 Europe/Moscow] Response prepared: {"id":"473099f1-140e-4083-aad3-4b55ba00edb0","name":"_CyberDemon_","properties":[{"name":"textures","value":"eyJ0aW1lc3RhbXAiOjE3NDIxNTkzODEsInByb2ZpbGVJZCI6IjQ3MzA5OWYxLTE0MGUtNDA4My1hYWQzLTRiNTViYTAwZWRiMCIsInByb2ZpbGVOYW1lIjoiX0N5YmVyRGVtb25fIiwidGV4dHVyZXMiOnsiU0tJTiI6eyJ1cmwiOiJodHRwczpcL1wvcHJvamVjdC1lY2hvLnJ1XC9za2luc1wvZGVmYXVsdC5wbmcifX19","signature":"eH7JdX3GIw+Twuqi3mfhDrSe6bW1sAsTxXdWhYjDYPKXvV7wjoTW4GswK98za+ca7cjw1YljxEHReKiiTVgcob\/rW1zEHduAP7J3zaJ25viaEgkTZctjwENazZ3sq1CdITRLB6j\/+RYvinjJk29f\/Xl3lZKvgmTtepiBg9F11hTV\/4pzWo5HoIf5F1raVb\/gxHoxuurqIVz3ya1z7E9EDwHrNFlKQ06Bc5Cxsw12bns2zE4uGT6LBjodrh2RTq7QdNIQextuhsPO0NsLsaWS+6\/QKVIYwMK5SbA2VDgUVX2WGkh5R3+YQYqFg2HmoxA4GLjxTiRPILq9rBYXwwGLZQ=="}],"publicKey":{"key":"MIIBIjANBgkqhkiG9w0BAQEFAAOCAQ8AMIIBCgKCAQEAw5Fu8JeorNSVXs8a2RNPtWb8vtn65ay7CXgdQ6rA9PReJMYONc\/RCwe272LXlNbrR\/ns7dkKncPySpGXXmZjApLzZktaB3hWObZGAmTOFF4dCAWi9oyRrJ4LivLBd5EODY4LTyKrmUUqS28xUCGfgzh92AsXbxZimahwAscp089etqXCzBvCyNkQe9UfbnzZzTPSsOiBdYlOgLEGkscfXYYkIA\/KdFQsuPp3z4Vj3bwPoeBAVnpHqNiaSdPq840k4iUKEdMxJHMclt8CJXZbr7jqv4RfeoOT+ypkSNckIRkD2QmBf4pPSzI3Qhag2MpS\/FTCMuvCya9Tvp6ckOdEKwIDAQAB","signature":"QdaSf4nTy7JCtnfCFcFB7ISk\/OFEcRFDiKYeDrqviPRWQDiRBtAwXPxihB\/GY9CcwCrp7ppe7gXOc2iRXuwWQRr9E55JwgyG\/20IVXGB+gfooA03e69RHz914XURzulGcY4jWojckDbFAK1AjsmO7q4zyngXnPO6Rguzy2QuRrPFayO3ioN8CDwpV0XHO\/jC4T9H5DnbzuxlC2z2RoJAfRoi72lOcSzFAwrE+A1cBHzfP8sOf7IN9ZUJTvZj0F6XeksueMrl07HVGDBgql3WWF+\/PYWC1M\/67XpnB0DlBdY3KfaAB1pFDPqkp2XShT30+IJjk6A68TjvfsfIj7abaQ=="}}
[17-Mar-2025 00:09:41 Europe/Moscow] Script loaded at: 2025-03-17 00:09:41
[17-Mar-2025 00:09:41 Europe/Moscow] Request Method: GET
[17-Mar-2025 00:09:41 Europe/Moscow] Request URI: /api/yggdrasil.php/publickeys
[17-Mar-2025 00:09:41 Europe/Moscow] Parsed URI: Array
(
    [0] => api
    [1] => yggdrasil.php
    [2] => publickeys
)

[17-Mar-2025 00:09:41 Europe/Moscow] Handling /publickeys request
[17-Mar-2025 00:09:41 Europe/Moscow] Public keys response prepared: {"profilePropertyKeys":[{"publicKey":"MIIBIjANBgkqhkiG9w0BAQEFAAOCAQ8AMIIBCgKCAQEAw5Fu8JeorNSVXs8a2RNPtWb8vtn65ay7CXgdQ6rA9PReJMYONc\/RCwe272LXlNbrR\/ns7dkKncPySpGXXmZjApLzZktaB3hWObZGAmTOFF4dCAWi9oyRrJ4LivLBd5EODY4LTyKrmUUqS28xUCGfgzh92AsXbxZimahwAscp089etqXCzBvCyNkQe9UfbnzZzTPSsOiBdYlOgLEGkscfXYYkIA\/KdFQsuPp3z4Vj3bwPoeBAVnpHqNiaSdPq840k4iUKEdMxJHMclt8CJXZbr7jqv4RfeoOT+ypkSNckIRkD2QmBf4pPSzI3Qhag2MpS\/FTCMuvCya9Tvp6ckOdEKwIDAQAB","signature":"QdaSf4nTy7JCtnfCFcFB7ISk\/OFEcRFDiKYeDrqviPRWQDiRBtAwXPxihB\/GY9CcwCrp7ppe7gXOc2iRXuwWQRr9E55JwgyG\/20IVXGB+gfooA03e69RHz914XURzulGcY4jWojckDbFAK1AjsmO7q4zyngXnPO6Rguzy2QuRrPFayO3ioN8CDwpV0XHO\/jC4T9H5DnbzuxlC2z2RoJAfRoi72lOcSzFAwrE+A1cBHzfP8sOf7IN9ZUJTvZj0F6XeksueMrl07HVGDBgql3WWF+\/PYWC1M\/67XpnB0DlBdY3KfaAB1pFDPqkp2XShT30+IJjk6A68TjvfsfIj7abaQ=="}]}
[17-Mar-2025 00:10:03 Europe/Moscow] Script loaded at: 2025-03-17 00:10:03
[17-Mar-2025 00:10:03 Europe/Moscow] Request Method: POST
[17-Mar-2025 00:10:03 Europe/Moscow] Request URI: /api/yggdrasil.php/session/minecraft/join
[17-Mar-2025 00:10:03 Europe/Moscow] Parsed URI: Array
(
    [0] => api
    [1] => yggdrasil.php
    [2] => session
    [3] => minecraft
    [4] => join
)

[17-Mar-2025 00:10:03 Europe/Moscow] Session updated: accessToken=55ce064e9316b1cfa149aa6d7ddf9458, uuid=473099f1-140e-4083-aad3-4b55ba00edb0, serverId=-4bac152d57ba80ca6f7e516d68b5990ff82c7a04
[17-Mar-2025 00:10:03 Europe/Moscow] Script loaded at: 2025-03-17 00:10:03
[17-Mar-2025 00:10:03 Europe/Moscow] Request Method: GET
[17-Mar-2025 00:10:03 Europe/Moscow] Request URI: /api/yggdrasil.php/sessionserver/session/minecraft/hasJoined?serverId=-4bac152d57ba80ca6f7e516d68b5990ff82c7a04&username=_CyberDemon_
[17-Mar-2025 00:10:03 Europe/Moscow] Parsed URI: Array
(
    [0] => api
    [1] => yggdrasil.php
    [2] => sessionserver
    [3] => session
    [4] => minecraft
    [5] => hasJoined
)

[17-Mar-2025 00:10:03 Europe/Moscow] Handling /hasJoined for username: _CyberDemon_, serverId: -4bac152d57ba80ca6f7e516d68b5990ff82c7a04
[17-Mar-2025 00:10:03 Europe/Moscow] Response prepared for /hasJoined: {"id":"473099f1-140e-4083-aad3-4b55ba00edb0","name":"_CyberDemon_","properties":[{"name":"textures","value":"eyJ0aW1lc3RhbXAiOjE3NDIxNTk0MDMsInByb2ZpbGVJZCI6IjQ3MzA5OWYxLTE0MGUtNDA4My1hYWQzLTRiNTViYTAwZWRiMCIsInByb2ZpbGVOYW1lIjoiX0N5YmVyRGVtb25fIiwidGV4dHVyZXMiOnsiU0tJTiI6eyJ1cmwiOiJodHRwczpcL1wvcHJvamVjdC1lY2hvLnJ1XC9za2luc1wvZGVmYXVsdC5wbmcifX19","signature":"AHjaXoy00v6AfbnFAno3hHaEf6cD08CCfYO9+cWY1KwzexxoMGQSm+T3\/zIUOah6SqscwZOip0ZigwU5d78YENsexONiF5vQ1dnKMu4EXCgx0CvtOVJD4ui3kvShaYOvFNPUHAH69MPZXAT9VOR11UBI3fZph8iQQH7Sx2TS4MuI5CiZpYGMGrbGlhJYP3SFe8Fd65hWfrX2\/5hg5ZqjZPubtheueNHvO0oQ9\/2qZxW0nl2ENRbUrFh0QlcHGJ48AVntxVzOuPjaKExNQsDrgMzCbztxlcUpb\/+57XXfskugxt4IlsZ65CANV7pejPaXMUf1M7NxiR8ozrhzLxhtvg=="}],"publicKey":{"key":"MIIBIjANBgkqhkiG9w0BAQEFAAOCAQ8AMIIBCgKCAQEAw5Fu8JeorNSVXs8a2RNPtWb8vtn65ay7CXgdQ6rA9PReJMYONc\/RCwe272LXlNbrR\/ns7dkKncPySpGXXmZjApLzZktaB3hWObZGAmTOFF4dCAWi9oyRrJ4LivLBd5EODY4LTyKrmUUqS28xUCGfgzh92AsXbxZimahwAscp089etqXCzBvCyNkQe9UfbnzZzTPSsOiBdYlOgLEGkscfXYYkIA\/KdFQsuPp3z4Vj3bwPoeBAVnpHqNiaSdPq840k4iUKEdMxJHMclt8CJXZbr7jqv4RfeoOT+ypkSNckIRkD2QmBf4pPSzI3Qhag2MpS\/FTCMuvCya9Tvp6ckOdEKwIDAQAB","signature":"QdaSf4nTy7JCtnfCFcFB7ISk\/OFEcRFDiKYeDrqviPRWQDiRBtAwXPxihB\/GY9CcwCrp7ppe7gXOc2iRXuwWQRr9E55JwgyG\/20IVXGB+gfooA03e69RHz914XURzulGcY4jWojckDbFAK1AjsmO7q4zyngXnPO6Rguzy2QuRrPFayO3ioN8CDwpV0XHO\/jC4T9H5DnbzuxlC2z2RoJAfRoi72lOcSzFAwrE+A1cBHzfP8sOf7IN9ZUJTvZj0F6XeksueMrl07HVGDBgql3WWF+\/PYWC1M\/67XpnB0DlBdY3KfaAB1pFDPqkp2XShT30+IJjk6A68TjvfsfIj7abaQ=="}}
[17-Mar-2025 00:11:15 Europe/Moscow] Script loaded at: 2025-03-17 00:11:15
[17-Mar-2025 00:11:15 Europe/Moscow] Request Method: POST
[17-Mar-2025 00:11:15 Europe/Moscow] Request URI: /api/yggdrasil.php/validate
[17-Mar-2025 00:11:15 Europe/Moscow] Parsed URI: Array
(
    [0] => api
    [1] => yggdrasil.php
    [2] => validate
)

[17-Mar-2025 00:11:30 Europe/Moscow] Script loaded at: 2025-03-17 00:11:30
[17-Mar-2025 00:11:30 Europe/Moscow] Request Method: GET
[17-Mar-2025 00:11:30 Europe/Moscow] Request URI: /api/yggdrasil.php/publickeys
[17-Mar-2025 00:11:30 Europe/Moscow] Parsed URI: Array
(
    [0] => api
    [1] => yggdrasil.php
    [2] => publickeys
)

[17-Mar-2025 00:11:30 Europe/Moscow] Handling /publickeys request
[17-Mar-2025 00:11:30 Europe/Moscow] Public keys response prepared: {"profilePropertyKeys":[{"publicKey":"MIIBIjANBgkqhkiG9w0BAQEFAAOCAQ8AMIIBCgKCAQEAw5Fu8JeorNSVXs8a2RNPtWb8vtn65ay7CXgdQ6rA9PReJMYONc\/RCwe272LXlNbrR\/ns7dkKncPySpGXXmZjApLzZktaB3hWObZGAmTOFF4dCAWi9oyRrJ4LivLBd5EODY4LTyKrmUUqS28xUCGfgzh92AsXbxZimahwAscp089etqXCzBvCyNkQe9UfbnzZzTPSsOiBdYlOgLEGkscfXYYkIA\/KdFQsuPp3z4Vj3bwPoeBAVnpHqNiaSdPq840k4iUKEdMxJHMclt8CJXZbr7jqv4RfeoOT+ypkSNckIRkD2QmBf4pPSzI3Qhag2MpS\/FTCMuvCya9Tvp6ckOdEKwIDAQAB","signature":"QdaSf4nTy7JCtnfCFcFB7ISk\/OFEcRFDiKYeDrqviPRWQDiRBtAwXPxihB\/GY9CcwCrp7ppe7gXOc2iRXuwWQRr9E55JwgyG\/20IVXGB+gfooA03e69RHz914XURzulGcY4jWojckDbFAK1AjsmO7q4zyngXnPO6Rguzy2QuRrPFayO3ioN8CDwpV0XHO\/jC4T9H5DnbzuxlC2z2RoJAfRoi72lOcSzFAwrE+A1cBHzfP8sOf7IN9ZUJTvZj0F6XeksueMrl07HVGDBgql3WWF+\/PYWC1M\/67XpnB0DlBdY3KfaAB1pFDPqkp2XShT30+IJjk6A68TjvfsfIj7abaQ=="}]}
[17-Mar-2025 00:11:30 Europe/Moscow] Script loaded at: 2025-03-17 00:11:30
[17-Mar-2025 00:11:30 Europe/Moscow] Request Method: GET
[17-Mar-2025 00:11:30 Europe/Moscow] Request URI: /api/yggdrasil.php/session/minecraft/profile/473099f1140e4083aad34b55ba00edb0?unsigned=false
[17-Mar-2025 00:11:30 Europe/Moscow] Parsed URI: Array
(
    [0] => api
    [1] => yggdrasil.php
    [2] => session
    [3] => minecraft
    [4] => profile
    [5] => 473099f1140e4083aad34b55ba00edb0
)

[17-Mar-2025 00:11:30 Europe/Moscow] Handling /session/minecraft/profile for uuid: 473099f1-140e-4083-aad3-4b55ba00edb0
[17-Mar-2025 00:11:30 Europe/Moscow] Response prepared: {"id":"473099f1-140e-4083-aad3-4b55ba00edb0","name":"_CyberDemon_","properties":[{"name":"textures","value":"eyJ0aW1lc3RhbXAiOjE3NDIxNTk0OTAsInByb2ZpbGVJZCI6IjQ3MzA5OWYxLTE0MGUtNDA4My1hYWQzLTRiNTViYTAwZWRiMCIsInByb2ZpbGVOYW1lIjoiX0N5YmVyRGVtb25fIiwidGV4dHVyZXMiOnsiU0tJTiI6eyJ1cmwiOiJodHRwczpcL1wvcHJvamVjdC1lY2hvLnJ1XC9za2luc1wvZGVmYXVsdC5wbmcifX19","signature":"B8uXpDMvCn3zVoFi+zYAD5fchMrxnVixP4Br+ioHdbH2o0geRu+YI583WJQB25hpbAcdIMcBEFBy2p8XplsE0EoTeRNdeEPsnbfwMtWzHnVkJLLsSo8Rqm9lA5lIxaEwg5gUku5QdJMxPIU363xuTRB110snTwvYc9cqH9b2qSxRrizEmIJremY3F+qz3hlNSe8YqoLPQQL\/EHKprJy+LvwLqI38Dn3HejmJWtbfRAMBzkT8ShOztPgdUF\/v63RtjY7DduxDp3nC0LCosWjSt0Ir8VW+\/uW\/merfrMwzYp7bWUQmpx3RfcXTSzLL3vfrkjFTadn\/X0Pb4BLCkdmmsQ=="}],"publicKey":{"key":"MIIBIjANBgkqhkiG9w0BAQEFAAOCAQ8AMIIBCgKCAQEAw5Fu8JeorNSVXs8a2RNPtWb8vtn65ay7CXgdQ6rA9PReJMYONc\/RCwe272LXlNbrR\/ns7dkKncPySpGXXmZjApLzZktaB3hWObZGAmTOFF4dCAWi9oyRrJ4LivLBd5EODY4LTyKrmUUqS28xUCGfgzh92AsXbxZimahwAscp089etqXCzBvCyNkQe9UfbnzZzTPSsOiBdYlOgLEGkscfXYYkIA\/KdFQsuPp3z4Vj3bwPoeBAVnpHqNiaSdPq840k4iUKEdMxJHMclt8CJXZbr7jqv4RfeoOT+ypkSNckIRkD2QmBf4pPSzI3Qhag2MpS\/FTCMuvCya9Tvp6ckOdEKwIDAQAB","signature":"QdaSf4nTy7JCtnfCFcFB7ISk\/OFEcRFDiKYeDrqviPRWQDiRBtAwXPxihB\/GY9CcwCrp7ppe7gXOc2iRXuwWQRr9E55JwgyG\/20IVXGB+gfooA03e69RHz914XURzulGcY4jWojckDbFAK1AjsmO7q4zyngXnPO6Rguzy2QuRrPFayO3ioN8CDwpV0XHO\/jC4T9H5DnbzuxlC2z2RoJAfRoi72lOcSzFAwrE+A1cBHzfP8sOf7IN9ZUJTvZj0F6XeksueMrl07HVGDBgql3WWF+\/PYWC1M\/67XpnB0DlBdY3KfaAB1pFDPqkp2XShT30+IJjk6A68TjvfsfIj7abaQ=="}}
[17-Mar-2025 00:12:00 Europe/Moscow] Script loaded at: 2025-03-17 00:12:00
[17-Mar-2025 00:12:00 Europe/Moscow] Request Method: POST
[17-Mar-2025 00:12:00 Europe/Moscow] Request URI: /api/yggdrasil.php/validate
[17-Mar-2025 00:12:00 Europe/Moscow] Parsed URI: Array
(
    [0] => api
    [1] => yggdrasil.php
    [2] => validate
)

[17-Mar-2025 00:12:13 Europe/Moscow] Script loaded at: 2025-03-17 00:12:13
[17-Mar-2025 00:12:13 Europe/Moscow] Request Method: GET
[17-Mar-2025 00:12:13 Europe/Moscow] Request URI: /api/yggdrasil.php/publickeys
[17-Mar-2025 00:12:13 Europe/Moscow] Parsed URI: Array
(
    [0] => api
    [1] => yggdrasil.php
    [2] => publickeys
)

[17-Mar-2025 00:12:13 Europe/Moscow] Handling /publickeys request
[17-Mar-2025 00:12:13 Europe/Moscow] Public keys response prepared: {"profilePropertyKeys":[{"publicKey":"MIIBIjANBgkqhkiG9w0BAQEFAAOCAQ8AMIIBCgKCAQEAw5Fu8JeorNSVXs8a2RNPtWb8vtn65ay7CXgdQ6rA9PReJMYONc\/RCwe272LXlNbrR\/ns7dkKncPySpGXXmZjApLzZktaB3hWObZGAmTOFF4dCAWi9oyRrJ4LivLBd5EODY4LTyKrmUUqS28xUCGfgzh92AsXbxZimahwAscp089etqXCzBvCyNkQe9UfbnzZzTPSsOiBdYlOgLEGkscfXYYkIA\/KdFQsuPp3z4Vj3bwPoeBAVnpHqNiaSdPq840k4iUKEdMxJHMclt8CJXZbr7jqv4RfeoOT+ypkSNckIRkD2QmBf4pPSzI3Qhag2MpS\/FTCMuvCya9Tvp6ckOdEKwIDAQAB","signature":"QdaSf4nTy7JCtnfCFcFB7ISk\/OFEcRFDiKYeDrqviPRWQDiRBtAwXPxihB\/GY9CcwCrp7ppe7gXOc2iRXuwWQRr9E55JwgyG\/20IVXGB+gfooA03e69RHz914XURzulGcY4jWojckDbFAK1AjsmO7q4zyngXnPO6Rguzy2QuRrPFayO3ioN8CDwpV0XHO\/jC4T9H5DnbzuxlC2z2RoJAfRoi72lOcSzFAwrE+A1cBHzfP8sOf7IN9ZUJTvZj0F6XeksueMrl07HVGDBgql3WWF+\/PYWC1M\/67XpnB0DlBdY3KfaAB1pFDPqkp2XShT30+IJjk6A68TjvfsfIj7abaQ=="}]}
[17-Mar-2025 00:12:13 Europe/Moscow] Script loaded at: 2025-03-17 00:12:13
[17-Mar-2025 00:12:13 Europe/Moscow] Request Method: GET
[17-Mar-2025 00:12:13 Europe/Moscow] Request URI: /api/yggdrasil.php/session/minecraft/profile/473099f1140e4083aad34b55ba00edb0?unsigned=false
[17-Mar-2025 00:12:13 Europe/Moscow] Parsed URI: Array
(
    [0] => api
    [1] => yggdrasil.php
    [2] => session
    [3] => minecraft
    [4] => profile
    [5] => 473099f1140e4083aad34b55ba00edb0
)

[17-Mar-2025 00:12:13 Europe/Moscow] Handling /session/minecraft/profile for uuid: 473099f1-140e-4083-aad3-4b55ba00edb0
[17-Mar-2025 00:12:13 Europe/Moscow] Response prepared: {"id":"473099f1-140e-4083-aad3-4b55ba00edb0","name":"_CyberDemon_","properties":[{"name":"textures","value":"eyJ0aW1lc3RhbXAiOjE3NDIxNTk1MzMsInByb2ZpbGVJZCI6IjQ3MzA5OWYxLTE0MGUtNDA4My1hYWQzLTRiNTViYTAwZWRiMCIsInByb2ZpbGVOYW1lIjoiX0N5YmVyRGVtb25fIiwidGV4dHVyZXMiOnsiU0tJTiI6eyJ1cmwiOiJodHRwczpcL1wvcHJvamVjdC1lY2hvLnJ1XC9za2luc1wvZGVmYXVsdC5wbmcifX19","signature":"lWCEGFNqVQOxt5M1CHDSQRppPKJkjs352rowaxH2uGe+7KK5Ih\/S\/fkYg7kLPHE\/l9TfaKNfc5N8HGJADXIaV7LwAUcM2iomes+TL\/ZS6NuGZEtgegM7Cp2egf37TYpnSHZGKyjvsXPjWMgb\/g1uCga6N03dCc5Vjhe9eElMKLM5z5EEsETFPKdxIpYSSOvNKBhC3ei0c2yleRPBtnz\/Rc+pR\/McYjVvYEWeiCPKHXVmElwJGQspMTl0Hqs6Mix7NYZ8GSOdU0KzTeJq5MOZ+Bo5UZWSGHXaAKTS1dNLZanyEZVvO0NLpSEdCW8eRQw2xHtiu4Y+oCQrHxYBZEKT3g=="}],"publicKey":{"key":"MIIBIjANBgkqhkiG9w0BAQEFAAOCAQ8AMIIBCgKCAQEAw5Fu8JeorNSVXs8a2RNPtWb8vtn65ay7CXgdQ6rA9PReJMYONc\/RCwe272LXlNbrR\/ns7dkKncPySpGXXmZjApLzZktaB3hWObZGAmTOFF4dCAWi9oyRrJ4LivLBd5EODY4LTyKrmUUqS28xUCGfgzh92AsXbxZimahwAscp089etqXCzBvCyNkQe9UfbnzZzTPSsOiBdYlOgLEGkscfXYYkIA\/KdFQsuPp3z4Vj3bwPoeBAVnpHqNiaSdPq840k4iUKEdMxJHMclt8CJXZbr7jqv4RfeoOT+ypkSNckIRkD2QmBf4pPSzI3Qhag2MpS\/FTCMuvCya9Tvp6ckOdEKwIDAQAB","signature":"QdaSf4nTy7JCtnfCFcFB7ISk\/OFEcRFDiKYeDrqviPRWQDiRBtAwXPxihB\/GY9CcwCrp7ppe7gXOc2iRXuwWQRr9E55JwgyG\/20IVXGB+gfooA03e69RHz914XURzulGcY4jWojckDbFAK1AjsmO7q4zyngXnPO6Rguzy2QuRrPFayO3ioN8CDwpV0XHO\/jC4T9H5DnbzuxlC2z2RoJAfRoi72lOcSzFAwrE+A1cBHzfP8sOf7IN9ZUJTvZj0F6XeksueMrl07HVGDBgql3WWF+\/PYWC1M\/67XpnB0DlBdY3KfaAB1pFDPqkp2XShT30+IJjk6A68TjvfsfIj7abaQ=="}}
[17-Mar-2025 00:12:42 Europe/Moscow] Script loaded at: 2025-03-17 00:12:42
[17-Mar-2025 00:12:42 Europe/Moscow] Request Method: POST
[17-Mar-2025 00:12:42 Europe/Moscow] Request URI: /api/yggdrasil.php/validate
[17-Mar-2025 00:12:42 Europe/Moscow] Parsed URI: Array
(
    [0] => api
    [1] => yggdrasil.php
    [2] => validate
)

[17-Mar-2025 00:12:55 Europe/Moscow] Script loaded at: 2025-03-17 00:12:55
[17-Mar-2025 00:12:55 Europe/Moscow] Request Method: GET
[17-Mar-2025 00:12:55 Europe/Moscow] Request URI: /api/yggdrasil.php/session/minecraft/profile/473099f1140e4083aad34b55ba00edb0?unsigned=false
[17-Mar-2025 00:12:55 Europe/Moscow] Parsed URI: Array
(
    [0] => api
    [1] => yggdrasil.php
    [2] => session
    [3] => minecraft
    [4] => profile
    [5] => 473099f1140e4083aad34b55ba00edb0
)

[17-Mar-2025 00:12:55 Europe/Moscow] Handling /session/minecraft/profile for uuid: 473099f1-140e-4083-aad3-4b55ba00edb0
[17-Mar-2025 00:12:55 Europe/Moscow] Response prepared: {"id":"473099f1-140e-4083-aad3-4b55ba00edb0","name":"_CyberDemon_","properties":[{"name":"textures","value":"eyJ0aW1lc3RhbXAiOjE3NDIxNTk1NzUsInByb2ZpbGVJZCI6IjQ3MzA5OWYxLTE0MGUtNDA4My1hYWQzLTRiNTViYTAwZWRiMCIsInByb2ZpbGVOYW1lIjoiX0N5YmVyRGVtb25fIiwidGV4dHVyZXMiOnsiU0tJTiI6eyJ1cmwiOiJodHRwczpcL1wvcHJvamVjdC1lY2hvLnJ1XC9za2luc1wvZGVmYXVsdC5wbmcifX19","signature":"nJGwtm8n4KfKHCCS1T1wT1qBV6TixJtTByMamyOuMRApMYdcXCEaHD9qwjDLp\/u+zEgYYCeZS7wX9UJsEcFyN1gS1BQ7tpwZX+n7+bxfJm8osfAJeje3wTnA7RUC9hj7P26u8UfxYFQSKitGuJCOFmKz1w0i05BrgHBWeIJJGHuKCuZ9wLxcRzWPgr8+IaSCCNeQnoB4b5fz1OXGPozQQHLNsesrao\/ioabtWmLCQ\/t\/\/BSFuOMIdh69nhfGuRN3pdF1BMo8bC3ZeyspKTrfvrxo84h1Ui4SMRjlzsLnfg9X6sfkzm1imCemu5QgqOlLzG3Rc3IOuQzcHKObChxRCQ=="}],"publicKey":{"key":"MIIBIjANBgkqhkiG9w0BAQEFAAOCAQ8AMIIBCgKCAQEAw5Fu8JeorNSVXs8a2RNPtWb8vtn65ay7CXgdQ6rA9PReJMYONc\/RCwe272LXlNbrR\/ns7dkKncPySpGXXmZjApLzZktaB3hWObZGAmTOFF4dCAWi9oyRrJ4LivLBd5EODY4LTyKrmUUqS28xUCGfgzh92AsXbxZimahwAscp089etqXCzBvCyNkQe9UfbnzZzTPSsOiBdYlOgLEGkscfXYYkIA\/KdFQsuPp3z4Vj3bwPoeBAVnpHqNiaSdPq840k4iUKEdMxJHMclt8CJXZbr7jqv4RfeoOT+ypkSNckIRkD2QmBf4pPSzI3Qhag2MpS\/FTCMuvCya9Tvp6ckOdEKwIDAQAB","signature":"QdaSf4nTy7JCtnfCFcFB7ISk\/OFEcRFDiKYeDrqviPRWQDiRBtAwXPxihB\/GY9CcwCrp7ppe7gXOc2iRXuwWQRr9E55JwgyG\/20IVXGB+gfooA03e69RHz914XURzulGcY4jWojckDbFAK1AjsmO7q4zyngXnPO6Rguzy2QuRrPFayO3ioN8CDwpV0XHO\/jC4T9H5DnbzuxlC2z2RoJAfRoi72lOcSzFAwrE+A1cBHzfP8sOf7IN9ZUJTvZj0F6XeksueMrl07HVGDBgql3WWF+\/PYWC1M\/67XpnB0DlBdY3KfaAB1pFDPqkp2XShT30+IJjk6A68TjvfsfIj7abaQ=="}}
[17-Mar-2025 00:12:55 Europe/Moscow] Script loaded at: 2025-03-17 00:12:55
[17-Mar-2025 00:12:55 Europe/Moscow] Request Method: GET
[17-Mar-2025 00:12:55 Europe/Moscow] Request URI: /api/yggdrasil.php/publickeys
[17-Mar-2025 00:12:55 Europe/Moscow] Parsed URI: Array
(
    [0] => api
    [1] => yggdrasil.php
    [2] => publickeys
)

[17-Mar-2025 00:12:55 Europe/Moscow] Handling /publickeys request
[17-Mar-2025 00:12:55 Europe/Moscow] Public keys response prepared: {"profilePropertyKeys":[{"publicKey":"MIIBIjANBgkqhkiG9w0BAQEFAAOCAQ8AMIIBCgKCAQEAw5Fu8JeorNSVXs8a2RNPtWb8vtn65ay7CXgdQ6rA9PReJMYONc\/RCwe272LXlNbrR\/ns7dkKncPySpGXXmZjApLzZktaB3hWObZGAmTOFF4dCAWi9oyRrJ4LivLBd5EODY4LTyKrmUUqS28xUCGfgzh92AsXbxZimahwAscp089etqXCzBvCyNkQe9UfbnzZzTPSsOiBdYlOgLEGkscfXYYkIA\/KdFQsuPp3z4Vj3bwPoeBAVnpHqNiaSdPq840k4iUKEdMxJHMclt8CJXZbr7jqv4RfeoOT+ypkSNckIRkD2QmBf4pPSzI3Qhag2MpS\/FTCMuvCya9Tvp6ckOdEKwIDAQAB","signature":"QdaSf4nTy7JCtnfCFcFB7ISk\/OFEcRFDiKYeDrqviPRWQDiRBtAwXPxihB\/GY9CcwCrp7ppe7gXOc2iRXuwWQRr9E55JwgyG\/20IVXGB+gfooA03e69RHz914XURzulGcY4jWojckDbFAK1AjsmO7q4zyngXnPO6Rguzy2QuRrPFayO3ioN8CDwpV0XHO\/jC4T9H5DnbzuxlC2z2RoJAfRoi72lOcSzFAwrE+A1cBHzfP8sOf7IN9ZUJTvZj0F6XeksueMrl07HVGDBgql3WWF+\/PYWC1M\/67XpnB0DlBdY3KfaAB1pFDPqkp2XShT30+IJjk6A68TjvfsfIj7abaQ=="}]}
[17-Mar-2025 00:13:16 Europe/Moscow] Script loaded at: 2025-03-17 00:13:16
[17-Mar-2025 00:13:16 Europe/Moscow] Request Method: POST
[17-Mar-2025 00:13:16 Europe/Moscow] Request URI: /api/yggdrasil.php/session/minecraft/join
[17-Mar-2025 00:13:16 Europe/Moscow] Parsed URI: Array
(
    [0] => api
    [1] => yggdrasil.php
    [2] => session
    [3] => minecraft
    [4] => join
)

[17-Mar-2025 00:13:16 Europe/Moscow] Session updated: accessToken=55ce064e9316b1cfa149aa6d7ddf9458, uuid=473099f1-140e-4083-aad3-4b55ba00edb0, serverId=1d2178b22ada0186ffeee8b40d916d0e4ccdae00
[17-Mar-2025 00:13:16 Europe/Moscow] Script loaded at: 2025-03-17 00:13:16
[17-Mar-2025 00:13:16 Europe/Moscow] Request Method: GET
[17-Mar-2025 00:13:16 Europe/Moscow] Request URI: /api/yggdrasil.php/sessionserver/session/minecraft/hasJoined?serverId=1d2178b22ada0186ffeee8b40d916d0e4ccdae00&username=_CyberDemon_
[17-Mar-2025 00:13:16 Europe/Moscow] Parsed URI: Array
(
    [0] => api
    [1] => yggdrasil.php
    [2] => sessionserver
    [3] => session
    [4] => minecraft
    [5] => hasJoined
)

[17-Mar-2025 00:13:16 Europe/Moscow] Handling /hasJoined for username: _CyberDemon_, serverId: 1d2178b22ada0186ffeee8b40d916d0e4ccdae00
[17-Mar-2025 00:13:16 Europe/Moscow] Response prepared for /hasJoined: {"id":"473099f1-140e-4083-aad3-4b55ba00edb0","name":"_CyberDemon_","properties":[{"name":"textures","value":"eyJ0aW1lc3RhbXAiOjE3NDIxNTk1OTYsInByb2ZpbGVJZCI6IjQ3MzA5OWYxLTE0MGUtNDA4My1hYWQzLTRiNTViYTAwZWRiMCIsInByb2ZpbGVOYW1lIjoiX0N5YmVyRGVtb25fIiwidGV4dHVyZXMiOnsiU0tJTiI6eyJ1cmwiOiJodHRwczpcL1wvcHJvamVjdC1lY2hvLnJ1XC9za2luc1wvZGVmYXVsdC5wbmcifX19","signature":"KpMZoRocBuvCT3rxi5kHASUiOAC0AYWdoW3FU95zpZvJijqlv2q3KAeb8ZQ+6qeVeltfZO41WDC5Tjo\/LXGIrAG8wvyFN1QSlWe3mrdPwy4DjVu5gVxRXiZpvH6ziV2\/iWejYot0wMPK+5artJ6DWY5WCVsEpEhjmB1BtgKdXpQBERQBB6hL2GYtdk2J2K0XvSnWSDkB8fpBh2LuKlimJP9acJMEsqPF7PQEAkQnJ6hPcb3ef2PKlMJBRKwnsJfIUZzopDRvfCUfqg+bDxSIFB4kL9S5Rs\/DVPUqDVqKjupidMKgk0E0bcjRX\/Mp0CHoUbRPSiLA3wy4LYjpeqvY4g=="}],"publicKey":{"key":"MIIBIjANBgkqhkiG9w0BAQEFAAOCAQ8AMIIBCgKCAQEAw5Fu8JeorNSVXs8a2RNPtWb8vtn65ay7CXgdQ6rA9PReJMYONc\/RCwe272LXlNbrR\/ns7dkKncPySpGXXmZjApLzZktaB3hWObZGAmTOFF4dCAWi9oyRrJ4LivLBd5EODY4LTyKrmUUqS28xUCGfgzh92AsXbxZimahwAscp089etqXCzBvCyNkQe9UfbnzZzTPSsOiBdYlOgLEGkscfXYYkIA\/KdFQsuPp3z4Vj3bwPoeBAVnpHqNiaSdPq840k4iUKEdMxJHMclt8CJXZbr7jqv4RfeoOT+ypkSNckIRkD2QmBf4pPSzI3Qhag2MpS\/FTCMuvCya9Tvp6ckOdEKwIDAQAB","signature":"QdaSf4nTy7JCtnfCFcFB7ISk\/OFEcRFDiKYeDrqviPRWQDiRBtAwXPxihB\/GY9CcwCrp7ppe7gXOc2iRXuwWQRr9E55JwgyG\/20IVXGB+gfooA03e69RHz914XURzulGcY4jWojckDbFAK1AjsmO7q4zyngXnPO6Rguzy2QuRrPFayO3ioN8CDwpV0XHO\/jC4T9H5DnbzuxlC2z2RoJAfRoi72lOcSzFAwrE+A1cBHzfP8sOf7IN9ZUJTvZj0F6XeksueMrl07HVGDBgql3WWF+\/PYWC1M\/67XpnB0DlBdY3KfaAB1pFDPqkp2XShT30+IJjk6A68TjvfsfIj7abaQ=="}}
[17-Mar-2025 00:13:27 Europe/Moscow] Script loaded at: 2025-03-17 00:13:27
[17-Mar-2025 00:13:27 Europe/Moscow] Request Method: POST
[17-Mar-2025 00:13:27 Europe/Moscow] Request URI: /api/yggdrasil.php/validate
[17-Mar-2025 00:13:27 Europe/Moscow] Parsed URI: Array
(
    [0] => api
    [1] => yggdrasil.php
    [2] => validate
)

[17-Mar-2025 00:13:41 Europe/Moscow] Script loaded at: 2025-03-17 00:13:41
[17-Mar-2025 00:13:41 Europe/Moscow] Request Method: GET
[17-Mar-2025 00:13:41 Europe/Moscow] Request URI: /api/yggdrasil.php/publickeys
[17-Mar-2025 00:13:41 Europe/Moscow] Parsed URI: Array
(
    [0] => api
    [1] => yggdrasil.php
    [2] => publickeys
)

[17-Mar-2025 00:13:41 Europe/Moscow] Handling /publickeys request
[17-Mar-2025 00:13:41 Europe/Moscow] Public keys response prepared: {"profilePropertyKeys":[{"publicKey":"MIIBIjANBgkqhkiG9w0BAQEFAAOCAQ8AMIIBCgKCAQEAw5Fu8JeorNSVXs8a2RNPtWb8vtn65ay7CXgdQ6rA9PReJMYONc\/RCwe272LXlNbrR\/ns7dkKncPySpGXXmZjApLzZktaB3hWObZGAmTOFF4dCAWi9oyRrJ4LivLBd5EODY4LTyKrmUUqS28xUCGfgzh92AsXbxZimahwAscp089etqXCzBvCyNkQe9UfbnzZzTPSsOiBdYlOgLEGkscfXYYkIA\/KdFQsuPp3z4Vj3bwPoeBAVnpHqNiaSdPq840k4iUKEdMxJHMclt8CJXZbr7jqv4RfeoOT+ypkSNckIRkD2QmBf4pPSzI3Qhag2MpS\/FTCMuvCya9Tvp6ckOdEKwIDAQAB","signature":"QdaSf4nTy7JCtnfCFcFB7ISk\/OFEcRFDiKYeDrqviPRWQDiRBtAwXPxihB\/GY9CcwCrp7ppe7gXOc2iRXuwWQRr9E55JwgyG\/20IVXGB+gfooA03e69RHz914XURzulGcY4jWojckDbFAK1AjsmO7q4zyngXnPO6Rguzy2QuRrPFayO3ioN8CDwpV0XHO\/jC4T9H5DnbzuxlC2z2RoJAfRoi72lOcSzFAwrE+A1cBHzfP8sOf7IN9ZUJTvZj0F6XeksueMrl07HVGDBgql3WWF+\/PYWC1M\/67XpnB0DlBdY3KfaAB1pFDPqkp2XShT30+IJjk6A68TjvfsfIj7abaQ=="}]}
[17-Mar-2025 00:13:41 Europe/Moscow] Script loaded at: 2025-03-17 00:13:41
[17-Mar-2025 00:13:41 Europe/Moscow] Request Method: GET
[17-Mar-2025 00:13:41 Europe/Moscow] Request URI: /api/yggdrasil.php/session/minecraft/profile/473099f1140e4083aad34b55ba00edb0?unsigned=false
[17-Mar-2025 00:13:41 Europe/Moscow] Parsed URI: Array
(
    [0] => api
    [1] => yggdrasil.php
    [2] => session
    [3] => minecraft
    [4] => profile
    [5] => 473099f1140e4083aad34b55ba00edb0
)

[17-Mar-2025 00:13:41 Europe/Moscow] Handling /session/minecraft/profile for uuid: 473099f1-140e-4083-aad3-4b55ba00edb0
[17-Mar-2025 00:13:41 Europe/Moscow] Response prepared: {"id":"473099f1-140e-4083-aad3-4b55ba00edb0","name":"_CyberDemon_","properties":[{"name":"textures","value":"eyJ0aW1lc3RhbXAiOjE3NDIxNTk2MjEsInByb2ZpbGVJZCI6IjQ3MzA5OWYxLTE0MGUtNDA4My1hYWQzLTRiNTViYTAwZWRiMCIsInByb2ZpbGVOYW1lIjoiX0N5YmVyRGVtb25fIiwidGV4dHVyZXMiOnsiU0tJTiI6eyJ1cmwiOiJodHRwczpcL1wvcHJvamVjdC1lY2hvLnJ1XC9za2luc1wvZGVmYXVsdC5wbmcifX19","signature":"km1TLbkkOjNmmzrw0VMevldpU5Uk6N0GHib0xko2PqB3faXwWHpXW3Bfu4OAOU1jneKFU8dFaZ3IIMgCJnrM0bxP0YkOPpBqDsIqHSfzLRCoyxTeXqfVxyYSnhSvXuzTtBMUG5GPB192Jdwzgi9E+3e7K9VMwOsw62kJ3FuPQ7lW+0h1QlYbkDB9Ar3roxyg9zjrD4BpsT++ks5kbOPmYxo5dJ7Pup6fNPQmEx1ogY\/9yJP2cBofJbd8obW+0uUdHCIfsKJakpU4besEhXoPRnfCGTbebfxRHY6ZurBTb2brJs8QJirYsS4UpIwuo\/rCIYdlRugJRPgBpZSNoj6mPg=="}],"publicKey":{"key":"MIIBIjANBgkqhkiG9w0BAQEFAAOCAQ8AMIIBCgKCAQEAw5Fu8JeorNSVXs8a2RNPtWb8vtn65ay7CXgdQ6rA9PReJMYONc\/RCwe272LXlNbrR\/ns7dkKncPySpGXXmZjApLzZktaB3hWObZGAmTOFF4dCAWi9oyRrJ4LivLBd5EODY4LTyKrmUUqS28xUCGfgzh92AsXbxZimahwAscp089etqXCzBvCyNkQe9UfbnzZzTPSsOiBdYlOgLEGkscfXYYkIA\/KdFQsuPp3z4Vj3bwPoeBAVnpHqNiaSdPq840k4iUKEdMxJHMclt8CJXZbr7jqv4RfeoOT+ypkSNckIRkD2QmBf4pPSzI3Qhag2MpS\/FTCMuvCya9Tvp6ckOdEKwIDAQAB","signature":"QdaSf4nTy7JCtnfCFcFB7ISk\/OFEcRFDiKYeDrqviPRWQDiRBtAwXPxihB\/GY9CcwCrp7ppe7gXOc2iRXuwWQRr9E55JwgyG\/20IVXGB+gfooA03e69RHz914XURzulGcY4jWojckDbFAK1AjsmO7q4zyngXnPO6Rguzy2QuRrPFayO3ioN8CDwpV0XHO\/jC4T9H5DnbzuxlC2z2RoJAfRoi72lOcSzFAwrE+A1cBHzfP8sOf7IN9ZUJTvZj0F6XeksueMrl07HVGDBgql3WWF+\/PYWC1M\/67XpnB0DlBdY3KfaAB1pFDPqkp2XShT30+IJjk6A68TjvfsfIj7abaQ=="}}
[17-Mar-2025 00:14:09 Europe/Moscow] Script loaded at: 2025-03-17 00:14:09
[17-Mar-2025 00:14:09 Europe/Moscow] Request Method: POST
[17-Mar-2025 00:14:09 Europe/Moscow] Request URI: /api/yggdrasil.php/validate
[17-Mar-2025 00:14:09 Europe/Moscow] Parsed URI: Array
(
    [0] => api
    [1] => yggdrasil.php
    [2] => validate
)

[17-Mar-2025 00:14:36 Europe/Moscow] Script loaded at: 2025-03-17 00:14:36
[17-Mar-2025 00:14:36 Europe/Moscow] Request Method: GET
[17-Mar-2025 00:14:36 Europe/Moscow] Request URI: /api/yggdrasil.php/publickeys
[17-Mar-2025 00:14:36 Europe/Moscow] Parsed URI: Array
(
    [0] => api
    [1] => yggdrasil.php
    [2] => publickeys
)

[17-Mar-2025 00:14:36 Europe/Moscow] Handling /publickeys request
[17-Mar-2025 00:14:36 Europe/Moscow] Public keys response prepared: {"profilePropertyKeys":[{"publicKey":"MIIBIjANBgkqhkiG9w0BAQEFAAOCAQ8AMIIBCgKCAQEAw5Fu8JeorNSVXs8a2RNPtWb8vtn65ay7CXgdQ6rA9PReJMYONc\/RCwe272LXlNbrR\/ns7dkKncPySpGXXmZjApLzZktaB3hWObZGAmTOFF4dCAWi9oyRrJ4LivLBd5EODY4LTyKrmUUqS28xUCGfgzh92AsXbxZimahwAscp089etqXCzBvCyNkQe9UfbnzZzTPSsOiBdYlOgLEGkscfXYYkIA\/KdFQsuPp3z4Vj3bwPoeBAVnpHqNiaSdPq840k4iUKEdMxJHMclt8CJXZbr7jqv4RfeoOT+ypkSNckIRkD2QmBf4pPSzI3Qhag2MpS\/FTCMuvCya9Tvp6ckOdEKwIDAQAB","signature":"QdaSf4nTy7JCtnfCFcFB7ISk\/OFEcRFDiKYeDrqviPRWQDiRBtAwXPxihB\/GY9CcwCrp7ppe7gXOc2iRXuwWQRr9E55JwgyG\/20IVXGB+gfooA03e69RHz914XURzulGcY4jWojckDbFAK1AjsmO7q4zyngXnPO6Rguzy2QuRrPFayO3ioN8CDwpV0XHO\/jC4T9H5DnbzuxlC2z2RoJAfRoi72lOcSzFAwrE+A1cBHzfP8sOf7IN9ZUJTvZj0F6XeksueMrl07HVGDBgql3WWF+\/PYWC1M\/67XpnB0DlBdY3KfaAB1pFDPqkp2XShT30+IJjk6A68TjvfsfIj7abaQ=="}]}
[17-Mar-2025 00:14:36 Europe/Moscow] Script loaded at: 2025-03-17 00:14:36
[17-Mar-2025 00:14:36 Europe/Moscow] Request Method: GET
[17-Mar-2025 00:14:36 Europe/Moscow] Request URI: /api/yggdrasil.php/session/minecraft/profile/473099f1140e4083aad34b55ba00edb0?unsigned=false
[17-Mar-2025 00:14:36 Europe/Moscow] Parsed URI: Array
(
    [0] => api
    [1] => yggdrasil.php
    [2] => session
    [3] => minecraft
    [4] => profile
    [5] => 473099f1140e4083aad34b55ba00edb0
)

[17-Mar-2025 00:14:36 Europe/Moscow] Handling /session/minecraft/profile for uuid: 473099f1-140e-4083-aad3-4b55ba00edb0
[17-Mar-2025 00:14:36 Europe/Moscow] Response prepared: {"id":"473099f1-140e-4083-aad3-4b55ba00edb0","name":"_CyberDemon_","properties":[{"name":"textures","value":"eyJ0aW1lc3RhbXAiOjE3NDIxNTk2NzYsInByb2ZpbGVJZCI6IjQ3MzA5OWYxLTE0MGUtNDA4My1hYWQzLTRiNTViYTAwZWRiMCIsInByb2ZpbGVOYW1lIjoiX0N5YmVyRGVtb25fIiwidGV4dHVyZXMiOnsiU0tJTiI6eyJ1cmwiOiJodHRwczpcL1wvcHJvamVjdC1lY2hvLnJ1XC9za2luc1wvZGVmYXVsdC5wbmcifX19","signature":"tnf0Oj5gaFxOFn1yUoQ5mmrnNphUbFJS7b4cvYhqCsc6J+miZ6xxS8IohUo0hfmpoJ4+4XQ\/14CTsrpKuYsc+Mi\/dwgaFEJ6GIToDu54HjJK4xoud30l4hZZQtTcEgBcw0BsMCon7Y05l2XMOr0rjrQmmLoxf5B3QpBgI8kgsNIEtOEWCQAB6nXXQ0v21Pi1CkQpHTVwPJjYG\/g8RcNCCiAsxBHcnomHlL+3F0\/Pt8A\/xuZmK7QnN8ZU+PX\/QDHYsCe7ihGiFXlTzqxhP0ORTEMr4SKD7q6kaEdZ5ns71xP98SGCQYMXrRtkukkFUbheZyQtdKIG9xkzc+zY+McVrQ=="}],"publicKey":{"key":"MIIBIjANBgkqhkiG9w0BAQEFAAOCAQ8AMIIBCgKCAQEAw5Fu8JeorNSVXs8a2RNPtWb8vtn65ay7CXgdQ6rA9PReJMYONc\/RCwe272LXlNbrR\/ns7dkKncPySpGXXmZjApLzZktaB3hWObZGAmTOFF4dCAWi9oyRrJ4LivLBd5EODY4LTyKrmUUqS28xUCGfgzh92AsXbxZimahwAscp089etqXCzBvCyNkQe9UfbnzZzTPSsOiBdYlOgLEGkscfXYYkIA\/KdFQsuPp3z4Vj3bwPoeBAVnpHqNiaSdPq840k4iUKEdMxJHMclt8CJXZbr7jqv4RfeoOT+ypkSNckIRkD2QmBf4pPSzI3Qhag2MpS\/FTCMuvCya9Tvp6ckOdEKwIDAQAB","signature":"QdaSf4nTy7JCtnfCFcFB7ISk\/OFEcRFDiKYeDrqviPRWQDiRBtAwXPxihB\/GY9CcwCrp7ppe7gXOc2iRXuwWQRr9E55JwgyG\/20IVXGB+gfooA03e69RHz914XURzulGcY4jWojckDbFAK1AjsmO7q4zyngXnPO6Rguzy2QuRrPFayO3ioN8CDwpV0XHO\/jC4T9H5DnbzuxlC2z2RoJAfRoi72lOcSzFAwrE+A1cBHzfP8sOf7IN9ZUJTvZj0F6XeksueMrl07HVGDBgql3WWF+\/PYWC1M\/67XpnB0DlBdY3KfaAB1pFDPqkp2XShT30+IJjk6A68TjvfsfIj7abaQ=="}}
[17-Mar-2025 00:15:06 Europe/Moscow] Script loaded at: 2025-03-17 00:15:06
[17-Mar-2025 00:15:06 Europe/Moscow] Request Method: POST
[17-Mar-2025 00:15:06 Europe/Moscow] Request URI: /api/yggdrasil.php/validate
[17-Mar-2025 00:15:06 Europe/Moscow] Parsed URI: Array
(
    [0] => api
    [1] => yggdrasil.php
    [2] => validate
)

[17-Mar-2025 00:27:11 Europe/Moscow] Script loaded at: 2025-03-17 00:27:11
[17-Mar-2025 00:27:11 Europe/Moscow] Request Method: POST
[17-Mar-2025 00:27:11 Europe/Moscow] Request URI: /api/yggdrasil.php/validate
[17-Mar-2025 00:27:11 Europe/Moscow] Parsed URI: Array
(
    [0] => api
    [1] => yggdrasil.php
    [2] => validate
)

[17-Mar-2025 00:27:25 Europe/Moscow] Script loaded at: 2025-03-17 00:27:25
[17-Mar-2025 00:27:25 Europe/Moscow] Request Method: GET
[17-Mar-2025 00:27:25 Europe/Moscow] Request URI: /api/yggdrasil.php/publickeys
[17-Mar-2025 00:27:25 Europe/Moscow] Parsed URI: Array
(
    [0] => api
    [1] => yggdrasil.php
    [2] => publickeys
)

[17-Mar-2025 00:27:25 Europe/Moscow] Handling /publickeys request
[17-Mar-2025 00:27:25 Europe/Moscow] Public keys response prepared: {"profilePropertyKeys":[{"publicKey":"MIIBIjANBgkqhkiG9w0BAQEFAAOCAQ8AMIIBCgKCAQEAw5Fu8JeorNSVXs8a2RNPtWb8vtn65ay7CXgdQ6rA9PReJMYONc\/RCwe272LXlNbrR\/ns7dkKncPySpGXXmZjApLzZktaB3hWObZGAmTOFF4dCAWi9oyRrJ4LivLBd5EODY4LTyKrmUUqS28xUCGfgzh92AsXbxZimahwAscp089etqXCzBvCyNkQe9UfbnzZzTPSsOiBdYlOgLEGkscfXYYkIA\/KdFQsuPp3z4Vj3bwPoeBAVnpHqNiaSdPq840k4iUKEdMxJHMclt8CJXZbr7jqv4RfeoOT+ypkSNckIRkD2QmBf4pPSzI3Qhag2MpS\/FTCMuvCya9Tvp6ckOdEKwIDAQAB","signature":"QdaSf4nTy7JCtnfCFcFB7ISk\/OFEcRFDiKYeDrqviPRWQDiRBtAwXPxihB\/GY9CcwCrp7ppe7gXOc2iRXuwWQRr9E55JwgyG\/20IVXGB+gfooA03e69RHz914XURzulGcY4jWojckDbFAK1AjsmO7q4zyngXnPO6Rguzy2QuRrPFayO3ioN8CDwpV0XHO\/jC4T9H5DnbzuxlC2z2RoJAfRoi72lOcSzFAwrE+A1cBHzfP8sOf7IN9ZUJTvZj0F6XeksueMrl07HVGDBgql3WWF+\/PYWC1M\/67XpnB0DlBdY3KfaAB1pFDPqkp2XShT30+IJjk6A68TjvfsfIj7abaQ=="}]}
[17-Mar-2025 00:27:25 Europe/Moscow] Script loaded at: 2025-03-17 00:27:25
[17-Mar-2025 00:27:25 Europe/Moscow] Request Method: GET
[17-Mar-2025 00:27:25 Europe/Moscow] Request URI: /api/yggdrasil.php/session/minecraft/profile/473099f1140e4083aad34b55ba00edb0?unsigned=false
[17-Mar-2025 00:27:25 Europe/Moscow] Parsed URI: Array
(
    [0] => api
    [1] => yggdrasil.php
    [2] => session
    [3] => minecraft
    [4] => profile
    [5] => 473099f1140e4083aad34b55ba00edb0
)

[17-Mar-2025 00:27:25 Europe/Moscow] Handling /session/minecraft/profile for uuid: 473099f1-140e-4083-aad3-4b55ba00edb0
[17-Mar-2025 00:27:25 Europe/Moscow] Response prepared: {"id":"473099f1-140e-4083-aad3-4b55ba00edb0","name":"_CyberDemon_","properties":[{"name":"textures","value":"eyJ0aW1lc3RhbXAiOjE3NDIxNjA0NDUsInByb2ZpbGVJZCI6IjQ3MzA5OWYxLTE0MGUtNDA4My1hYWQzLTRiNTViYTAwZWRiMCIsInByb2ZpbGVOYW1lIjoiX0N5YmVyRGVtb25fIiwidGV4dHVyZXMiOnsiU0tJTiI6eyJ1cmwiOiJodHRwczpcL1wvcHJvamVjdC1lY2hvLnJ1XC9za2luc1wvZGVmYXVsdC5wbmcifX19","signature":"XsgBnQSQ+CZ8rXGmu5ufTtlos+PyfgzLsg5ajvwPo+slBw7VxCD9KAY\/p2Q\/+N7v1qpWxC0R7P9\/QPGPboAugsYnUvhzSamoiWAEJ930qeQNKtTVtzqmJoD2dN9cZaBTjJOaRK8PFAwvXH4DEMma6ZKSILdD\/z8c9YPMHxDXANYZAUJ5awix5Or+larF\/qSqeS39Szes25EfrmnUmfW2HeRJ9CUsLVxEYxd535GZ6OxPfzUfRcYdLzYyMhaDcE\/M8wkKibofbNybmTdn2xLRraX0LqxHFgTohjnf4\/0jzzRE2Oswyx8LqV3Vh9j\/Sm3\/kPIAbeQyIzCJXmlBOs18gg=="}],"publicKey":{"key":"MIIBIjANBgkqhkiG9w0BAQEFAAOCAQ8AMIIBCgKCAQEAw5Fu8JeorNSVXs8a2RNPtWb8vtn65ay7CXgdQ6rA9PReJMYONc\/RCwe272LXlNbrR\/ns7dkKncPySpGXXmZjApLzZktaB3hWObZGAmTOFF4dCAWi9oyRrJ4LivLBd5EODY4LTyKrmUUqS28xUCGfgzh92AsXbxZimahwAscp089etqXCzBvCyNkQe9UfbnzZzTPSsOiBdYlOgLEGkscfXYYkIA\/KdFQsuPp3z4Vj3bwPoeBAVnpHqNiaSdPq840k4iUKEdMxJHMclt8CJXZbr7jqv4RfeoOT+ypkSNckIRkD2QmBf4pPSzI3Qhag2MpS\/FTCMuvCya9Tvp6ckOdEKwIDAQAB","signature":"QdaSf4nTy7JCtnfCFcFB7ISk\/OFEcRFDiKYeDrqviPRWQDiRBtAwXPxihB\/GY9CcwCrp7ppe7gXOc2iRXuwWQRr9E55JwgyG\/20IVXGB+gfooA03e69RHz914XURzulGcY4jWojckDbFAK1AjsmO7q4zyngXnPO6Rguzy2QuRrPFayO3ioN8CDwpV0XHO\/jC4T9H5DnbzuxlC2z2RoJAfRoi72lOcSzFAwrE+A1cBHzfP8sOf7IN9ZUJTvZj0F6XeksueMrl07HVGDBgql3WWF+\/PYWC1M\/67XpnB0DlBdY3KfaAB1pFDPqkp2XShT30+IJjk6A68TjvfsfIj7abaQ=="}}
[17-Mar-2025 00:29:14 Europe/Moscow] Script loaded at: 2025-03-17 00:29:14
[17-Mar-2025 00:29:14 Europe/Moscow] Request Method: POST
[17-Mar-2025 00:29:14 Europe/Moscow] Request URI: /api/yggdrasil.php/validate
[17-Mar-2025 00:29:14 Europe/Moscow] Parsed URI: Array
(
    [0] => api
    [1] => yggdrasil.php
    [2] => validate
)

[17-Mar-2025 00:29:28 Europe/Moscow] Script loaded at: 2025-03-17 00:29:28
[17-Mar-2025 00:29:28 Europe/Moscow] Request Method: GET
[17-Mar-2025 00:29:28 Europe/Moscow] Request URI: /api/yggdrasil.php/publickeys
[17-Mar-2025 00:29:28 Europe/Moscow] Parsed URI: Array
(
    [0] => api
    [1] => yggdrasil.php
    [2] => publickeys
)

[17-Mar-2025 00:29:28 Europe/Moscow] Handling /publickeys request
[17-Mar-2025 00:29:28 Europe/Moscow] Public keys response prepared: {"profilePropertyKeys":[{"publicKey":"MIIBIjANBgkqhkiG9w0BAQEFAAOCAQ8AMIIBCgKCAQEAw5Fu8JeorNSVXs8a2RNPtWb8vtn65ay7CXgdQ6rA9PReJMYONc\/RCwe272LXlNbrR\/ns7dkKncPySpGXXmZjApLzZktaB3hWObZGAmTOFF4dCAWi9oyRrJ4LivLBd5EODY4LTyKrmUUqS28xUCGfgzh92AsXbxZimahwAscp089etqXCzBvCyNkQe9UfbnzZzTPSsOiBdYlOgLEGkscfXYYkIA\/KdFQsuPp3z4Vj3bwPoeBAVnpHqNiaSdPq840k4iUKEdMxJHMclt8CJXZbr7jqv4RfeoOT+ypkSNckIRkD2QmBf4pPSzI3Qhag2MpS\/FTCMuvCya9Tvp6ckOdEKwIDAQAB","signature":"QdaSf4nTy7JCtnfCFcFB7ISk\/OFEcRFDiKYeDrqviPRWQDiRBtAwXPxihB\/GY9CcwCrp7ppe7gXOc2iRXuwWQRr9E55JwgyG\/20IVXGB+gfooA03e69RHz914XURzulGcY4jWojckDbFAK1AjsmO7q4zyngXnPO6Rguzy2QuRrPFayO3ioN8CDwpV0XHO\/jC4T9H5DnbzuxlC2z2RoJAfRoi72lOcSzFAwrE+A1cBHzfP8sOf7IN9ZUJTvZj0F6XeksueMrl07HVGDBgql3WWF+\/PYWC1M\/67XpnB0DlBdY3KfaAB1pFDPqkp2XShT30+IJjk6A68TjvfsfIj7abaQ=="}]}
[17-Mar-2025 00:29:28 Europe/Moscow] Script loaded at: 2025-03-17 00:29:28
[17-Mar-2025 00:29:28 Europe/Moscow] Request Method: GET
[17-Mar-2025 00:29:28 Europe/Moscow] Request URI: /api/yggdrasil.php/session/minecraft/profile/473099f1140e4083aad34b55ba00edb0?unsigned=false
[17-Mar-2025 00:29:28 Europe/Moscow] Parsed URI: Array
(
    [0] => api
    [1] => yggdrasil.php
    [2] => session
    [3] => minecraft
    [4] => profile
    [5] => 473099f1140e4083aad34b55ba00edb0
)

[17-Mar-2025 00:29:28 Europe/Moscow] Handling /session/minecraft/profile for uuid: 473099f1-140e-4083-aad3-4b55ba00edb0
[17-Mar-2025 00:29:28 Europe/Moscow] Response prepared: {"id":"473099f1-140e-4083-aad3-4b55ba00edb0","name":"_CyberDemon_","properties":[{"name":"textures","value":"eyJ0aW1lc3RhbXAiOjE3NDIxNjA1NjgsInByb2ZpbGVJZCI6IjQ3MzA5OWYxLTE0MGUtNDA4My1hYWQzLTRiNTViYTAwZWRiMCIsInByb2ZpbGVOYW1lIjoiX0N5YmVyRGVtb25fIiwidGV4dHVyZXMiOnsiU0tJTiI6eyJ1cmwiOiJodHRwczpcL1wvcHJvamVjdC1lY2hvLnJ1XC9za2luc1wvZGVmYXVsdC5wbmcifX19","signature":"a3MtciqPfZHR1154n7Ha6miX8Qn08BO1oaEs+YByOOXyOppxoXfaasZ4qbpyHDtHrbIjcvZENoRgnGL9HXnP8TQgCyCMstf1FImh3LfAWM4tKnfTtVJyaGAmPpZYinzRiHCmMBPFsbebfvwd+wLMqTPxVez+b4yItfa9\/1cjJSCaknzJX4ejVkwt0lHiVqHZPbyM+Xev+c\/v2poo9MnQxcNI2NtO8R8e\/G7I9BBrAitFnswcEb47kU\/+6gBY5im6rqJwv0gcZVNDtF9yblDGU+sXiVcC8aENiaQoekWZz8tL1x7XyRVDVAtCRyWuFVv5WtDtJ9RQyI6sdzT5mWO1Lg=="}],"publicKey":{"key":"MIIBIjANBgkqhkiG9w0BAQEFAAOCAQ8AMIIBCgKCAQEAw5Fu8JeorNSVXs8a2RNPtWb8vtn65ay7CXgdQ6rA9PReJMYONc\/RCwe272LXlNbrR\/ns7dkKncPySpGXXmZjApLzZktaB3hWObZGAmTOFF4dCAWi9oyRrJ4LivLBd5EODY4LTyKrmUUqS28xUCGfgzh92AsXbxZimahwAscp089etqXCzBvCyNkQe9UfbnzZzTPSsOiBdYlOgLEGkscfXYYkIA\/KdFQsuPp3z4Vj3bwPoeBAVnpHqNiaSdPq840k4iUKEdMxJHMclt8CJXZbr7jqv4RfeoOT+ypkSNckIRkD2QmBf4pPSzI3Qhag2MpS\/FTCMuvCya9Tvp6ckOdEKwIDAQAB","signature":"QdaSf4nTy7JCtnfCFcFB7ISk\/OFEcRFDiKYeDrqviPRWQDiRBtAwXPxihB\/GY9CcwCrp7ppe7gXOc2iRXuwWQRr9E55JwgyG\/20IVXGB+gfooA03e69RHz914XURzulGcY4jWojckDbFAK1AjsmO7q4zyngXnPO6Rguzy2QuRrPFayO3ioN8CDwpV0XHO\/jC4T9H5DnbzuxlC2z2RoJAfRoi72lOcSzFAwrE+A1cBHzfP8sOf7IN9ZUJTvZj0F6XeksueMrl07HVGDBgql3WWF+\/PYWC1M\/67XpnB0DlBdY3KfaAB1pFDPqkp2XShT30+IJjk6A68TjvfsfIj7abaQ=="}}
[17-Mar-2025 00:31:26 Europe/Moscow] Script loaded at: 2025-03-17 00:31:26
[17-Mar-2025 00:31:26 Europe/Moscow] Request Method: POST
[17-Mar-2025 00:31:26 Europe/Moscow] Request URI: /api/yggdrasil.php/validate
[17-Mar-2025 00:31:26 Europe/Moscow] Parsed URI: Array
(
    [0] => api
    [1] => yggdrasil.php
    [2] => validate
)

[17-Mar-2025 01:20:01 Europe/Moscow] Script loaded at: 2025-03-17 01:20:01
[17-Mar-2025 01:20:01 Europe/Moscow] Request Method: POST
[17-Mar-2025 01:20:01 Europe/Moscow] Request URI: /api/yggdrasil.php/validate
[17-Mar-2025 01:20:01 Europe/Moscow] Parsed URI: Array
(
    [0] => api
    [1] => yggdrasil.php
    [2] => validate
)

[17-Mar-2025 01:20:18 Europe/Moscow] Script loaded at: 2025-03-17 01:20:18
[17-Mar-2025 01:20:18 Europe/Moscow] Request Method: GET
[17-Mar-2025 01:20:18 Europe/Moscow] Request URI: /api/yggdrasil.php/session/minecraft/profile/473099f1140e4083aad34b55ba00edb0?unsigned=false
[17-Mar-2025 01:20:18 Europe/Moscow] Parsed URI: Array
(
    [0] => api
    [1] => yggdrasil.php
    [2] => session
    [3] => minecraft
    [4] => profile
    [5] => 473099f1140e4083aad34b55ba00edb0
)

[17-Mar-2025 01:20:18 Europe/Moscow] Handling /session/minecraft/profile for uuid: 473099f1-140e-4083-aad3-4b55ba00edb0
[17-Mar-2025 01:20:18 Europe/Moscow] Response prepared: {"id":"473099f1-140e-4083-aad3-4b55ba00edb0","name":"_CyberDemon_","properties":[{"name":"textures","value":"eyJ0aW1lc3RhbXAiOjE3NDIxNjM2MTgsInByb2ZpbGVJZCI6IjQ3MzA5OWYxLTE0MGUtNDA4My1hYWQzLTRiNTViYTAwZWRiMCIsInByb2ZpbGVOYW1lIjoiX0N5YmVyRGVtb25fIiwidGV4dHVyZXMiOnsiU0tJTiI6eyJ1cmwiOiJodHRwczpcL1wvcHJvamVjdC1lY2hvLnJ1XC9za2luc1wvZGVmYXVsdC5wbmcifX19","signature":"iVnn0ueRxDL8\/YvJ8KYuq7UzL1zggDpc\/Au7lSUgqYSMk\/KOUru1cOcTmRXKhGKOF7Al0crdwncj1pmzPsHB8oDuAkxDf5TA06FdnMHNUN4NGwIOp0dtXBTg3+jUi6j+Kb+klPOjdXF+vh16NPgy7WqeRaNQWDlYt5FHEu1i2w3jv7ZqK7b6B4pi9mkdjpRQMoFd64PCj5KBjlHgucY3d8fJwDTT+9Gc\/P2aHSGPJipGi7Vr4ENylmxaMcDJR3ubJTAFntKFrIDijXOCHRZQELAs8XMXVxDm1ceH1VT8jnV6baMnAuB5EOwn80gRdjhFPJ8rYLXwMnL9AU8UrWWBxA=="}],"publicKey":{"key":"MIIBIjANBgkqhkiG9w0BAQEFAAOCAQ8AMIIBCgKCAQEAw5Fu8JeorNSVXs8a2RNPtWb8vtn65ay7CXgdQ6rA9PReJMYONc\/RCwe272LXlNbrR\/ns7dkKncPySpGXXmZjApLzZktaB3hWObZGAmTOFF4dCAWi9oyRrJ4LivLBd5EODY4LTyKrmUUqS28xUCGfgzh92AsXbxZimahwAscp089etqXCzBvCyNkQe9UfbnzZzTPSsOiBdYlOgLEGkscfXYYkIA\/KdFQsuPp3z4Vj3bwPoeBAVnpHqNiaSdPq840k4iUKEdMxJHMclt8CJXZbr7jqv4RfeoOT+ypkSNckIRkD2QmBf4pPSzI3Qhag2MpS\/FTCMuvCya9Tvp6ckOdEKwIDAQAB","signature":"QdaSf4nTy7JCtnfCFcFB7ISk\/OFEcRFDiKYeDrqviPRWQDiRBtAwXPxihB\/GY9CcwCrp7ppe7gXOc2iRXuwWQRr9E55JwgyG\/20IVXGB+gfooA03e69RHz914XURzulGcY4jWojckDbFAK1AjsmO7q4zyngXnPO6Rguzy2QuRrPFayO3ioN8CDwpV0XHO\/jC4T9H5DnbzuxlC2z2RoJAfRoi72lOcSzFAwrE+A1cBHzfP8sOf7IN9ZUJTvZj0F6XeksueMrl07HVGDBgql3WWF+\/PYWC1M\/67XpnB0DlBdY3KfaAB1pFDPqkp2XShT30+IJjk6A68TjvfsfIj7abaQ=="}}
[17-Mar-2025 01:20:18 Europe/Moscow] Script loaded at: 2025-03-17 01:20:18
[17-Mar-2025 01:20:18 Europe/Moscow] Request Method: GET
[17-Mar-2025 01:20:18 Europe/Moscow] Request URI: /api/yggdrasil.php/publickeys
[17-Mar-2025 01:20:18 Europe/Moscow] Parsed URI: Array
(
    [0] => api
    [1] => yggdrasil.php
    [2] => publickeys
)

[17-Mar-2025 01:20:18 Europe/Moscow] Handling /publickeys request
[17-Mar-2025 01:20:18 Europe/Moscow] Public keys response prepared: {"profilePropertyKeys":[{"publicKey":"MIIBIjANBgkqhkiG9w0BAQEFAAOCAQ8AMIIBCgKCAQEAw5Fu8JeorNSVXs8a2RNPtWb8vtn65ay7CXgdQ6rA9PReJMYONc\/RCwe272LXlNbrR\/ns7dkKncPySpGXXmZjApLzZktaB3hWObZGAmTOFF4dCAWi9oyRrJ4LivLBd5EODY4LTyKrmUUqS28xUCGfgzh92AsXbxZimahwAscp089etqXCzBvCyNkQe9UfbnzZzTPSsOiBdYlOgLEGkscfXYYkIA\/KdFQsuPp3z4Vj3bwPoeBAVnpHqNiaSdPq840k4iUKEdMxJHMclt8CJXZbr7jqv4RfeoOT+ypkSNckIRkD2QmBf4pPSzI3Qhag2MpS\/FTCMuvCya9Tvp6ckOdEKwIDAQAB","signature":"QdaSf4nTy7JCtnfCFcFB7ISk\/OFEcRFDiKYeDrqviPRWQDiRBtAwXPxihB\/GY9CcwCrp7ppe7gXOc2iRXuwWQRr9E55JwgyG\/20IVXGB+gfooA03e69RHz914XURzulGcY4jWojckDbFAK1AjsmO7q4zyngXnPO6Rguzy2QuRrPFayO3ioN8CDwpV0XHO\/jC4T9H5DnbzuxlC2z2RoJAfRoi72lOcSzFAwrE+A1cBHzfP8sOf7IN9ZUJTvZj0F6XeksueMrl07HVGDBgql3WWF+\/PYWC1M\/67XpnB0DlBdY3KfaAB1pFDPqkp2XShT30+IJjk6A68TjvfsfIj7abaQ=="}]}
[17-Mar-2025 01:21:05 Europe/Moscow] Script loaded at: 2025-03-17 01:21:05
[17-Mar-2025 01:21:05 Europe/Moscow] Request Method: POST
[17-Mar-2025 01:21:05 Europe/Moscow] Request URI: /api/yggdrasil.php/validate
[17-Mar-2025 01:21:05 Europe/Moscow] Parsed URI: Array
(
    [0] => api
    [1] => yggdrasil.php
    [2] => validate
)

[17-Mar-2025 01:28:34 Europe/Moscow] Script loaded at: 2025-03-17 01:28:34
[17-Mar-2025 01:28:34 Europe/Moscow] Request Method: POST
[17-Mar-2025 01:28:34 Europe/Moscow] Request URI: /api/yggdrasil.php/validate
[17-Mar-2025 01:28:34 Europe/Moscow] Parsed URI: Array
(
    [0] => api
    [1] => yggdrasil.php
    [2] => validate
)

[17-Mar-2025 01:28:51 Europe/Moscow] Script loaded at: 2025-03-17 01:28:51
[17-Mar-2025 01:28:51 Europe/Moscow] Request Method: GET
[17-Mar-2025 01:28:51 Europe/Moscow] Request URI: /api/yggdrasil.php/session/minecraft/profile/473099f1140e4083aad34b55ba00edb0?unsigned=false
[17-Mar-2025 01:28:51 Europe/Moscow] Parsed URI: Array
(
    [0] => api
    [1] => yggdrasil.php
    [2] => session
    [3] => minecraft
    [4] => profile
    [5] => 473099f1140e4083aad34b55ba00edb0
)

[17-Mar-2025 01:28:51 Europe/Moscow] Handling /session/minecraft/profile for uuid: 473099f1-140e-4083-aad3-4b55ba00edb0
[17-Mar-2025 01:28:51 Europe/Moscow] Response prepared: {"id":"473099f1-140e-4083-aad3-4b55ba00edb0","name":"_CyberDemon_","properties":[{"name":"textures","value":"eyJ0aW1lc3RhbXAiOjE3NDIxNjQxMzEsInByb2ZpbGVJZCI6IjQ3MzA5OWYxLTE0MGUtNDA4My1hYWQzLTRiNTViYTAwZWRiMCIsInByb2ZpbGVOYW1lIjoiX0N5YmVyRGVtb25fIiwidGV4dHVyZXMiOnsiU0tJTiI6eyJ1cmwiOiJodHRwczpcL1wvcHJvamVjdC1lY2hvLnJ1XC9za2luc1wvZGVmYXVsdC5wbmcifX19","signature":"cDSAKa0nsPiCuY15XoHCSvwKcpcTJDzT5d\/C9yTJm0Fv\/DnWYRzcmtuGwuAnguul0Uf+\/HIV2lSxOX+blnxkcltejWn7gFSH+DcrYgbwKX1RiFlb+HJTxXBXNK4ZbmFKV6IOhvIAYXWzBxPGKsLB7TMyt9cmOTBwhJlqjzXAz6jZcf\/z8I+qlCcxXx3GWzlTrrr+CE967f7dB4A6UOY\/K0GPAOfn0Bdf4VpoZVQyft9JjLatmFcn2XuqRfHgL3v0B9LE4Mn5Lw0UAQ7WlmJSPUWpl1s6vH83qz0Sp3SrFPnSNt1R76sGAJKlN+TRlpprX\/IkUrcUdDk7SSt1Vo7bQw=="}],"publicKey":{"key":"MIIBIjANBgkqhkiG9w0BAQEFAAOCAQ8AMIIBCgKCAQEAw5Fu8JeorNSVXs8a2RNPtWb8vtn65ay7CXgdQ6rA9PReJMYONc\/RCwe272LXlNbrR\/ns7dkKncPySpGXXmZjApLzZktaB3hWObZGAmTOFF4dCAWi9oyRrJ4LivLBd5EODY4LTyKrmUUqS28xUCGfgzh92AsXbxZimahwAscp089etqXCzBvCyNkQe9UfbnzZzTPSsOiBdYlOgLEGkscfXYYkIA\/KdFQsuPp3z4Vj3bwPoeBAVnpHqNiaSdPq840k4iUKEdMxJHMclt8CJXZbr7jqv4RfeoOT+ypkSNckIRkD2QmBf4pPSzI3Qhag2MpS\/FTCMuvCya9Tvp6ckOdEKwIDAQAB","signature":"QdaSf4nTy7JCtnfCFcFB7ISk\/OFEcRFDiKYeDrqviPRWQDiRBtAwXPxihB\/GY9CcwCrp7ppe7gXOc2iRXuwWQRr9E55JwgyG\/20IVXGB+gfooA03e69RHz914XURzulGcY4jWojckDbFAK1AjsmO7q4zyngXnPO6Rguzy2QuRrPFayO3ioN8CDwpV0XHO\/jC4T9H5DnbzuxlC2z2RoJAfRoi72lOcSzFAwrE+A1cBHzfP8sOf7IN9ZUJTvZj0F6XeksueMrl07HVGDBgql3WWF+\/PYWC1M\/67XpnB0DlBdY3KfaAB1pFDPqkp2XShT30+IJjk6A68TjvfsfIj7abaQ=="}}
[17-Mar-2025 01:28:51 Europe/Moscow] Script loaded at: 2025-03-17 01:28:51
[17-Mar-2025 01:28:51 Europe/Moscow] Request Method: GET
[17-Mar-2025 01:28:51 Europe/Moscow] Request URI: /api/yggdrasil.php/publickeys
[17-Mar-2025 01:28:51 Europe/Moscow] Parsed URI: Array
(
    [0] => api
    [1] => yggdrasil.php
    [2] => publickeys
)

[17-Mar-2025 01:28:51 Europe/Moscow] Handling /publickeys request
[17-Mar-2025 01:28:51 Europe/Moscow] Public keys response prepared: {"profilePropertyKeys":[{"publicKey":"MIIBIjANBgkqhkiG9w0BAQEFAAOCAQ8AMIIBCgKCAQEAw5Fu8JeorNSVXs8a2RNPtWb8vtn65ay7CXgdQ6rA9PReJMYONc\/RCwe272LXlNbrR\/ns7dkKncPySpGXXmZjApLzZktaB3hWObZGAmTOFF4dCAWi9oyRrJ4LivLBd5EODY4LTyKrmUUqS28xUCGfgzh92AsXbxZimahwAscp089etqXCzBvCyNkQe9UfbnzZzTPSsOiBdYlOgLEGkscfXYYkIA\/KdFQsuPp3z4Vj3bwPoeBAVnpHqNiaSdPq840k4iUKEdMxJHMclt8CJXZbr7jqv4RfeoOT+ypkSNckIRkD2QmBf4pPSzI3Qhag2MpS\/FTCMuvCya9Tvp6ckOdEKwIDAQAB","signature":"QdaSf4nTy7JCtnfCFcFB7ISk\/OFEcRFDiKYeDrqviPRWQDiRBtAwXPxihB\/GY9CcwCrp7ppe7gXOc2iRXuwWQRr9E55JwgyG\/20IVXGB+gfooA03e69RHz914XURzulGcY4jWojckDbFAK1AjsmO7q4zyngXnPO6Rguzy2QuRrPFayO3ioN8CDwpV0XHO\/jC4T9H5DnbzuxlC2z2RoJAfRoi72lOcSzFAwrE+A1cBHzfP8sOf7IN9ZUJTvZj0F6XeksueMrl07HVGDBgql3WWF+\/PYWC1M\/67XpnB0DlBdY3KfaAB1pFDPqkp2XShT30+IJjk6A68TjvfsfIj7abaQ=="}]}
[17-Mar-2025 20:53:25 Europe/Moscow] Script loaded at: 2025-03-17 20:53:25
[17-Mar-2025 20:53:25 Europe/Moscow] Request Method: GET
[17-Mar-2025 20:53:25 Europe/Moscow] Request URI: /api/yggdrasil.php
[17-Mar-2025 20:53:25 Europe/Moscow] Parsed URI: Array
(
    [0] => api
    [1] => yggdrasil.php
)

[20-Mar-2025 17:13:29 Europe/Moscow] Script loaded at: 2025-03-20 17:13:29
[20-Mar-2025 17:13:29 Europe/Moscow] Request Method: GET
[20-Mar-2025 17:13:29 Europe/Moscow] Request URI: /api/yggdrasil.php
[20-Mar-2025 17:13:29 Europe/Moscow] Parsed URI: Array
(
    [0] => api
    [1] => yggdrasil.php
)

